2023-07-17 06:16:06 +0000  Initial pipeline context: <IDEDistributionProcessingPipelineContext: 0x7f87c416da50; archive(resolved)="<IDEArchive: 0x60001d04daa0>", distributionTask(resolved)="2", distributionDestination(resolved)="1", distributionMethod(resolved)="<IDEDistributionMethodiOSAdHoc: 0x60000f6e88c0>", team(resolved)="<IDEProvisioningDisambiguatableBasicTeam: 0x600002814c80; teamID='F6G9374LLZ', teamName='ABSERVETECH PRIVATE LIMITED', teamType='Company', username='appleios@abserve.tech', isFreeProvisioningTeam='0'>">
	Chain (14, self inclusive):
	<IDEDistributionProcessingPipelineContext: 0x7f87c416da50; archive = "<IDEArchive: 0x60001d04daa0>", distributionMethod="<IDEDistributionMethodiOSAdHoc: 0x60000f6e88c0>", team="<IDEProvisioningDisambiguatableBasicTeam: 0x600002814c80; teamID='F6G9374LLZ', teamName='ABSERVETECH PRIVATE LIMITED', teamType='Company', username='appleios@abserve.tech', isFreeProvisioningTeam='0'>">
	<IDEDistributionProcessingPipelineContext: 0x7f87cbc755e0; archive = "<IDEArchive: 0x60001d04daa0>", distributionMethod="<IDEDistributionMethodiOSAdHoc: 0x60000f6e88c0>", team="<IDEProvisioningDisambiguatableBasicTeam: 0x600002814c80; teamID='F6G9374LLZ', teamName='ABSERVETECH PRIVATE LIMITED', teamType='Company', username='appleios@abserve.tech', isFreeProvisioningTeam='0'>">
	<IDEDistributionContext: 0x7f87da2efb70; archive = "<IDEArchive: 0x60001d04daa0>", distributionMethod="<IDEDistributionMethodiOSAdHoc: 0x60000f6e88c0>", team="<IDEProvisioningDisambiguatableBasicTeam: 0x600002814c80; teamID='F6G9374LLZ', teamName='ABSERVETECH PRIVATE LIMITED', teamType='Company', username='appleios@abserve.tech', isFreeProvisioningTeam='0'>">
	<IDEDistributionContext: 0x7f87ceb16900; archive = "<IDEArchive: 0x60001d04daa0>", distributionMethod="<IDEDistributionMethodiOSAdHoc: 0x60000f6e88c0>", team="<IDEProvisioningDisambiguatableBasicTeam: 0x600002814c80; teamID='F6G9374LLZ', teamName='ABSERVETECH PRIVATE LIMITED', teamType='Company', username='appleios@abserve.tech', isFreeProvisioningTeam='0'>">
	<IDEDistributionContext: 0x7f87d614cd60; archive = "<IDEArchive: 0x60001d04daa0>", distributionMethod="<IDEDistributionMethodiOSAdHoc: 0x60000f6e88c0>", team="<IDEProvisioningDisambiguatableBasicTeam: 0x600002814c80; teamID='F6G9374LLZ', teamName='ABSERVETECH PRIVATE LIMITED', teamType='Company', username='appleios@abserve.tech', isFreeProvisioningTeam='0'>">
	<IDEDistributionContext: 0x7f87c02c78f0; archive = "<IDEArchive: 0x60001d04daa0>", distributionMethod="<IDEDistributionMethodiOSAdHoc: 0x60000f6e88c0>", team="<IDEProvisioningDisambiguatableBasicTeam: 0x600002814c80; teamID='F6G9374LLZ', teamName='ABSERVETECH PRIVATE LIMITED', teamType='Company', username='appleios@abserve.tech', isFreeProvisioningTeam='0'>">
	<IDEDistributionContext: 0x7f87d6158920; archive = "<IDEArchive: 0x60001d04daa0>", distributionMethod="<IDEDistributionMethodiOSAdHoc: 0x60000f6e88c0>", team="<IDEProvisioningDisambiguatableBasicTeam: 0x600002814c80; teamID='F6G9374LLZ', teamName='ABSERVETECH PRIVATE LIMITED', teamType='Company', username='appleios@abserve.tech', isFreeProvisioningTeam='0'>">
	<IDEDistributionContext: 0x7f87c3a06af0; archive = "<IDEArchive: 0x60001d04daa0>", distributionMethod="<IDEDistributionMethodiOSAdHoc: 0x60000f6e88c0>", team="<IDEProvisioningDisambiguatableBasicTeam: 0x600002814c80; teamID='F6G9374LLZ', teamName='ABSERVETECH PRIVATE LIMITED', teamType='Company', username='appleios@abserve.tech', isFreeProvisioningTeam='0'>">
	<IDEDistributionContext: 0x7f87c419e260; archive = "<IDEArchive: 0x60001d04daa0>", distributionMethod="<IDEDistributionMethodiOSAdHoc: 0x60000f6e88c0>", team="<IDEProvisioningDisambiguatableBasicTeam: 0x600002814c80; teamID='F6G9374LLZ', teamName='ABSERVETECH PRIVATE LIMITED', teamType='Company', username='appleios@abserve.tech', isFreeProvisioningTeam='0'>">
	<IDEDistributionContext: 0x7f87da083900; archive = "<IDEArchive: 0x60001d04daa0>", distributionMethod="<IDEDistributionMethodiOSAdHoc: 0x60000f6e88c0>", team="(null)">
	<IDEDistributionContext: 0x7f87d6237320; archive = "<IDEArchive: 0x60001d04daa0>", distributionMethod="<IDEDistributionMethodiOSAdHoc: 0x60000f6e88c0>", team="(null)">
	<IDEDistributionContext: 0x7f87ce8d6250; archive = "<IDEArchive: 0x60001d04daa0>", distributionMethod="<IDEDistributionMethodiOSAdHoc: 0x60000f6e88c0>", team="(null)">
	<IDEDistributionContext: 0x7f87c039b300; archive = "<IDEArchive: 0x60001d04daa0>", distributionMethod="<IDEDistributionMethodiOSAdHoc: 0x60000f6e88c0>", team="(null)">
	<IDEDistributionContext: 0x7f87c070d640; archive = "<IDEArchive: 0x60001d04daa0>", distributionMethod="(null)", team="(null)">
</IDEDistributionProcessingPipelineContext: 0x7f87c416da50>
2023-07-17 06:16:06 +0000  Processing step: IDEDistributionCreateDestRootStep
2023-07-17 06:16:06 +0000  Processing step: IDEDistributionCopyItemStep
2023-07-17 06:16:06 +0000  Running /usr/bin/ditto '-V' '/Users/abservetech/Library/Developer/Xcode/Archives/2023-07-17/eLiift 17-07-23, 11.44 AM.xcarchive/Products/Applications/eLiift.app' '/var/folders/jk/cq_68h790_s6pqybtrp646840000gn/T/XcodeDistPipeline.~~~AFayZA/Root/Payload/eLiift.app'
2023-07-17 06:16:07 +0000  >>> Copying /Users/abservetech/Library/Developer/Xcode/Archives/2023-07-17/eLiift 17-07-23, 11.44 AM.xcarchive/Products/Applications/eLiift.app 
2023-07-17 06:16:07 +0000  copying file ./_CodeSignature/CodeResources ... 
2023-07-17 06:16:07 +0000  403643 bytes for ./_CodeSignature/CodeResources
2023-07-17 06:16:07 +0000  copying file ./ChatLeftCell.nib/objects-13.0+.nib ... 
2023-07-17 06:16:07 +0000  5745 bytes for ./ChatLeftCell.nib/objects-13.0+.nib
2023-07-17 06:16:07 +0000  copying file ./ChatLeftCell.nib/runtime.nib ... 
2023-07-17 06:16:07 +0000  6045 bytes for ./ChatLeftCell.nib/runtime.nib
2023-07-17 06:16:07 +0000  copying file ./RideCustomView.nib/objects-13.0+.nib ... 
2023-07-17 06:16:07 +0000  35112 bytes for ./RideCustomView.nib/objects-13.0+.nib
2023-07-17 06:16:07 +0000  copying file ./RideCustomView.nib/runtime.nib ... 
2023-07-17 06:16:07 +0000  36116 bytes for ./RideCustomView.nib/runtime.nib
2023-07-17 06:16:07 +0000  copying file ./RideCustomView.nib/objects-14.0+.nib ... 
2023-07-17 06:16:07 +0000  35048 bytes for ./RideCustomView.nib/objects-14.0+.nib
2023-07-17 06:16:07 +0000  copying file ./SchudleCell.nib ... 
2023-07-17 06:16:07 +0000  5840 bytes for ./SchudleCell.nib
2023-07-17 06:16:07 +0000  copying file ./empty.json ... 
2023-07-17 06:16:07 +0000  157956 bytes for ./empty.json
2023-07-17 06:16:07 +0000  copying file ./checked_out.json ... 
2023-07-17 06:16:07 +0000  13165 bytes for ./checked_out.json
2023-07-17 06:16:07 +0000  copying file ./en.lproj/Main.strings ... 
2023-07-17 06:16:07 +0000  432 bytes for ./en.lproj/Main.strings
2023-07-17 06:16:07 +0000  copying file ./en.lproj/Localizable.strings ... 
2023-07-17 06:16:07 +0000  15621 bytes for ./en.lproj/Localizable.strings
2023-07-17 06:16:07 +0000  copying file ./Account.storyboardc/LauncherVC.nib/objects-13.0+.nib ... 
2023-07-17 06:16:07 +0000  1009 bytes for ./Account.storyboardc/LauncherVC.nib/objects-13.0+.nib
2023-07-17 06:16:07 +0000  copying file ./Account.storyboardc/LauncherVC.nib/runtime.nib ... 
2023-07-17 06:16:07 +0000  1009 bytes for ./Account.storyboardc/LauncherVC.nib/runtime.nib
copying file ./Account.storyboardc/LauncherVC.nib/objects-14.0+.nib ... 
2023-07-17 06:16:07 +0000  1009 bytes for ./Account.storyboardc/LauncherVC.nib/objects-14.0+.nib
2023-07-17 06:16:07 +0000  copying file ./Account.storyboardc/Bkd-Xn-6tc-view-As4-nj-c0M.nib/objects-13.0+.nib ... 
2023-07-17 06:16:07 +0000  6425 bytes for ./Account.storyboardc/Bkd-Xn-6tc-view-As4-nj-c0M.nib/objects-13.0+.nib
copying file ./Account.storyboardc/Bkd-Xn-6tc-view-As4-nj-c0M.nib/runtime.nib ... 
2023-07-17 06:16:07 +0000  7125 bytes for ./Account.storyboardc/Bkd-Xn-6tc-view-As4-nj-c0M.nib/runtime.nib
copying file ./Account.storyboardc/Bkd-Xn-6tc-view-As4-nj-c0M.nib/objects-14.0+.nib ... 
2023-07-17 06:16:07 +0000  6425 bytes for ./Account.storyboardc/Bkd-Xn-6tc-view-As4-nj-c0M.nib/objects-14.0+.nib
2023-07-17 06:16:07 +0000  copying file ./Account.storyboardc/CJa-c6-O7m-view-YXB-Gk-Rex.nib/objects-13.0+.nib ... 
2023-07-17 06:16:07 +0000  16146 bytes for ./Account.storyboardc/CJa-c6-O7m-view-YXB-Gk-Rex.nib/objects-13.0+.nib
2023-07-17 06:16:07 +0000  copying file ./Account.storyboardc/CJa-c6-O7m-view-YXB-Gk-Rex.nib/runtime.nib ... 
2023-07-17 06:16:07 +0000  17186 bytes for ./Account.storyboardc/CJa-c6-O7m-view-YXB-Gk-Rex.nib/runtime.nib
copying file ./Account.storyboardc/CJa-c6-O7m-view-YXB-Gk-Rex.nib/objects-14.0+.nib ... 
2023-07-17 06:16:07 +0000  14685 bytes for ./Account.storyboardc/CJa-c6-O7m-view-YXB-Gk-Rex.nib/objects-14.0+.nib
2023-07-17 06:16:07 +0000  copying file ./Account.storyboardc/c4k-Q3-8Wy-view-d5g-ly-fiM.nib/objects-13.0+.nib ... 
2023-07-17 06:16:07 +0000  14360 bytes for ./Account.storyboardc/c4k-Q3-8Wy-view-d5g-ly-fiM.nib/objects-13.0+.nib
copying file ./Account.storyboardc/c4k-Q3-8Wy-view-d5g-ly-fiM.nib/runtime.nib ... 
2023-07-17 06:16:07 +0000  15345 bytes for ./Account.storyboardc/c4k-Q3-8Wy-view-d5g-ly-fiM.nib/runtime.nib
copying file ./Account.storyboardc/c4k-Q3-8Wy-view-d5g-ly-fiM.nib/objects-14.0+.nib ... 
2023-07-17 06:16:07 +0000  13112 bytes for ./Account.storyboardc/c4k-Q3-8Wy-view-d5g-ly-fiM.nib/objects-14.0+.nib
2023-07-17 06:16:07 +0000  copying file ./Account.storyboardc/kin-hz-PBY-view-uxD-yF-nQN.nib/objects-13.0+.nib ... 
2023-07-17 06:16:07 +0000  26757 bytes for ./Account.storyboardc/kin-hz-PBY-view-uxD-yF-nQN.nib/objects-13.0+.nib
copying file ./Account.storyboardc/kin-hz-PBY-view-uxD-yF-nQN.nib/runtime.nib ... 
2023-07-17 06:16:07 +0000  30054 bytes for ./Account.storyboardc/kin-hz-PBY-view-uxD-yF-nQN.nib/runtime.nib
2023-07-17 06:16:07 +0000  copying file ./Account.storyboardc/kin-hz-PBY-view-uxD-yF-nQN.nib/objects-14.0+.nib ... 
2023-07-17 06:16:07 +0000  25168 bytes for ./Account.storyboardc/kin-hz-PBY-view-uxD-yF-nQN.nib/objects-14.0+.nib
2023-07-17 06:16:07 +0000  copying file ./Account.storyboardc/SignupVC.nib/objects-13.0+.nib ... 
2023-07-17 06:16:07 +0000  1004 bytes for ./Account.storyboardc/SignupVC.nib/objects-13.0+.nib
copying file ./Account.storyboardc/SignupVC.nib/runtime.nib ... 
2023-07-17 06:16:07 +0000  1004 bytes for ./Account.storyboardc/SignupVC.nib/runtime.nib
copying file ./Account.storyboardc/SignupVC.nib/objects-14.0+.nib ... 
2023-07-17 06:16:07 +0000  1004 bytes for ./Account.storyboardc/SignupVC.nib/objects-14.0+.nib
2023-07-17 06:16:07 +0000  copying file ./Account.storyboardc/MobileOTPVC.nib/objects-13.0+.nib ... 
2023-07-17 06:16:07 +0000  1011 bytes for ./Account.storyboardc/MobileOTPVC.nib/objects-13.0+.nib
2023-07-17 06:16:07 +0000  copying file ./Account.storyboardc/MobileOTPVC.nib/runtime.nib ... 
2023-07-17 06:16:07 +0000  1011 bytes for ./Account.storyboardc/MobileOTPVC.nib/runtime.nib
2023-07-17 06:16:07 +0000  copying file ./Account.storyboardc/MobileOTPVC.nib/objects-14.0+.nib ... 
2023-07-17 06:16:07 +0000  1011 bytes for ./Account.storyboardc/MobileOTPVC.nib/objects-14.0+.nib
2023-07-17 06:16:07 +0000  copying file ./Account.storyboardc/ForgotVC.nib/objects-13.0+.nib ... 
2023-07-17 06:16:07 +0000  1004 bytes for ./Account.storyboardc/ForgotVC.nib/objects-13.0+.nib
2023-07-17 06:16:07 +0000  copying file ./Account.storyboardc/ForgotVC.nib/runtime.nib ... 
2023-07-17 06:16:07 +0000  1004 bytes for ./Account.storyboardc/ForgotVC.nib/runtime.nib
2023-07-17 06:16:07 +0000  copying file ./Account.storyboardc/ForgotVC.nib/objects-14.0+.nib ... 
2023-07-17 06:16:07 +0000  1004 bytes for ./Account.storyboardc/ForgotVC.nib/objects-14.0+.nib
2023-07-17 06:16:07 +0000  copying file ./Account.storyboardc/mIf-tD-OFi-view-Zn7-GL-McE.nib/objects-13.0+.nib ... 
2023-07-17 06:16:07 +0000  11395 bytes for ./Account.storyboardc/mIf-tD-OFi-view-Zn7-GL-McE.nib/objects-13.0+.nib
copying file ./Account.storyboardc/mIf-tD-OFi-view-Zn7-GL-McE.nib/runtime.nib ... 
2023-07-17 06:16:07 +0000  12085 bytes for ./Account.storyboardc/mIf-tD-OFi-view-Zn7-GL-McE.nib/runtime.nib
2023-07-17 06:16:07 +0000  copying file ./Account.storyboardc/mIf-tD-OFi-view-Zn7-GL-McE.nib/objects-14.0+.nib ... 
2023-07-17 06:16:07 +0000  10371 bytes for ./Account.storyboardc/mIf-tD-OFi-view-Zn7-GL-McE.nib/objects-14.0+.nib
2023-07-17 06:16:07 +0000  copying file ./Account.storyboardc/dVa-Fu-G66-view-oEv-LI-kc8.nib/objects-13.0+.nib ... 
2023-07-17 06:16:08 +0000  11803 bytes for ./Account.storyboardc/dVa-Fu-G66-view-oEv-LI-kc8.nib/objects-13.0+.nib
copying file ./Account.storyboardc/dVa-Fu-G66-view-oEv-LI-kc8.nib/runtime.nib ... 
2023-07-17 06:16:08 +0000  12920 bytes for ./Account.storyboardc/dVa-Fu-G66-view-oEv-LI-kc8.nib/runtime.nib
copying file ./Account.storyboardc/dVa-Fu-G66-view-oEv-LI-kc8.nib/objects-14.0+.nib ... 
2023-07-17 06:16:08 +0000  10642 bytes for ./Account.storyboardc/dVa-Fu-G66-view-oEv-LI-kc8.nib/objects-14.0+.nib
2023-07-17 06:16:08 +0000  copying file ./Account.storyboardc/ResetPassVC.nib/objects-13.0+.nib ... 
2023-07-17 06:16:08 +0000  1011 bytes for ./Account.storyboardc/ResetPassVC.nib/objects-13.0+.nib
copying file ./Account.storyboardc/ResetPassVC.nib/runtime.nib ... 
2023-07-17 06:16:08 +0000  1011 bytes for ./Account.storyboardc/ResetPassVC.nib/runtime.nib
2023-07-17 06:16:08 +0000  copying file ./Account.storyboardc/ResetPassVC.nib/objects-14.0+.nib ... 
2023-07-17 06:16:08 +0000  1011 bytes for ./Account.storyboardc/ResetPassVC.nib/objects-14.0+.nib
2023-07-17 06:16:08 +0000  copying file ./Account.storyboardc/Info.plist ... 
2023-07-17 06:16:08 +0000  261 bytes for ./Account.storyboardc/Info.plist
2023-07-17 06:16:08 +0000  copying file ./Account.storyboardc/LoginVC.nib/objects-13.0+.nib ... 
2023-07-17 06:16:08 +0000  1002 bytes for ./Account.storyboardc/LoginVC.nib/objects-13.0+.nib
copying file ./Account.storyboardc/LoginVC.nib/runtime.nib ... 
2023-07-17 06:16:08 +0000  1002 bytes for ./Account.storyboardc/LoginVC.nib/runtime.nib
copying file ./Account.storyboardc/LoginVC.nib/objects-14.0+.nib ... 
2023-07-17 06:16:08 +0000  1002 bytes for ./Account.storyboardc/LoginVC.nib/objects-14.0+.nib
2023-07-17 06:16:08 +0000  copying file ./TransactionCell.nib/objects-13.0+.nib ... 
2023-07-17 06:16:08 +0000  8926 bytes for ./TransactionCell.nib/objects-13.0+.nib
copying file ./TransactionCell.nib/runtime.nib ... 
2023-07-17 06:16:08 +0000  9417 bytes for ./TransactionCell.nib/runtime.nib
2023-07-17 06:16:08 +0000  copying file ./LocationCell.nib/objects-13.0+.nib ... 
2023-07-17 06:16:08 +0000  5770 bytes for ./LocationCell.nib/objects-13.0+.nib
copying file ./LocationCell.nib/runtime.nib ... 
2023-07-17 06:16:08 +0000  6361 bytes for ./LocationCell.nib/runtime.nib
2023-07-17 06:16:08 +0000  copying file ./SettingCell.nib/objects-13.0+.nib ... 
2023-07-17 06:16:08 +0000  8001 bytes for ./SettingCell.nib/objects-13.0+.nib
2023-07-17 06:16:08 +0000  copying file ./SettingCell.nib/runtime.nib ... 
2023-07-17 06:16:08 +0000  8749 bytes for ./SettingCell.nib/runtime.nib
2023-07-17 06:16:08 +0000  copying file ./traffic.json ... 
2023-07-17 06:16:08 +0000  18563 bytes for ./traffic.json
2023-07-17 06:16:08 +0000  copying file ./es.lproj/Main.strings ... 
2023-07-17 06:16:08 +0000  432 bytes for ./es.lproj/Main.strings
copying file ./es.lproj/Localizable.strings ... 
2023-07-17 06:16:08 +0000  2052 bytes for ./es.lproj/Localizable.strings
2023-07-17 06:16:08 +0000  copying file ./GoogleMaps.bundle/bubble_left@3x.png ... 
2023-07-17 06:16:08 +0000  2386 bytes for ./GoogleMaps.bundle/bubble_left@3x.png
2023-07-17 06:16:08 +0000  copying file ./GoogleMaps.bundle/bubble_left.png ... 
2023-07-17 06:16:08 +0000  451 bytes for ./GoogleMaps.bundle/bubble_left.png
2023-07-17 06:16:08 +0000  copying file ./GoogleMaps.bundle/bubble_left@2x.png ... 
2023-07-17 06:16:08 +0000  1055 bytes for ./GoogleMaps.bundle/bubble_left@2x.png
2023-07-17 06:16:08 +0000  copying file ./GoogleMaps.bundle/bubble_right@3x.png ... 
2023-07-17 06:16:08 +0000  2374 bytes for ./GoogleMaps.bundle/bubble_right@3x.png
2023-07-17 06:16:08 +0000  copying file ./GoogleMaps.bundle/ic_error.png ... 
2023-07-17 06:16:08 +0000  236 bytes for ./GoogleMaps.bundle/ic_error.png
2023-07-17 06:16:08 +0000  copying file ./GoogleMaps.bundle/bubble_right@2x.png ... 
2023-07-17 06:16:08 +0000  1051 bytes for ./GoogleMaps.bundle/bubble_right@2x.png
2023-07-17 06:16:08 +0000  copying file ./GoogleMaps.bundle/GMSCoreResources.bundle/de.lproj/GMSCore.strings ... 
2023-07-17 06:16:08 +0000  4308 bytes for ./GoogleMaps.bundle/GMSCoreResources.bundle/de.lproj/GMSCore.strings
2023-07-17 06:16:08 +0000  copying file ./GoogleMaps.bundle/GMSCoreResources.bundle/he.lproj/GMSCore.strings ... 
2023-07-17 06:16:08 +0000  4436 bytes for ./GoogleMaps.bundle/GMSCoreResources.bundle/he.lproj/GMSCore.strings
2023-07-17 06:16:08 +0000  copying file ./GoogleMaps.bundle/GMSCoreResources.bundle/en_AU.lproj/GMSCore.strings ... 
2023-07-17 06:16:08 +0000  4078 bytes for ./GoogleMaps.bundle/GMSCoreResources.bundle/en_AU.lproj/GMSCore.strings
2023-07-17 06:16:08 +0000  copying file ./GoogleMaps.bundle/GMSCoreResources.bundle/ic_covid_medical_waypoint_alert_32pt@2x.png ... 
2023-07-17 06:16:08 +0000  943 bytes for ./GoogleMaps.bundle/GMSCoreResources.bundle/ic_covid_medical_waypoint_alert_32pt@2x.png
2023-07-17 06:16:08 +0000  copying file ./GoogleMaps.bundle/GMSCoreResources.bundle/ar.lproj/GMSCore.strings ... 
2023-07-17 06:16:08 +0000  5230 bytes for ./GoogleMaps.bundle/GMSCoreResources.bundle/ar.lproj/GMSCore.strings
2023-07-17 06:16:08 +0000  copying file ./GoogleMaps.bundle/GMSCoreResources.bundle/el.lproj/GMSCore.strings ... 
2023-07-17 06:16:08 +0000  4694 bytes for ./GoogleMaps.bundle/GMSCoreResources.bundle/el.lproj/GMSCore.strings
2023-07-17 06:16:08 +0000  copying file ./GoogleMaps.bundle/GMSCoreResources.bundle/ja.lproj/GMSCore.strings ... 
2023-07-17 06:16:08 +0000  3880 bytes for ./GoogleMaps.bundle/GMSCoreResources.bundle/ja.lproj/GMSCore.strings
2023-07-17 06:16:08 +0000  copying file ./GoogleMaps.bundle/GMSCoreResources.bundle/ic_covid_checkpoint_waypoint_alert_night_32pt.png ... 
2023-07-17 06:16:08 +0000  602 bytes for ./GoogleMaps.bundle/GMSCoreResources.bundle/ic_covid_checkpoint_waypoint_alert_night_32pt.png
2023-07-17 06:16:08 +0000  copying file ./GoogleMaps.bundle/GMSCoreResources.bundle/sq.lproj/GMSCore.strings ... 
2023-07-17 06:16:08 +0000  4410 bytes for ./GoogleMaps.bundle/GMSCoreResources.bundle/sq.lproj/GMSCore.strings
2023-07-17 06:16:08 +0000  copying file ./GoogleMaps.bundle/GMSCoreResources.bundle/ic_qu_direction_mylocation@2x.png ... 
2023-07-17 06:16:08 +0000  663 bytes for ./GoogleMaps.bundle/GMSCoreResources.bundle/ic_qu_direction_mylocation@2x.png
2023-07-17 06:16:08 +0000  copying file ./GoogleMaps.bundle/GMSCoreResources.bundle/en.lproj/GMSCore.strings ... 
2023-07-17 06:16:08 +0000  4061 bytes for ./GoogleMaps.bundle/GMSCoreResources.bundle/en.lproj/GMSCore.strings
2023-07-17 06:16:08 +0000  copying file ./GoogleMaps.bundle/GMSCoreResources.bundle/ic_covid_border_waypoint_alert_32pt.png ... 
2023-07-17 06:16:08 +0000  422 bytes for ./GoogleMaps.bundle/GMSCoreResources.bundle/ic_covid_border_waypoint_alert_32pt.png
2023-07-17 06:16:08 +0000  copying file ./GoogleMaps.bundle/GMSCoreResources.bundle/uk.lproj/GMSCore.strings ... 
2023-07-17 06:16:08 +0000  4963 bytes for ./GoogleMaps.bundle/GMSCoreResources.bundle/uk.lproj/GMSCore.strings
2023-07-17 06:16:08 +0000  copying file ./GoogleMaps.bundle/GMSCoreResources.bundle/ic_qu_direction_mylocation.png ... 
2023-07-17 06:16:08 +0000  362 bytes for ./GoogleMaps.bundle/GMSCoreResources.bundle/ic_qu_direction_mylocation.png
2023-07-17 06:16:08 +0000  copying file ./GoogleMaps.bundle/GMSCoreResources.bundle/es_419.lproj/GMSCore.strings ... 
2023-07-17 06:16:08 +0000  4376 bytes for ./GoogleMaps.bundle/GMSCoreResources.bundle/es_419.lproj/GMSCore.strings
2023-07-17 06:16:08 +0000  copying file ./GoogleMaps.bundle/GMSCoreResources.bundle/GMSSprites-0-1x.png ... 
2023-07-17 06:16:08 +0000  13906 bytes for ./GoogleMaps.bundle/GMSCoreResources.bundle/GMSSprites-0-1x.png
2023-07-17 06:16:08 +0000  copying file ./GoogleMaps.bundle/GMSCoreResources.bundle/ic_compass_needle_large@2x.png ... 
2023-07-17 06:16:08 +0000  2446 bytes for ./GoogleMaps.bundle/GMSCoreResources.bundle/ic_compass_needle_large@2x.png
2023-07-17 06:16:08 +0000  copying file ./GoogleMaps.bundle/GMSCoreResources.bundle/ic_compass_needle_large@3x.png ... 
2023-07-17 06:16:08 +0000  3304 bytes for ./GoogleMaps.bundle/GMSCoreResources.bundle/ic_compass_needle_large@3x.png
2023-07-17 06:16:08 +0000  copying file ./GoogleMaps.bundle/GMSCoreResources.bundle/es_MX.lproj/GMSCore.strings ... 
2023-07-17 06:16:08 +0000  4376 bytes for ./GoogleMaps.bundle/GMSCoreResources.bundle/es_MX.lproj/GMSCore.strings
2023-07-17 06:16:08 +0000  copying file ./GoogleMaps.bundle/GMSCoreResources.bundle/ic_compass_needle_large.png ... 
2023-07-17 06:16:08 +0000  1114 bytes for ./GoogleMaps.bundle/GMSCoreResources.bundle/ic_compass_needle_large.png
2023-07-17 06:16:08 +0000  copying file ./GoogleMaps.bundle/GMSCoreResources.bundle/zh_CN.lproj/GMSCore.strings ... 
2023-07-17 06:16:08 +0000  3871 bytes for ./GoogleMaps.bundle/GMSCoreResources.bundle/zh_CN.lproj/GMSCore.strings
2023-07-17 06:16:08 +0000  copying file ./GoogleMaps.bundle/GMSCoreResources.bundle/ic_qu_direction_mylocation@3x.png ... 
2023-07-17 06:16:08 +0000  1240 bytes for ./GoogleMaps.bundle/GMSCoreResources.bundle/ic_qu_direction_mylocation@3x.png
copying file ./GoogleMaps.bundle/GMSCoreResources.bundle/DroidSansMerged-Regular.ttf ... 
2023-07-17 06:16:08 +0000  392092 bytes for ./GoogleMaps.bundle/GMSCoreResources.bundle/DroidSansMerged-Regular.ttf
2023-07-17 06:16:08 +0000  copying file ./GoogleMaps.bundle/GMSCoreResources.bundle/nb.lproj/GMSCore.strings ... 
2023-07-17 06:16:08 +0000  4231 bytes for ./GoogleMaps.bundle/GMSCoreResources.bundle/nb.lproj/GMSCore.strings
2023-07-17 06:16:08 +0000  copying file ./GoogleMaps.bundle/GMSCoreResources.bundle/es.lproj/GMSCore.strings ... 
2023-07-17 06:16:08 +0000  4377 bytes for ./GoogleMaps.bundle/GMSCoreResources.bundle/es.lproj/GMSCore.strings
2023-07-17 06:16:08 +0000  copying file ./GoogleMaps.bundle/GMSCoreResources.bundle/sw.lproj/GMSCore.strings ... 
2023-07-17 06:16:08 +0000  4171 bytes for ./GoogleMaps.bundle/GMSCoreResources.bundle/sw.lproj/GMSCore.strings
2023-07-17 06:16:08 +0000  copying file ./GoogleMaps.bundle/GMSCoreResources.bundle/ic_covid_medical_waypoint_alert_32pt@3x.png ... 
2023-07-17 06:16:08 +0000  1203 bytes for ./GoogleMaps.bundle/GMSCoreResources.bundle/ic_covid_medical_waypoint_alert_32pt@3x.png
2023-07-17 06:16:08 +0000  copying file ./GoogleMaps.bundle/GMSCoreResources.bundle/pt_BR.lproj/GMSCore.strings ... 
2023-07-17 06:16:08 +0000  4388 bytes for ./GoogleMaps.bundle/GMSCoreResources.bundle/pt_BR.lproj/GMSCore.strings
2023-07-17 06:16:08 +0000  copying file ./GoogleMaps.bundle/GMSCoreResources.bundle/da.lproj/GMSCore.strings ... 
2023-07-17 06:16:08 +0000  4321 bytes for ./GoogleMaps.bundle/GMSCoreResources.bundle/da.lproj/GMSCore.strings
2023-07-17 06:16:08 +0000  copying file ./GoogleMaps.bundle/GMSCoreResources.bundle/ic_location_off@3x.png ... 
2023-07-17 06:16:08 +0000  1577 bytes for ./GoogleMaps.bundle/GMSCoreResources.bundle/ic_location_off@3x.png
2023-07-17 06:16:08 +0000  copying file ./GoogleMaps.bundle/GMSCoreResources.bundle/it.lproj/GMSCore.strings ... 
2023-07-17 06:16:08 +0000  4115 bytes for ./GoogleMaps.bundle/GMSCoreResources.bundle/it.lproj/GMSCore.strings
2023-07-17 06:16:08 +0000  copying file ./GoogleMaps.bundle/GMSCoreResources.bundle/sk.lproj/GMSCore.strings ... 
2023-07-17 06:16:09 +0000  4441 bytes for ./GoogleMaps.bundle/GMSCoreResources.bundle/sk.lproj/GMSCore.strings
2023-07-17 06:16:09 +0000  copying file ./GoogleMaps.bundle/GMSCoreResources.bundle/GMSNavSprites-0-3x.png ... 
2023-07-17 06:16:09 +0000  20924 bytes for ./GoogleMaps.bundle/GMSCoreResources.bundle/GMSNavSprites-0-3x.png
2023-07-17 06:16:09 +0000  copying file ./GoogleMaps.bundle/GMSCoreResources.bundle/pt_PT.lproj/GMSCore.strings ... 
2023-07-17 06:16:09 +0000  4389 bytes for ./GoogleMaps.bundle/GMSCoreResources.bundle/pt_PT.lproj/GMSCore.strings
2023-07-17 06:16:09 +0000  copying file ./GoogleMaps.bundle/GMSCoreResources.bundle/button_compass_night.png ... 
2023-07-17 06:16:09 +0000  720 bytes for ./GoogleMaps.bundle/GMSCoreResources.bundle/button_compass_night.png
copying file ./GoogleMaps.bundle/GMSCoreResources.bundle/button_my_location.png ... 
2023-07-17 06:16:09 +0000  492 bytes for ./GoogleMaps.bundle/GMSCoreResources.bundle/button_my_location.png
2023-07-17 06:16:09 +0000  copying file ./GoogleMaps.bundle/GMSCoreResources.bundle/road_16-4.png ... 
2023-07-17 06:16:09 +0000  127 bytes for ./GoogleMaps.bundle/GMSCoreResources.bundle/road_16-4.png
2023-07-17 06:16:09 +0000  copying file ./GoogleMaps.bundle/GMSCoreResources.bundle/sr.lproj/GMSCore.strings ... 
2023-07-17 06:16:09 +0000  4754 bytes for ./GoogleMaps.bundle/GMSCoreResources.bundle/sr.lproj/GMSCore.strings
2023-07-17 06:16:09 +0000  copying file ./GoogleMaps.bundle/GMSCoreResources.bundle/ms.lproj/GMSCore.strings ... 
2023-07-17 06:16:09 +0000  4033 bytes for ./GoogleMaps.bundle/GMSCoreResources.bundle/ms.lproj/GMSCore.strings
2023-07-17 06:16:09 +0000  copying file ./GoogleMaps.bundle/GMSCoreResources.bundle/road_256-64.png ... 
2023-07-17 06:16:09 +0000  1934 bytes for ./GoogleMaps.bundle/GMSCoreResources.bundle/road_256-64.png
2023-07-17 06:16:09 +0000  copying file ./GoogleMaps.bundle/GMSCoreResources.bundle/button_compass.png ... 
2023-07-17 06:16:09 +0000  631 bytes for ./GoogleMaps.bundle/GMSCoreResources.bundle/button_compass.png
2023-07-17 06:16:09 +0000  copying file ./GoogleMaps.bundle/GMSCoreResources.bundle/sv.lproj/GMSCore.strings ... 
2023-07-17 06:16:09 +0000  4451 bytes for ./GoogleMaps.bundle/GMSCoreResources.bundle/sv.lproj/GMSCore.strings
2023-07-17 06:16:09 +0000  copying file ./GoogleMaps.bundle/GMSCoreResources.bundle/road_8-2.png ... 
2023-07-17 06:16:09 +0000  93 bytes for ./GoogleMaps.bundle/GMSCoreResources.bundle/road_8-2.png
2023-07-17 06:16:09 +0000  copying file ./GoogleMaps.bundle/GMSCoreResources.bundle/ic_closed_place_waypoint_alert_32pt.png ... 
2023-07-17 06:16:09 +0000  494 bytes for ./GoogleMaps.bundle/GMSCoreResources.bundle/ic_closed_place_waypoint_alert_32pt.png
2023-07-17 06:16:09 +0000  copying file ./GoogleMaps.bundle/GMSCoreResources.bundle/cs.lproj/GMSCore.strings ... 
2023-07-17 06:16:09 +0000  4667 bytes for ./GoogleMaps.bundle/GMSCoreResources.bundle/cs.lproj/GMSCore.strings
2023-07-17 06:16:09 +0000  copying file ./GoogleMaps.bundle/GMSCoreResources.bundle/button_background.png ... 
334 bytes for ./GoogleMaps.bundle/GMSCoreResources.bundle/button_background.png
copying file ./GoogleMaps.bundle/GMSCoreResources.bundle/GMSNavNightModeSprites-0-1x.png ... 
2023-07-17 06:16:09 +0000  3393 bytes for ./GoogleMaps.bundle/GMSCoreResources.bundle/GMSNavNightModeSprites-0-1x.png
2023-07-17 06:16:09 +0000  copying file ./GoogleMaps.bundle/GMSCoreResources.bundle/button_my_location@2x.png ... 
2023-07-17 06:16:09 +0000  1229 bytes for ./GoogleMaps.bundle/GMSCoreResources.bundle/button_my_location@2x.png
2023-07-17 06:16:09 +0000  copying file ./GoogleMaps.bundle/GMSCoreResources.bundle/en_IN.lproj/GMSCore.strings ... 
2023-07-17 06:16:09 +0000  4078 bytes for ./GoogleMaps.bundle/GMSCoreResources.bundle/en_IN.lproj/GMSCore.strings
2023-07-17 06:16:09 +0000  copying file ./GoogleMaps.bundle/GMSCoreResources.bundle/ko.lproj/GMSCore.strings ... 
2023-07-17 06:16:09 +0000  3904 bytes for ./GoogleMaps.bundle/GMSCoreResources.bundle/ko.lproj/GMSCore.strings
2023-07-17 06:16:09 +0000  copying file ./GoogleMaps.bundle/GMSCoreResources.bundle/GMSNavSprites-0-2x.png ... 
2023-07-17 06:16:09 +0000  13321 bytes for ./GoogleMaps.bundle/GMSCoreResources.bundle/GMSNavSprites-0-2x.png
copying file ./GoogleMaps.bundle/GMSCoreResources.bundle/ic_location_off@2x.png ... 
2023-07-17 06:16:09 +0000  860 bytes for ./GoogleMaps.bundle/GMSCoreResources.bundle/ic_location_off@2x.png
2023-07-17 06:16:09 +0000  copying file ./GoogleMaps.bundle/GMSCoreResources.bundle/my.lproj/GMSCore.strings ... 
2023-07-17 06:16:09 +0000  4524 bytes for ./GoogleMaps.bundle/GMSCoreResources.bundle/my.lproj/GMSCore.strings
2023-07-17 06:16:09 +0000  copying file ./GoogleMaps.bundle/GMSCoreResources.bundle/ic_covid_checkpoint_waypoint_alert_32pt@2x.png ... 
2023-07-17 06:16:09 +0000  1373 bytes for ./GoogleMaps.bundle/GMSCoreResources.bundle/ic_covid_checkpoint_waypoint_alert_32pt@2x.png
2023-07-17 06:16:09 +0000  copying file ./GoogleMaps.bundle/GMSCoreResources.bundle/GMSNavSprites-0-1x.png ... 
2023-07-17 06:16:09 +0000  5684 bytes for ./GoogleMaps.bundle/GMSCoreResources.bundle/GMSNavSprites-0-1x.png
2023-07-17 06:16:09 +0000  copying file ./GoogleMaps.bundle/GMSCoreResources.bundle/Tharlon-Regular.ttf ... 
2023-07-17 06:16:09 +0000  353228 bytes for ./GoogleMaps.bundle/GMSCoreResources.bundle/Tharlon-Regular.ttf
2023-07-17 06:16:09 +0000  copying file ./GoogleMaps.bundle/GMSCoreResources.bundle/hu.lproj/GMSCore.strings ... 
2023-07-17 06:16:09 +0000  4195 bytes for ./GoogleMaps.bundle/GMSCoreResources.bundle/hu.lproj/GMSCore.strings
2023-07-17 06:16:09 +0000  copying file ./GoogleMaps.bundle/GMSCoreResources.bundle/zh_HK.lproj/GMSCore.strings ... 
2023-07-17 06:16:09 +0000  3832 bytes for ./GoogleMaps.bundle/GMSCoreResources.bundle/zh_HK.lproj/GMSCore.strings
2023-07-17 06:16:09 +0000  copying file ./GoogleMaps.bundle/GMSCoreResources.bundle/road_4-1.png ... 
2023-07-17 06:16:09 +0000  74 bytes for ./GoogleMaps.bundle/GMSCoreResources.bundle/road_4-1.png
2023-07-17 06:16:09 +0000  copying file ./GoogleMaps.bundle/GMSCoreResources.bundle/ka.lproj/GMSCore.strings ... 
2023-07-17 06:16:09 +0000  4322 bytes for ./GoogleMaps.bundle/GMSCoreResources.bundle/ka.lproj/GMSCore.strings
2023-07-17 06:16:09 +0000  copying file ./GoogleMaps.bundle/GMSCoreResources.bundle/button_background@2x.png ... 
2023-07-17 06:16:09 +0000  433 bytes for ./GoogleMaps.bundle/GMSCoreResources.bundle/button_background@2x.png
2023-07-17 06:16:09 +0000  copying file ./GoogleMaps.bundle/GMSCoreResources.bundle/ic_compass_needle_32pt.png ... 
2023-07-17 06:16:09 +0000  742 bytes for ./GoogleMaps.bundle/GMSCoreResources.bundle/ic_compass_needle_32pt.png
2023-07-17 06:16:09 +0000  copying file ./GoogleMaps.bundle/GMSCoreResources.bundle/ic_compass_needle@2x.png ... 
2023-07-17 06:16:09 +0000  992 bytes for ./GoogleMaps.bundle/GMSCoreResources.bundle/ic_compass_needle@2x.png
2023-07-17 06:16:09 +0000  copying file ./GoogleMaps.bundle/GMSCoreResources.bundle/Assets.car ... 
2023-07-17 06:16:09 +0000  78127 bytes for ./GoogleMaps.bundle/GMSCoreResources.bundle/Assets.car
2023-07-17 06:16:09 +0000  copying file ./GoogleMaps.bundle/GMSCoreResources.bundle/tr.lproj/GMSCore.strings ... 
2023-07-17 06:16:09 +0000  4175 bytes for ./GoogleMaps.bundle/GMSCoreResources.bundle/tr.lproj/GMSCore.strings
2023-07-17 06:16:09 +0000  copying file ./GoogleMaps.bundle/GMSCoreResources.bundle/pl.lproj/GMSCore.strings ... 
2023-07-17 06:16:09 +0000  4491 bytes for ./GoogleMaps.bundle/GMSCoreResources.bundle/pl.lproj/GMSCore.strings
2023-07-17 06:16:09 +0000  copying file ./GoogleMaps.bundle/GMSCoreResources.bundle/zh_TW.lproj/GMSCore.strings ... 
2023-07-17 06:16:09 +0000  3857 bytes for ./GoogleMaps.bundle/GMSCoreResources.bundle/zh_TW.lproj/GMSCore.strings
2023-07-17 06:16:09 +0000  copying file ./GoogleMaps.bundle/GMSCoreResources.bundle/ic_closed_place_waypoint_alert_32pt@3x.png ... 
2023-07-17 06:16:09 +0000  1643 bytes for ./GoogleMaps.bundle/GMSCoreResources.bundle/ic_closed_place_waypoint_alert_32pt@3x.png
copying file ./GoogleMaps.bundle/GMSCoreResources.bundle/GMSNavNightModeSprites-0-2x.png ... 
2023-07-17 06:16:09 +0000  7660 bytes for ./GoogleMaps.bundle/GMSCoreResources.bundle/GMSNavNightModeSprites-0-2x.png
copying file ./GoogleMaps.bundle/GMSCoreResources.bundle/GMSNavNightModeSprites-0-3x.png ... 
2023-07-17 06:16:09 +0000  12519 bytes for ./GoogleMaps.bundle/GMSCoreResources.bundle/GMSNavNightModeSprites-0-3x.png
copying file ./GoogleMaps.bundle/GMSCoreResources.bundle/ic_closed_place_waypoint_alert_32pt@2x.png ... 
2023-07-17 06:16:09 +0000  1210 bytes for ./GoogleMaps.bundle/GMSCoreResources.bundle/ic_closed_place_waypoint_alert_32pt@2x.png
2023-07-17 06:16:09 +0000  copying file ./GoogleMaps.bundle/GMSCoreResources.bundle/en_GB.lproj/GMSCore.strings ... 
2023-07-17 06:16:09 +0000  4078 bytes for ./GoogleMaps.bundle/GMSCoreResources.bundle/en_GB.lproj/GMSCore.strings
2023-07-17 06:16:09 +0000  copying file ./GoogleMaps.bundle/GMSCoreResources.bundle/dav_one_way_16_256.png ... 
2023-07-17 06:16:09 +0000  315 bytes for ./GoogleMaps.bundle/GMSCoreResources.bundle/dav_one_way_16_256.png
copying file ./GoogleMaps.bundle/GMSCoreResources.bundle/road_2-1.png ... 
2023-07-17 06:16:09 +0000  84 bytes for ./GoogleMaps.bundle/GMSCoreResources.bundle/road_2-1.png
2023-07-17 06:16:09 +0000  copying file ./GoogleMaps.bundle/GMSCoreResources.bundle/vi.lproj/GMSCore.strings ... 
2023-07-17 06:16:09 +0000  4232 bytes for ./GoogleMaps.bundle/GMSCoreResources.bundle/vi.lproj/GMSCore.strings
2023-07-17 06:16:09 +0000  copying file ./GoogleMaps.bundle/GMSCoreResources.bundle/button_background@3x.png ... 
2023-07-17 06:16:09 +0000  515 bytes for ./GoogleMaps.bundle/GMSCoreResources.bundle/button_background@3x.png
copying file ./GoogleMaps.bundle/GMSCoreResources.bundle/road_32-8.png ... 
2023-07-17 06:16:09 +0000  223 bytes for ./GoogleMaps.bundle/GMSCoreResources.bundle/road_32-8.png
2023-07-17 06:16:09 +0000  copying file ./GoogleMaps.bundle/GMSCoreResources.bundle/lv.lproj/GMSCore.strings ... 
2023-07-17 06:16:09 +0000  4617 bytes for ./GoogleMaps.bundle/GMSCoreResources.bundle/lv.lproj/GMSCore.strings
2023-07-17 06:16:09 +0000  copying file ./GoogleMaps.bundle/GMSCoreResources.bundle/lt.lproj/GMSCore.strings ... 
2023-07-17 06:16:09 +0000  4321 bytes for ./GoogleMaps.bundle/GMSCoreResources.bundle/lt.lproj/GMSCore.strings
2023-07-17 06:16:09 +0000  copying file ./GoogleMaps.bundle/GMSCoreResources.bundle/ru.lproj/GMSCore.strings ... 
2023-07-17 06:16:09 +0000  4771 bytes for ./GoogleMaps.bundle/GMSCoreResources.bundle/ru.lproj/GMSCore.strings
2023-07-17 06:16:09 +0000  copying file ./GoogleMaps.bundle/GMSCoreResources.bundle/GMSShaders.metallib ... 
2023-07-17 06:16:09 +0000  199844 bytes for ./GoogleMaps.bundle/GMSCoreResources.bundle/GMSShaders.metallib
copying file ./GoogleMaps.bundle/GMSCoreResources.bundle/polyline_colors_texture_dim.png ... 
2023-07-17 06:16:09 +0000  7485 bytes for ./GoogleMaps.bundle/GMSCoreResources.bundle/polyline_colors_texture_dim.png
copying file ./GoogleMaps.bundle/GMSCoreResources.bundle/ic_covid_checkpoint_waypoint_alert_32pt@3x.png ... 
2023-07-17 06:16:09 +0000  1826 bytes for ./GoogleMaps.bundle/GMSCoreResources.bundle/ic_covid_checkpoint_waypoint_alert_32pt@3x.png
copying file ./GoogleMaps.bundle/GMSCoreResources.bundle/ic_closed_place_waypoint_alert_night_32pt.png ... 
2023-07-17 06:16:09 +0000  435 bytes for ./GoogleMaps.bundle/GMSCoreResources.bundle/ic_closed_place_waypoint_alert_night_32pt.png
2023-07-17 06:16:09 +0000  copying file ./GoogleMaps.bundle/GMSCoreResources.bundle/fr_CA.lproj/GMSCore.strings ... 
2023-07-17 06:16:09 +0000  4335 bytes for ./GoogleMaps.bundle/GMSCoreResources.bundle/fr_CA.lproj/GMSCore.strings
2023-07-17 06:16:09 +0000  copying file ./GoogleMaps.bundle/GMSCoreResources.bundle/ic_covid_checkpoint_waypoint_alert_night_32pt@3x.png ... 
2023-07-17 06:16:09 +0000  1841 bytes for ./GoogleMaps.bundle/GMSCoreResources.bundle/ic_covid_checkpoint_waypoint_alert_night_32pt@3x.png
copying file ./GoogleMaps.bundle/GMSCoreResources.bundle/ic_compass_needle_32pt@2x.png ... 
2023-07-17 06:16:09 +0000  1360 bytes for ./GoogleMaps.bundle/GMSCoreResources.bundle/ic_compass_needle_32pt@2x.png
2023-07-17 06:16:09 +0000  copying file ./GoogleMaps.bundle/GMSCoreResources.bundle/road_128-32.png ... 
2023-07-17 06:16:09 +0000  1029 bytes for ./GoogleMaps.bundle/GMSCoreResources.bundle/road_128-32.png
copying file ./GoogleMaps.bundle/GMSCoreResources.bundle/ic_covid_medical_waypoint_alert_32pt.png ... 
2023-07-17 06:16:09 +0000  441 bytes for ./GoogleMaps.bundle/GMSCoreResources.bundle/ic_covid_medical_waypoint_alert_32pt.png
2023-07-17 06:16:09 +0000  copying file ./GoogleMaps.bundle/GMSCoreResources.bundle/fr.lproj/GMSCore.strings ... 
2023-07-17 06:16:09 +0000  4633 bytes for ./GoogleMaps.bundle/GMSCoreResources.bundle/fr.lproj/GMSCore.strings
2023-07-17 06:16:09 +0000  copying file ./GoogleMaps.bundle/GMSCoreResources.bundle/fi.lproj/GMSCore.strings ... 
2023-07-17 06:16:09 +0000  4286 bytes for ./GoogleMaps.bundle/GMSCoreResources.bundle/fi.lproj/GMSCore.strings
2023-07-17 06:16:09 +0000  copying file ./GoogleMaps.bundle/GMSCoreResources.bundle/id.lproj/GMSCore.strings ... 
2023-07-17 06:16:09 +0000  3954 bytes for ./GoogleMaps.bundle/GMSCoreResources.bundle/id.lproj/GMSCore.strings
2023-07-17 06:16:09 +0000  copying file ./GoogleMaps.bundle/GMSCoreResources.bundle/nl.lproj/GMSCore.strings ... 
2023-07-17 06:16:10 +0000  4144 bytes for ./GoogleMaps.bundle/GMSCoreResources.bundle/nl.lproj/GMSCore.strings
2023-07-17 06:16:10 +0000  copying file ./GoogleMaps.bundle/GMSCoreResources.bundle/th.lproj/GMSCore.strings ... 
2023-07-17 06:16:10 +0000  4157 bytes for ./GoogleMaps.bundle/GMSCoreResources.bundle/th.lproj/GMSCore.strings
2023-07-17 06:16:10 +0000  copying file ./GoogleMaps.bundle/GMSCoreResources.bundle/ic_covid_medical_waypoint_alert_night_32pt@3x.png ... 
2023-07-17 06:16:10 +0000  1066 bytes for ./GoogleMaps.bundle/GMSCoreResources.bundle/ic_covid_medical_waypoint_alert_night_32pt@3x.png
copying file ./GoogleMaps.bundle/GMSCoreResources.bundle/road_64-16.png ... 
2023-07-17 06:16:10 +0000  425 bytes for ./GoogleMaps.bundle/GMSCoreResources.bundle/road_64-16.png
2023-07-17 06:16:10 +0000  copying file ./GoogleMaps.bundle/GMSCoreResources.bundle/GMSSprites-0-3x.png ... 
2023-07-17 06:16:10 +0000  61437 bytes for ./GoogleMaps.bundle/GMSCoreResources.bundle/GMSSprites-0-3x.png
2023-07-17 06:16:10 +0000  copying file ./GoogleMaps.bundle/GMSCoreResources.bundle/polyline_colors_texture.png ... 
2023-07-17 06:16:10 +0000  7433 bytes for ./GoogleMaps.bundle/GMSCoreResources.bundle/polyline_colors_texture.png
2023-07-17 06:16:10 +0000  copying file ./GoogleMaps.bundle/GMSCoreResources.bundle/ic_compass_needle.png ... 
2023-07-17 06:16:10 +0000  483 bytes for ./GoogleMaps.bundle/GMSCoreResources.bundle/ic_compass_needle.png
2023-07-17 06:16:10 +0000  copying file ./GoogleMaps.bundle/GMSCoreResources.bundle/pt.lproj/GMSCore.strings ... 
2023-07-17 06:16:10 +0000  4388 bytes for ./GoogleMaps.bundle/GMSCoreResources.bundle/pt.lproj/GMSCore.strings
2023-07-17 06:16:10 +0000  copying file ./GoogleMaps.bundle/GMSCoreResources.bundle/GMSShadersSim.metallib ... 
2023-07-17 06:16:10 +0000  200964 bytes for ./GoogleMaps.bundle/GMSCoreResources.bundle/GMSShadersSim.metallib
copying file ./GoogleMaps.bundle/GMSCoreResources.bundle/ic_covid_border_waypoint_alert_32pt@2x.png ... 
2023-07-17 06:16:10 +0000  1012 bytes for ./GoogleMaps.bundle/GMSCoreResources.bundle/ic_covid_border_waypoint_alert_32pt@2x.png
copying file ./GoogleMaps.bundle/GMSCoreResources.bundle/ic_closed_place_waypoint_alert_night_32pt@2x.png ... 
2023-07-17 06:16:10 +0000  1069 bytes for ./GoogleMaps.bundle/GMSCoreResources.bundle/ic_closed_place_waypoint_alert_night_32pt@2x.png
2023-07-17 06:16:10 +0000  copying file ./GoogleMaps.bundle/GMSCoreResources.bundle/road_1-1.png ... 
2023-07-17 06:16:10 +0000  95 bytes for ./GoogleMaps.bundle/GMSCoreResources.bundle/road_1-1.png
copying file ./GoogleMaps.bundle/GMSCoreResources.bundle/ic_location_off.png ... 
2023-07-17 06:16:10 +0000  498 bytes for ./GoogleMaps.bundle/GMSCoreResources.bundle/ic_location_off.png
copying file ./GoogleMaps.bundle/GMSCoreResources.bundle/ic_covid_border_waypoint_alert_32pt@3x.png ... 
2023-07-17 06:16:10 +0000  1353 bytes for ./GoogleMaps.bundle/GMSCoreResources.bundle/ic_covid_border_waypoint_alert_32pt@3x.png
2023-07-17 06:16:10 +0000  copying file ./GoogleMaps.bundle/GMSCoreResources.bundle/ic_closed_place_waypoint_alert_night_32pt@3x.png ... 
2023-07-17 06:16:10 +0000  1472 bytes for ./GoogleMaps.bundle/GMSCoreResources.bundle/ic_closed_place_waypoint_alert_night_32pt@3x.png
2023-07-17 06:16:10 +0000  copying file ./GoogleMaps.bundle/GMSCoreResources.bundle/ro.lproj/GMSCore.strings ... 
2023-07-17 06:16:10 +0000  4491 bytes for ./GoogleMaps.bundle/GMSCoreResources.bundle/ro.lproj/GMSCore.strings
2023-07-17 06:16:10 +0000  copying file ./GoogleMaps.bundle/GMSCoreResources.bundle/Info.plist ... 
2023-07-17 06:16:10 +0000  364 bytes for ./GoogleMaps.bundle/GMSCoreResources.bundle/Info.plist
2023-07-17 06:16:10 +0000  copying file ./GoogleMaps.bundle/GMSCoreResources.bundle/GMSSprites-0-2x.png ... 
2023-07-17 06:16:10 +0000  40485 bytes for ./GoogleMaps.bundle/GMSCoreResources.bundle/GMSSprites-0-2x.png
copying file ./GoogleMaps.bundle/GMSCoreResources.bundle/ic_covid_medical_waypoint_alert_night_32pt.png ... 
2023-07-17 06:16:10 +0000  382 bytes for ./GoogleMaps.bundle/GMSCoreResources.bundle/ic_covid_medical_waypoint_alert_night_32pt.png
copying file ./GoogleMaps.bundle/GMSCoreResources.bundle/ic_covid_checkpoint_waypoint_alert_32pt.png ... 
2023-07-17 06:16:10 +0000  601 bytes for ./GoogleMaps.bundle/GMSCoreResources.bundle/ic_covid_checkpoint_waypoint_alert_32pt.png
2023-07-17 06:16:10 +0000  copying file ./GoogleMaps.bundle/GMSCoreResources.bundle/ic_covid_medical_waypoint_alert_night_32pt@2x.png ... 
2023-07-17 06:16:10 +0000  825 bytes for ./GoogleMaps.bundle/GMSCoreResources.bundle/ic_covid_medical_waypoint_alert_night_32pt@2x.png
2023-07-17 06:16:10 +0000  copying file ./GoogleMaps.bundle/GMSCoreResources.bundle/button_compass_night@2x.png ... 
2023-07-17 06:16:10 +0000  2221 bytes for ./GoogleMaps.bundle/GMSCoreResources.bundle/button_compass_night@2x.png
2023-07-17 06:16:10 +0000  copying file ./GoogleMaps.bundle/GMSCoreResources.bundle/button_compass@2x.png ... 
2023-07-17 06:16:10 +0000  2560 bytes for ./GoogleMaps.bundle/GMSCoreResources.bundle/button_compass@2x.png
2023-07-17 06:16:10 +0000  copying file ./GoogleMaps.bundle/GMSCoreResources.bundle/hr.lproj/GMSCore.strings ... 
2023-07-17 06:16:10 +0000  4264 bytes for ./GoogleMaps.bundle/GMSCoreResources.bundle/hr.lproj/GMSCore.strings
2023-07-17 06:16:10 +0000  copying file ./GoogleMaps.bundle/GMSCoreResources.bundle/hi.lproj/GMSCore.strings ... 
2023-07-17 06:16:10 +0000  4242 bytes for ./GoogleMaps.bundle/GMSCoreResources.bundle/hi.lproj/GMSCore.strings
2023-07-17 06:16:10 +0000  copying file ./GoogleMaps.bundle/GMSCoreResources.bundle/ca.lproj/GMSCore.strings ... 
2023-07-17 06:16:10 +0000  4274 bytes for ./GoogleMaps.bundle/GMSCoreResources.bundle/ca.lproj/GMSCore.strings
2023-07-17 06:16:10 +0000  copying file ./GoogleMaps.bundle/GMSCoreResources.bundle/ic_compass_needle_32pt@3x.png ... 
2023-07-17 06:16:10 +0000  1962 bytes for ./GoogleMaps.bundle/GMSCoreResources.bundle/ic_compass_needle_32pt@3x.png
copying file ./GoogleMaps.bundle/GMSCoreResources.bundle/ic_covid_checkpoint_waypoint_alert_night_32pt@2x.png ... 
2023-07-17 06:16:10 +0000  1380 bytes for ./GoogleMaps.bundle/GMSCoreResources.bundle/ic_covid_checkpoint_waypoint_alert_night_32pt@2x.png
2023-07-17 06:16:10 +0000  copying file ./GoogleMaps.bundle/default_marker.png ... 
2023-07-17 06:16:10 +0000  1379 bytes for ./GoogleMaps.bundle/default_marker.png
copying file ./GoogleMaps.bundle/ic_error@3x.png ... 
2023-07-17 06:16:10 +0000  743 bytes for ./GoogleMaps.bundle/ic_error@3x.png
2023-07-17 06:16:10 +0000  copying file ./GoogleMaps.bundle/oss_licenses_maps.txt.gz ... 
2023-07-17 06:16:10 +0000  21968 bytes for ./GoogleMaps.bundle/oss_licenses_maps.txt.gz
2023-07-17 06:16:10 +0000  copying file ./GoogleMaps.bundle/Assets.car ... 
2023-07-17 06:16:10 +0000  52447 bytes for ./GoogleMaps.bundle/Assets.car
copying file ./GoogleMaps.bundle/bubble_right.png ... 
2023-07-17 06:16:10 +0000  455 bytes for ./GoogleMaps.bundle/bubble_right.png
2023-07-17 06:16:10 +0000  copying file ./GoogleMaps.bundle/default_marker@3x.png ... 
2023-07-17 06:16:10 +0000  4275 bytes for ./GoogleMaps.bundle/default_marker@3x.png
2023-07-17 06:16:10 +0000  copying file ./GoogleMaps.bundle/default_marker@2x.png ... 
2023-07-17 06:16:10 +0000  2815 bytes for ./GoogleMaps.bundle/default_marker@2x.png
2023-07-17 06:16:10 +0000  copying file ./GoogleMaps.bundle/ic_error@2x.png ... 
2023-07-17 06:16:10 +0000  454 bytes for ./GoogleMaps.bundle/ic_error@2x.png
2023-07-17 06:16:10 +0000  copying file ./GoogleMaps.bundle/GMSCacheStorage.momd/Storage.mom ... 
2023-07-17 06:16:10 +0000  4615 bytes for ./GoogleMaps.bundle/GMSCacheStorage.momd/Storage.mom
2023-07-17 06:16:10 +0000  copying file ./GoogleMaps.bundle/GMSCacheStorage.momd/VersionInfo.plist ... 
1197 bytes for ./GoogleMaps.bundle/GMSCacheStorage.momd/VersionInfo.plist
copying file ./GoogleMaps.bundle/GMSCacheStorage.momd/StorageWithTileProto.mom ... 
2023-07-17 06:16:10 +0000  5211 bytes for ./GoogleMaps.bundle/GMSCacheStorage.momd/StorageWithTileProto.mom
copying file ./GoogleMaps.bundle/GMSCacheStorage.momd/StorageWithTileVersionID.mom ... 
2023-07-17 06:16:10 +0000  4721 bytes for ./GoogleMaps.bundle/GMSCacheStorage.momd/StorageWithTileVersionID.mom
2023-07-17 06:16:10 +0000  copying file ./GoogleMaps.bundle/Info.plist ... 
2023-07-17 06:16:10 +0000  368 bytes for ./GoogleMaps.bundle/Info.plist
2023-07-17 06:16:10 +0000  copying file ./FloatingTextView.nib ... 
2023-07-17 06:16:10 +0000  5716 bytes for ./FloatingTextView.nib
2023-07-17 06:16:10 +0000  copying file ./Loading.json ... 
2023-07-17 06:16:11 +0000  5079 bytes for ./Loading.json
2023-07-17 06:16:11 +0000  copying file ./Payments.storyboardc/RedeemVC.nib/objects-13.0+.nib ... 
2023-07-17 06:16:11 +0000  1004 bytes for ./Payments.storyboardc/RedeemVC.nib/objects-13.0+.nib
2023-07-17 06:16:11 +0000  copying file ./Payments.storyboardc/RedeemVC.nib/runtime.nib ... 
2023-07-17 06:16:11 +0000  1004 bytes for ./Payments.storyboardc/RedeemVC.nib/runtime.nib
2023-07-17 06:16:11 +0000  copying file ./Payments.storyboardc/aw7-M0-eLk-view-DnS-vl-vQd.nib/objects-13.0+.nib ... 
2023-07-17 06:16:11 +0000  6729 bytes for ./Payments.storyboardc/aw7-M0-eLk-view-DnS-vl-vQd.nib/objects-13.0+.nib
2023-07-17 06:16:11 +0000  copying file ./Payments.storyboardc/aw7-M0-eLk-view-DnS-vl-vQd.nib/runtime.nib ... 
2023-07-17 06:16:11 +0000  7517 bytes for ./Payments.storyboardc/aw7-M0-eLk-view-DnS-vl-vQd.nib/runtime.nib
2023-07-17 06:16:11 +0000  copying file ./Payments.storyboardc/TransferVC.nib/objects-13.0+.nib ... 
2023-07-17 06:16:11 +0000  1009 bytes for ./Payments.storyboardc/TransferVC.nib/objects-13.0+.nib
copying file ./Payments.storyboardc/TransferVC.nib/runtime.nib ... 
2023-07-17 06:16:11 +0000  1009 bytes for ./Payments.storyboardc/TransferVC.nib/runtime.nib
2023-07-17 06:16:11 +0000  copying file ./Payments.storyboardc/i4d-KL-P67-view-r1H-dI-gpn.nib/objects-13.0+.nib ... 
2023-07-17 06:16:11 +0000  11097 bytes for ./Payments.storyboardc/i4d-KL-P67-view-r1H-dI-gpn.nib/objects-13.0+.nib
copying file ./Payments.storyboardc/i4d-KL-P67-view-r1H-dI-gpn.nib/runtime.nib ... 
2023-07-17 06:16:11 +0000  12102 bytes for ./Payments.storyboardc/i4d-KL-P67-view-r1H-dI-gpn.nib/runtime.nib
2023-07-17 06:16:11 +0000  copying file ./Payments.storyboardc/c6r-X1-14p-view-tHn-qc-1AD.nib/objects-13.0+.nib ... 
2023-07-17 06:16:11 +0000  18380 bytes for ./Payments.storyboardc/c6r-X1-14p-view-tHn-qc-1AD.nib/objects-13.0+.nib
copying file ./Payments.storyboardc/c6r-X1-14p-view-tHn-qc-1AD.nib/runtime.nib ... 
2023-07-17 06:16:11 +0000  19194 bytes for ./Payments.storyboardc/c6r-X1-14p-view-tHn-qc-1AD.nib/runtime.nib
2023-07-17 06:16:11 +0000  copying file ./Payments.storyboardc/PaymentPageControllerVC.nib/objects-13.0+.nib ... 
2023-07-17 06:16:11 +0000  1035 bytes for ./Payments.storyboardc/PaymentPageControllerVC.nib/objects-13.0+.nib
copying file ./Payments.storyboardc/PaymentPageControllerVC.nib/runtime.nib ... 
2023-07-17 06:16:11 +0000  1035 bytes for ./Payments.storyboardc/PaymentPageControllerVC.nib/runtime.nib
2023-07-17 06:16:11 +0000  copying file ./Payments.storyboardc/TransactionVC.nib/objects-13.0+.nib ... 
2023-07-17 06:16:11 +0000  1015 bytes for ./Payments.storyboardc/TransactionVC.nib/objects-13.0+.nib
copying file ./Payments.storyboardc/TransactionVC.nib/runtime.nib ... 
2023-07-17 06:16:11 +0000  1015 bytes for ./Payments.storyboardc/TransactionVC.nib/runtime.nib
2023-07-17 06:16:11 +0000  copying file ./Payments.storyboardc/kfM-mO-9KK-view-0DK-g7-7kN.nib/objects-13.0+.nib ... 
2023-07-17 06:16:11 +0000  6728 bytes for ./Payments.storyboardc/kfM-mO-9KK-view-0DK-g7-7kN.nib/objects-13.0+.nib
copying file ./Payments.storyboardc/kfM-mO-9KK-view-0DK-g7-7kN.nib/runtime.nib ... 
2023-07-17 06:16:11 +0000  7200 bytes for ./Payments.storyboardc/kfM-mO-9KK-view-0DK-g7-7kN.nib/runtime.nib
2023-07-17 06:16:11 +0000  copying file ./Payments.storyboardc/RechargeVC.nib/objects-13.0+.nib ... 
2023-07-17 06:16:11 +0000  1009 bytes for ./Payments.storyboardc/RechargeVC.nib/objects-13.0+.nib
2023-07-17 06:16:11 +0000  copying file ./Payments.storyboardc/RechargeVC.nib/runtime.nib ... 
2023-07-17 06:16:11 +0000  1009 bytes for ./Payments.storyboardc/RechargeVC.nib/runtime.nib
2023-07-17 06:16:11 +0000  copying file ./Payments.storyboardc/754-Zj-Ezy-view-3i3-lS-uip.nib/objects-13.0+.nib ... 
2023-07-17 06:16:11 +0000  14404 bytes for ./Payments.storyboardc/754-Zj-Ezy-view-3i3-lS-uip.nib/objects-13.0+.nib
copying file ./Payments.storyboardc/754-Zj-Ezy-view-3i3-lS-uip.nib/runtime.nib ... 
2023-07-17 06:16:11 +0000  15524 bytes for ./Payments.storyboardc/754-Zj-Ezy-view-3i3-lS-uip.nib/runtime.nib
2023-07-17 06:16:11 +0000  copying file ./Payments.storyboardc/DonateVC.nib/objects-13.0+.nib ... 
2023-07-17 06:16:11 +0000  1004 bytes for ./Payments.storyboardc/DonateVC.nib/objects-13.0+.nib
2023-07-17 06:16:11 +0000  copying file ./Payments.storyboardc/DonateVC.nib/runtime.nib ... 
2023-07-17 06:16:11 +0000  1004 bytes for ./Payments.storyboardc/DonateVC.nib/runtime.nib
2023-07-17 06:16:11 +0000  copying file ./Payments.storyboardc/7Sy-9F-6Yn-view-05B-vQ-Gb3.nib/objects-13.0+.nib ... 
2023-07-17 06:16:11 +0000  24630 bytes for ./Payments.storyboardc/7Sy-9F-6Yn-view-05B-vQ-Gb3.nib/objects-13.0+.nib
copying file ./Payments.storyboardc/7Sy-9F-6Yn-view-05B-vQ-Gb3.nib/runtime.nib ... 
2023-07-17 06:16:11 +0000  26408 bytes for ./Payments.storyboardc/7Sy-9F-6Yn-view-05B-vQ-Gb3.nib/runtime.nib
2023-07-17 06:16:11 +0000  copying file ./Payments.storyboardc/Info.plist ... 
2023-07-17 06:16:11 +0000  299 bytes for ./Payments.storyboardc/Info.plist
2023-07-17 06:16:11 +0000  copying file ./AccountCustomView.nib/objects-13.0+.nib ... 
2023-07-17 06:16:11 +0000  11657 bytes for ./AccountCustomView.nib/objects-13.0+.nib
copying file ./AccountCustomView.nib/runtime.nib ... 
2023-07-17 06:16:11 +0000  12294 bytes for ./AccountCustomView.nib/runtime.nib
2023-07-17 06:16:11 +0000  copying file ./UserCell.nib ... 
2023-07-17 06:16:11 +0000  6788 bytes for ./UserCell.nib
2023-07-17 06:16:11 +0000  copying file ./AppIcon60x60@2x.png ... 
2023-07-17 06:16:11 +0000  8872 bytes for ./AppIcon60x60@2x.png
2023-07-17 06:16:11 +0000  copying file ./AddressCell.nib ... 
2023-07-17 06:16:11 +0000  4745 bytes for ./AddressCell.nib
2023-07-17 06:16:11 +0000  copying file ./SettingustomViews.nib/objects-13.0+.nib ... 
2023-07-17 06:16:11 +0000  41029 bytes for ./SettingustomViews.nib/objects-13.0+.nib
copying file ./SettingustomViews.nib/runtime.nib ... 
2023-07-17 06:16:11 +0000  42987 bytes for ./SettingustomViews.nib/runtime.nib
2023-07-17 06:16:11 +0000  copying file ./SettingustomViews.nib/objects-14.0+.nib ... 
2023-07-17 06:16:11 +0000  38956 bytes for ./SettingustomViews.nib/objects-14.0+.nib
2023-07-17 06:16:11 +0000  copying file ./GoogleService-Info.plist ... 
2023-07-17 06:16:11 +0000  736 bytes for ./GoogleService-Info.plist
2023-07-17 06:16:11 +0000  copying file ./done.json ... 
2023-07-17 06:16:11 +0000  3790 bytes for ./done.json
2023-07-17 06:16:11 +0000  copying file ./Base.lproj/Main.storyboardc/OfflineVC.nib/objects-13.0+.nib ... 
2023-07-17 06:16:11 +0000  1006 bytes for ./Base.lproj/Main.storyboardc/OfflineVC.nib/objects-13.0+.nib
copying file ./Base.lproj/Main.storyboardc/OfflineVC.nib/runtime.nib ... 
2023-07-17 06:16:11 +0000  1006 bytes for ./Base.lproj/Main.storyboardc/OfflineVC.nib/runtime.nib
2023-07-17 06:16:11 +0000  copying file ./Base.lproj/Main.storyboardc/ViewController.nib/objects-13.0+.nib ... 
2023-07-17 06:16:11 +0000  1209 bytes for ./Base.lproj/Main.storyboardc/ViewController.nib/objects-13.0+.nib
2023-07-17 06:16:11 +0000  copying file ./Base.lproj/Main.storyboardc/ViewController.nib/runtime.nib ... 
2023-07-17 06:16:11 +0000  1209 bytes for ./Base.lproj/Main.storyboardc/ViewController.nib/runtime.nib
2023-07-17 06:16:11 +0000  copying file ./Base.lproj/Main.storyboardc/6xS-5o-FUo-view-aOh-pr-tPq.nib/objects-13.0+.nib ... 
2023-07-17 06:16:11 +0000  4957 bytes for ./Base.lproj/Main.storyboardc/6xS-5o-FUo-view-aOh-pr-tPq.nib/objects-13.0+.nib
2023-07-17 06:16:11 +0000  copying file ./Base.lproj/Main.storyboardc/6xS-5o-FUo-view-aOh-pr-tPq.nib/runtime.nib ... 
2023-07-17 06:16:11 +0000  5365 bytes for ./Base.lproj/Main.storyboardc/6xS-5o-FUo-view-aOh-pr-tPq.nib/runtime.nib
2023-07-17 06:16:11 +0000  copying file ./Base.lproj/Main.storyboardc/SplashVC.nib/objects-13.0+.nib ... 
2023-07-17 06:16:11 +0000  965 bytes for ./Base.lproj/Main.storyboardc/SplashVC.nib/objects-13.0+.nib
2023-07-17 06:16:11 +0000  copying file ./Base.lproj/Main.storyboardc/SplashVC.nib/runtime.nib ... 
2023-07-17 06:16:11 +0000  965 bytes for ./Base.lproj/Main.storyboardc/SplashVC.nib/runtime.nib
2023-07-17 06:16:11 +0000  copying file ./Base.lproj/Main.storyboardc/BYZ-38-t0r-view-8bC-Xf-vdC.nib/objects-13.0+.nib ... 
2023-07-17 06:16:11 +0000  7447 bytes for ./Base.lproj/Main.storyboardc/BYZ-38-t0r-view-8bC-Xf-vdC.nib/objects-13.0+.nib
copying file ./Base.lproj/Main.storyboardc/BYZ-38-t0r-view-8bC-Xf-vdC.nib/runtime.nib ... 
2023-07-17 06:16:11 +0000  8264 bytes for ./Base.lproj/Main.storyboardc/BYZ-38-t0r-view-8bC-Xf-vdC.nib/runtime.nib
2023-07-17 06:16:11 +0000  copying file ./Base.lproj/Main.storyboardc/4oF-yQ-CrY-view-aS5-1O-kZx.nib/objects-13.0+.nib ... 
2023-07-17 06:16:11 +0000  3468 bytes for ./Base.lproj/Main.storyboardc/4oF-yQ-CrY-view-aS5-1O-kZx.nib/objects-13.0+.nib
copying file ./Base.lproj/Main.storyboardc/4oF-yQ-CrY-view-aS5-1O-kZx.nib/runtime.nib ... 
2023-07-17 06:16:11 +0000  3868 bytes for ./Base.lproj/Main.storyboardc/4oF-yQ-CrY-view-aS5-1O-kZx.nib/runtime.nib
2023-07-17 06:16:11 +0000  copying file ./Base.lproj/Main.storyboardc/Roc-z3-bOR-view-fsh-3K-dJL.nib/objects-13.0+.nib ... 
2023-07-17 06:16:11 +0000  6828 bytes for ./Base.lproj/Main.storyboardc/Roc-z3-bOR-view-fsh-3K-dJL.nib/objects-13.0+.nib
copying file ./Base.lproj/Main.storyboardc/Roc-z3-bOR-view-fsh-3K-dJL.nib/runtime.nib ... 
2023-07-17 06:16:11 +0000  7255 bytes for ./Base.lproj/Main.storyboardc/Roc-z3-bOR-view-fsh-3K-dJL.nib/runtime.nib
2023-07-17 06:16:11 +0000  copying file ./Base.lproj/Main.storyboardc/AlertVC.nib/objects-13.0+.nib ... 
2023-07-17 06:16:11 +0000  1002 bytes for ./Base.lproj/Main.storyboardc/AlertVC.nib/objects-13.0+.nib
2023-07-17 06:16:11 +0000  copying file ./Base.lproj/Main.storyboardc/AlertVC.nib/runtime.nib ... 
2023-07-17 06:16:11 +0000  1002 bytes for ./Base.lproj/Main.storyboardc/AlertVC.nib/runtime.nib
2023-07-17 06:16:11 +0000  copying file ./Base.lproj/Main.storyboardc/mTJ-71-3Rf-view-TWT-lG-y9E.nib/objects-13.0+.nib ... 
2023-07-17 06:16:11 +0000  6480 bytes for ./Base.lproj/Main.storyboardc/mTJ-71-3Rf-view-TWT-lG-y9E.nib/objects-13.0+.nib
copying file ./Base.lproj/Main.storyboardc/mTJ-71-3Rf-view-TWT-lG-y9E.nib/runtime.nib ... 
2023-07-17 06:16:11 +0000  6988 bytes for ./Base.lproj/Main.storyboardc/mTJ-71-3Rf-view-TWT-lG-y9E.nib/runtime.nib
2023-07-17 06:16:11 +0000  copying file ./Base.lproj/Main.storyboardc/Info.plist ... 
2023-07-17 06:16:11 +0000  295 bytes for ./Base.lproj/Main.storyboardc/Info.plist
2023-07-17 06:16:11 +0000  copying file ./Base.lproj/Main.storyboardc/ForceLogoutVC.nib/objects-13.0+.nib ... 
2023-07-17 06:16:11 +0000  1015 bytes for ./Base.lproj/Main.storyboardc/ForceLogoutVC.nib/objects-13.0+.nib
copying file ./Base.lproj/Main.storyboardc/ForceLogoutVC.nib/runtime.nib ... 
2023-07-17 06:16:11 +0000  1015 bytes for ./Base.lproj/Main.storyboardc/ForceLogoutVC.nib/runtime.nib
2023-07-17 06:16:11 +0000  copying file ./GooglePlaces.bundle/de.lproj/GooglePlaces.strings ... 
2023-07-17 06:16:11 +0000  4440 bytes for ./GooglePlaces.bundle/de.lproj/GooglePlaces.strings
2023-07-17 06:16:11 +0000  copying file ./GooglePlaces.bundle/he.lproj/GooglePlaces.strings ... 
2023-07-17 06:16:11 +0000  5000 bytes for ./GooglePlaces.bundle/he.lproj/GooglePlaces.strings
2023-07-17 06:16:11 +0000  copying file ./GooglePlaces.bundle/en_AU.lproj/GooglePlaces.strings ... 
2023-07-17 06:16:11 +0000  4090 bytes for ./GooglePlaces.bundle/en_AU.lproj/GooglePlaces.strings
2023-07-17 06:16:11 +0000  copying file ./GooglePlaces.bundle/ar.lproj/GooglePlaces.strings ... 
2023-07-17 06:16:11 +0000  5106 bytes for ./GooglePlaces.bundle/ar.lproj/GooglePlaces.strings
2023-07-17 06:16:11 +0000  copying file ./GooglePlaces.bundle/el.lproj/GooglePlaces.strings ... 
2023-07-17 06:16:11 +0000  5898 bytes for ./GooglePlaces.bundle/el.lproj/GooglePlaces.strings
2023-07-17 06:16:11 +0000  copying file ./GooglePlaces.bundle/ja.lproj/GooglePlaces.strings ... 
2023-07-17 06:16:11 +0000  3949 bytes for ./GooglePlaces.bundle/ja.lproj/GooglePlaces.strings
2023-07-17 06:16:11 +0000  copying file ./GooglePlaces.bundle/sq.lproj/GooglePlaces.strings ... 
2023-07-17 06:16:11 +0000  4856 bytes for ./GooglePlaces.bundle/sq.lproj/GooglePlaces.strings
2023-07-17 06:16:11 +0000  copying file ./GooglePlaces.bundle/en.lproj/GooglePlaces.strings ... 
2023-07-17 06:16:11 +0000  4114 bytes for ./GooglePlaces.bundle/en.lproj/GooglePlaces.strings
2023-07-17 06:16:11 +0000  copying file ./GooglePlaces.bundle/uk.lproj/GooglePlaces.strings ... 
2023-07-17 06:16:11 +0000  5569 bytes for ./GooglePlaces.bundle/uk.lproj/GooglePlaces.strings
2023-07-17 06:16:11 +0000  copying file ./GooglePlaces.bundle/es_419.lproj/GooglePlaces.strings ... 
2023-07-17 06:16:11 +0000  5076 bytes for ./GooglePlaces.bundle/es_419.lproj/GooglePlaces.strings
2023-07-17 06:16:11 +0000  copying file ./GooglePlaces.bundle/es_MX.lproj/GooglePlaces.strings ... 
2023-07-17 06:16:11 +0000  5076 bytes for ./GooglePlaces.bundle/es_MX.lproj/GooglePlaces.strings
2023-07-17 06:16:11 +0000  copying file ./GooglePlaces.bundle/zh_CN.lproj/GooglePlaces.strings ... 
2023-07-17 06:16:11 +0000  3634 bytes for ./GooglePlaces.bundle/zh_CN.lproj/GooglePlaces.strings
2023-07-17 06:16:11 +0000  copying file ./GooglePlaces.bundle/nb.lproj/GooglePlaces.strings ... 
2023-07-17 06:16:11 +0000  4273 bytes for ./GooglePlaces.bundle/nb.lproj/GooglePlaces.strings
2023-07-17 06:16:11 +0000  copying file ./GooglePlaces.bundle/es.lproj/GooglePlaces.strings ... 
2023-07-17 06:16:11 +0000  5170 bytes for ./GooglePlaces.bundle/es.lproj/GooglePlaces.strings
2023-07-17 06:16:11 +0000  copying file ./GooglePlaces.bundle/sw.lproj/GooglePlaces.strings ... 
2023-07-17 06:16:11 +0000  4554 bytes for ./GooglePlaces.bundle/sw.lproj/GooglePlaces.strings
2023-07-17 06:16:11 +0000  copying file ./GooglePlaces.bundle/pt_BR.lproj/GooglePlaces.strings ... 
2023-07-17 06:16:11 +0000  4963 bytes for ./GooglePlaces.bundle/pt_BR.lproj/GooglePlaces.strings
2023-07-17 06:16:11 +0000  copying file ./GooglePlaces.bundle/da.lproj/GooglePlaces.strings ... 
2023-07-17 06:16:11 +0000  4364 bytes for ./GooglePlaces.bundle/da.lproj/GooglePlaces.strings
2023-07-17 06:16:11 +0000  copying file ./GooglePlaces.bundle/it.lproj/GooglePlaces.strings ... 
2023-07-17 06:16:11 +0000  4506 bytes for ./GooglePlaces.bundle/it.lproj/GooglePlaces.strings
2023-07-17 06:16:11 +0000  copying file ./GooglePlaces.bundle/oss_licenses_places.txt.gz ... 
2023-07-17 06:16:11 +0000  6827 bytes for ./GooglePlaces.bundle/oss_licenses_places.txt.gz
2023-07-17 06:16:11 +0000  copying file ./GooglePlaces.bundle/sad_cloud@2x.png ... 
2023-07-17 06:16:11 +0000  1654 bytes for ./GooglePlaces.bundle/sad_cloud@2x.png
2023-07-17 06:16:11 +0000  copying file ./GooglePlaces.bundle/sk.lproj/GooglePlaces.strings ... 
2023-07-17 06:16:11 +0000  5419 bytes for ./GooglePlaces.bundle/sk.lproj/GooglePlaces.strings
2023-07-17 06:16:11 +0000  copying file ./GooglePlaces.bundle/build-with-google-black@3x.png ... 
2023-07-17 06:16:11 +0000  3701 bytes for ./GooglePlaces.bundle/build-with-google-black@3x.png
2023-07-17 06:16:11 +0000  copying file ./GooglePlaces.bundle/pt_PT.lproj/GooglePlaces.strings ... 
2023-07-17 06:16:11 +0000  5255 bytes for ./GooglePlaces.bundle/pt_PT.lproj/GooglePlaces.strings
2023-07-17 06:16:11 +0000  copying file ./GooglePlaces.bundle/sr.lproj/GooglePlaces.strings ... 
2023-07-17 06:16:11 +0000  5722 bytes for ./GooglePlaces.bundle/sr.lproj/GooglePlaces.strings
2023-07-17 06:16:11 +0000  copying file ./GooglePlaces.bundle/ms.lproj/GooglePlaces.strings ... 
2023-07-17 06:16:11 +0000  4371 bytes for ./GooglePlaces.bundle/ms.lproj/GooglePlaces.strings
2023-07-17 06:16:11 +0000  copying file ./GooglePlaces.bundle/sv.lproj/GooglePlaces.strings ... 
2023-07-17 06:16:11 +0000  4496 bytes for ./GooglePlaces.bundle/sv.lproj/GooglePlaces.strings
2023-07-17 06:16:11 +0000  copying file ./GooglePlaces.bundle/cs.lproj/GooglePlaces.strings ... 
2023-07-17 06:16:11 +0000  5251 bytes for ./GooglePlaces.bundle/cs.lproj/GooglePlaces.strings
2023-07-17 06:16:11 +0000  copying file ./GooglePlaces.bundle/en_IN.lproj/GooglePlaces.strings ... 
2023-07-17 06:16:11 +0000  4092 bytes for ./GooglePlaces.bundle/en_IN.lproj/GooglePlaces.strings
2023-07-17 06:16:11 +0000  copying file ./GooglePlaces.bundle/ko.lproj/GooglePlaces.strings ... 
2023-07-17 06:16:11 +0000  3807 bytes for ./GooglePlaces.bundle/ko.lproj/GooglePlaces.strings
2023-07-17 06:16:11 +0000  copying file ./GooglePlaces.bundle/build-with-google-black@2x.png ... 
2023-07-17 06:16:11 +0000  2419 bytes for ./GooglePlaces.bundle/build-with-google-black@2x.png
2023-07-17 06:16:11 +0000  copying file ./GooglePlaces.bundle/sad_cloud@3x.png ... 
2023-07-17 06:16:11 +0000  2428 bytes for ./GooglePlaces.bundle/sad_cloud@3x.png
2023-07-17 06:16:11 +0000  copying file ./GooglePlaces.bundle/my.lproj/GooglePlaces.strings ... 
2023-07-17 06:16:11 +0000  6449 bytes for ./GooglePlaces.bundle/my.lproj/GooglePlaces.strings
2023-07-17 06:16:11 +0000  copying file ./GooglePlaces.bundle/hu.lproj/GooglePlaces.strings ... 
2023-07-17 06:16:11 +0000  5096 bytes for ./GooglePlaces.bundle/hu.lproj/GooglePlaces.strings
2023-07-17 06:16:11 +0000  copying file ./GooglePlaces.bundle/zh_HK.lproj/GooglePlaces.strings ... 
2023-07-17 06:16:11 +0000  3667 bytes for ./GooglePlaces.bundle/zh_HK.lproj/GooglePlaces.strings
2023-07-17 06:16:11 +0000  copying file ./GooglePlaces.bundle/ka.lproj/GooglePlaces.strings ... 
2023-07-17 06:16:11 +0000  5849 bytes for ./GooglePlaces.bundle/ka.lproj/GooglePlaces.strings
2023-07-17 06:16:11 +0000  copying file ./GooglePlaces.bundle/sad_cloud_dark@2x.png ... 
2023-07-17 06:16:11 +0000  1859 bytes for ./GooglePlaces.bundle/sad_cloud_dark@2x.png
2023-07-17 06:16:11 +0000  copying file ./GooglePlaces.bundle/tr.lproj/GooglePlaces.strings ... 
2023-07-17 06:16:11 +0000  4839 bytes for ./GooglePlaces.bundle/tr.lproj/GooglePlaces.strings
2023-07-17 06:16:11 +0000  copying file ./GooglePlaces.bundle/pl.lproj/GooglePlaces.strings ... 
2023-07-17 06:16:11 +0000  4885 bytes for ./GooglePlaces.bundle/pl.lproj/GooglePlaces.strings
2023-07-17 06:16:11 +0000  copying file ./GooglePlaces.bundle/zh_TW.lproj/GooglePlaces.strings ... 
2023-07-17 06:16:11 +0000  3671 bytes for ./GooglePlaces.bundle/zh_TW.lproj/GooglePlaces.strings
2023-07-17 06:16:11 +0000  copying file ./GooglePlaces.bundle/en_GB.lproj/GooglePlaces.strings ... 
2023-07-17 06:16:11 +0000  4090 bytes for ./GooglePlaces.bundle/en_GB.lproj/GooglePlaces.strings
2023-07-17 06:16:11 +0000  copying file ./GooglePlaces.bundle/sad_cloud_dark@3x.png ... 
2023-07-17 06:16:11 +0000  2738 bytes for ./GooglePlaces.bundle/sad_cloud_dark@3x.png
2023-07-17 06:16:11 +0000  copying file ./GooglePlaces.bundle/vi.lproj/GooglePlaces.strings ... 
2023-07-17 06:16:11 +0000  5789 bytes for ./GooglePlaces.bundle/vi.lproj/GooglePlaces.strings
2023-07-17 06:16:11 +0000  copying file ./GooglePlaces.bundle/lv.lproj/GooglePlaces.strings ... 
2023-07-17 06:16:11 +0000  5605 bytes for ./GooglePlaces.bundle/lv.lproj/GooglePlaces.strings
2023-07-17 06:16:11 +0000  copying file ./GooglePlaces.bundle/lt.lproj/GooglePlaces.strings ... 
2023-07-17 06:16:11 +0000  5587 bytes for ./GooglePlaces.bundle/lt.lproj/GooglePlaces.strings
2023-07-17 06:16:11 +0000  copying file ./GooglePlaces.bundle/ru.lproj/GooglePlaces.strings ... 
2023-07-17 06:16:11 +0000  5723 bytes for ./GooglePlaces.bundle/ru.lproj/GooglePlaces.strings
2023-07-17 06:16:11 +0000  copying file ./GooglePlaces.bundle/fr_CA.lproj/GooglePlaces.strings ... 
2023-07-17 06:16:11 +0000  5082 bytes for ./GooglePlaces.bundle/fr_CA.lproj/GooglePlaces.strings
2023-07-17 06:16:11 +0000  copying file ./GooglePlaces.bundle/fr.lproj/GooglePlaces.strings ... 
2023-07-17 06:16:11 +0000  5119 bytes for ./GooglePlaces.bundle/fr.lproj/GooglePlaces.strings
2023-07-17 06:16:11 +0000  copying file ./GooglePlaces.bundle/fi.lproj/GooglePlaces.strings ... 
2023-07-17 06:16:11 +0000  4545 bytes for ./GooglePlaces.bundle/fi.lproj/GooglePlaces.strings
2023-07-17 06:16:11 +0000  copying file ./GooglePlaces.bundle/id.lproj/GooglePlaces.strings ... 
2023-07-17 06:16:11 +0000  4266 bytes for ./GooglePlaces.bundle/id.lproj/GooglePlaces.strings
2023-07-17 06:16:11 +0000  copying file ./GooglePlaces.bundle/nl.lproj/GooglePlaces.strings ... 
2023-07-17 06:16:11 +0000  4122 bytes for ./GooglePlaces.bundle/nl.lproj/GooglePlaces.strings
2023-07-17 06:16:11 +0000  copying file ./GooglePlaces.bundle/th.lproj/GooglePlaces.strings ... 
2023-07-17 06:16:11 +0000  5524 bytes for ./GooglePlaces.bundle/th.lproj/GooglePlaces.strings
2023-07-17 06:16:11 +0000  copying file ./GooglePlaces.bundle/pt.lproj/GooglePlaces.strings ... 
2023-07-17 06:16:11 +0000  4963 bytes for ./GooglePlaces.bundle/pt.lproj/GooglePlaces.strings
2023-07-17 06:16:11 +0000  copying file ./GooglePlaces.bundle/build-with-google-white@3x.png ... 
2023-07-17 06:16:11 +0000  4372 bytes for ./GooglePlaces.bundle/build-with-google-white@3x.png
2023-07-17 06:16:11 +0000  copying file ./GooglePlaces.bundle/build-with-google-white@2x.png ... 
2023-07-17 06:16:11 +0000  2861 bytes for ./GooglePlaces.bundle/build-with-google-white@2x.png
2023-07-17 06:16:11 +0000  copying file ./GooglePlaces.bundle/ro.lproj/GooglePlaces.strings ... 
2023-07-17 06:16:11 +0000  5210 bytes for ./GooglePlaces.bundle/ro.lproj/GooglePlaces.strings
2023-07-17 06:16:11 +0000  copying file ./GooglePlaces.bundle/Info.plist ... 
2023-07-17 06:16:11 +0000  343 bytes for ./GooglePlaces.bundle/Info.plist
2023-07-17 06:16:11 +0000  copying file ./GooglePlaces.bundle/hr.lproj/GooglePlaces.strings ... 
2023-07-17 06:16:11 +0000  5025 bytes for ./GooglePlaces.bundle/hr.lproj/GooglePlaces.strings
2023-07-17 06:16:11 +0000  copying file ./GooglePlaces.bundle/hi.lproj/GooglePlaces.strings ... 
2023-07-17 06:16:11 +0000  5735 bytes for ./GooglePlaces.bundle/hi.lproj/GooglePlaces.strings
2023-07-17 06:16:11 +0000  copying file ./GooglePlaces.bundle/ca.lproj/GooglePlaces.strings ... 
2023-07-17 06:16:11 +0000  4942 bytes for ./GooglePlaces.bundle/ca.lproj/GooglePlaces.strings
2023-07-17 06:16:11 +0000  copying file ./Home.storyboardc/ViewVehicleVC.nib/objects-13.0+.nib ... 
2023-07-17 06:16:11 +0000  1015 bytes for ./Home.storyboardc/ViewVehicleVC.nib/objects-13.0+.nib
2023-07-17 06:16:11 +0000  copying file ./Home.storyboardc/ViewVehicleVC.nib/runtime.nib ... 
2023-07-17 06:16:11 +0000  1015 bytes for ./Home.storyboardc/ViewVehicleVC.nib/runtime.nib
copying file ./Home.storyboardc/ViewVehicleVC.nib/objects-14.0+.nib ... 
2023-07-17 06:16:11 +0000  1015 bytes for ./Home.storyboardc/ViewVehicleVC.nib/objects-14.0+.nib
2023-07-17 06:16:11 +0000  copying file ./Home.storyboardc/cB1-pb-H78-view-Hjk-jo-9Ru.nib/objects-13.0+.nib ... 
2023-07-17 06:16:11 +0000  16108 bytes for ./Home.storyboardc/cB1-pb-H78-view-Hjk-jo-9Ru.nib/objects-13.0+.nib
copying file ./Home.storyboardc/cB1-pb-H78-view-Hjk-jo-9Ru.nib/runtime.nib ... 
2023-07-17 06:16:11 +0000  17245 bytes for ./Home.storyboardc/cB1-pb-H78-view-Hjk-jo-9Ru.nib/runtime.nib
copying file ./Home.storyboardc/cB1-pb-H78-view-Hjk-jo-9Ru.nib/objects-14.0+.nib ... 
2023-07-17 06:16:11 +0000  14946 bytes for ./Home.storyboardc/cB1-pb-H78-view-Hjk-jo-9Ru.nib/objects-14.0+.nib
2023-07-17 06:16:11 +0000  copying file ./Home.storyboardc/MenuVC.nib/objects-13.0+.nib ... 
2023-07-17 06:16:11 +0000  1000 bytes for ./Home.storyboardc/MenuVC.nib/objects-13.0+.nib
copying file ./Home.storyboardc/MenuVC.nib/runtime.nib ... 
2023-07-17 06:16:11 +0000  1000 bytes for ./Home.storyboardc/MenuVC.nib/runtime.nib
copying file ./Home.storyboardc/MenuVC.nib/objects-14.0+.nib ... 
2023-07-17 06:16:11 +0000  1000 bytes for ./Home.storyboardc/MenuVC.nib/objects-14.0+.nib
2023-07-17 06:16:11 +0000  copying file ./Home.storyboardc/fFg-wo-gPN-view-J1G-M0-Ccs.nib/objects-13.0+.nib ... 
2023-07-17 06:16:11 +0000  3217 bytes for ./Home.storyboardc/fFg-wo-gPN-view-J1G-M0-Ccs.nib/objects-13.0+.nib
2023-07-17 06:16:11 +0000  copying file ./Home.storyboardc/fFg-wo-gPN-view-J1G-M0-Ccs.nib/runtime.nib ... 
2023-07-17 06:16:11 +0000  3650 bytes for ./Home.storyboardc/fFg-wo-gPN-view-J1G-M0-Ccs.nib/runtime.nib
copying file ./Home.storyboardc/fFg-wo-gPN-view-J1G-M0-Ccs.nib/objects-14.0+.nib ... 
2023-07-17 06:16:11 +0000  3217 bytes for ./Home.storyboardc/fFg-wo-gPN-view-J1G-M0-Ccs.nib/objects-14.0+.nib
2023-07-17 06:16:11 +0000  copying file ./Home.storyboardc/EditRouteVC.nib/objects-13.0+.nib ... 
2023-07-17 06:16:11 +0000  1011 bytes for ./Home.storyboardc/EditRouteVC.nib/objects-13.0+.nib
copying file ./Home.storyboardc/EditRouteVC.nib/runtime.nib ... 
2023-07-17 06:16:11 +0000  1011 bytes for ./Home.storyboardc/EditRouteVC.nib/runtime.nib
copying file ./Home.storyboardc/EditRouteVC.nib/objects-14.0+.nib ... 
2023-07-17 06:16:11 +0000  1011 bytes for ./Home.storyboardc/EditRouteVC.nib/objects-14.0+.nib
2023-07-17 06:16:11 +0000  copying file ./Home.storyboardc/01P-FC-Qrk-view-Gv9-FQ-awK.nib/objects-13.0+.nib ... 
2023-07-17 06:16:11 +0000  53789 bytes for ./Home.storyboardc/01P-FC-Qrk-view-Gv9-FQ-awK.nib/objects-13.0+.nib
2023-07-17 06:16:11 +0000  copying file ./Home.storyboardc/01P-FC-Qrk-view-Gv9-FQ-awK.nib/runtime.nib ... 
2023-07-17 06:16:11 +0000  57012 bytes for ./Home.storyboardc/01P-FC-Qrk-view-Gv9-FQ-awK.nib/runtime.nib
2023-07-17 06:16:11 +0000  copying file ./Home.storyboardc/01P-FC-Qrk-view-Gv9-FQ-awK.nib/objects-14.0+.nib ... 
2023-07-17 06:16:11 +0000  53789 bytes for ./Home.storyboardc/01P-FC-Qrk-view-Gv9-FQ-awK.nib/objects-14.0+.nib
2023-07-17 06:16:11 +0000  copying file ./Home.storyboardc/QdO-BW-HMV-view-RjF-aU-dEg.nib/objects-13.0+.nib ... 
2023-07-17 06:16:11 +0000  22356 bytes for ./Home.storyboardc/QdO-BW-HMV-view-RjF-aU-dEg.nib/objects-13.0+.nib
2023-07-17 06:16:11 +0000  copying file ./Home.storyboardc/QdO-BW-HMV-view-RjF-aU-dEg.nib/runtime.nib ... 
2023-07-17 06:16:11 +0000  23486 bytes for ./Home.storyboardc/QdO-BW-HMV-view-RjF-aU-dEg.nib/runtime.nib
copying file ./Home.storyboardc/QdO-BW-HMV-view-RjF-aU-dEg.nib/objects-14.0+.nib ... 
2023-07-17 06:16:11 +0000  22356 bytes for ./Home.storyboardc/QdO-BW-HMV-view-RjF-aU-dEg.nib/objects-14.0+.nib
2023-07-17 06:16:11 +0000  copying file ./Home.storyboardc/TripUserProfileVC.nib/objects-13.0+.nib ... 
2023-07-17 06:16:11 +0000  1023 bytes for ./Home.storyboardc/TripUserProfileVC.nib/objects-13.0+.nib
copying file ./Home.storyboardc/TripUserProfileVC.nib/runtime.nib ... 
2023-07-17 06:16:11 +0000  1023 bytes for ./Home.storyboardc/TripUserProfileVC.nib/runtime.nib
copying file ./Home.storyboardc/TripUserProfileVC.nib/objects-14.0+.nib ... 
2023-07-17 06:16:11 +0000  1023 bytes for ./Home.storyboardc/TripUserProfileVC.nib/objects-14.0+.nib
2023-07-17 06:16:11 +0000  copying file ./Home.storyboardc/LicenseVC.nib/objects-13.0+.nib ... 
2023-07-17 06:16:11 +0000  1006 bytes for ./Home.storyboardc/LicenseVC.nib/objects-13.0+.nib
copying file ./Home.storyboardc/LicenseVC.nib/runtime.nib ... 
2023-07-17 06:16:11 +0000  1006 bytes for ./Home.storyboardc/LicenseVC.nib/runtime.nib
copying file ./Home.storyboardc/LicenseVC.nib/objects-14.0+.nib ... 
2023-07-17 06:16:11 +0000  1006 bytes for ./Home.storyboardc/LicenseVC.nib/objects-14.0+.nib
2023-07-17 06:16:11 +0000  copying file ./Home.storyboardc/2yl-HG-DZQ-view-ycT-PU-B9K.nib/objects-13.0+.nib ... 
2023-07-17 06:16:11 +0000  28529 bytes for ./Home.storyboardc/2yl-HG-DZQ-view-ycT-PU-B9K.nib/objects-13.0+.nib
copying file ./Home.storyboardc/2yl-HG-DZQ-view-ycT-PU-B9K.nib/runtime.nib ... 
2023-07-17 06:16:11 +0000  30375 bytes for ./Home.storyboardc/2yl-HG-DZQ-view-ycT-PU-B9K.nib/runtime.nib
2023-07-17 06:16:11 +0000  copying file ./Home.storyboardc/2yl-HG-DZQ-view-ycT-PU-B9K.nib/objects-14.0+.nib ... 
2023-07-17 06:16:11 +0000  28529 bytes for ./Home.storyboardc/2yl-HG-DZQ-view-ycT-PU-B9K.nib/objects-14.0+.nib
2023-07-17 06:16:11 +0000  copying file ./Home.storyboardc/RideMainVC.nib/objects-13.0+.nib ... 
2023-07-17 06:16:11 +0000  1009 bytes for ./Home.storyboardc/RideMainVC.nib/objects-13.0+.nib
2023-07-17 06:16:11 +0000  copying file ./Home.storyboardc/RideMainVC.nib/runtime.nib ... 
2023-07-17 06:16:11 +0000  1009 bytes for ./Home.storyboardc/RideMainVC.nib/runtime.nib
2023-07-17 06:16:11 +0000  copying file ./Home.storyboardc/RideMainVC.nib/objects-14.0+.nib ... 
2023-07-17 06:16:11 +0000  1009 bytes for ./Home.storyboardc/RideMainVC.nib/objects-14.0+.nib
2023-07-17 06:16:11 +0000  copying file ./Home.storyboardc/MatchingOptionVC.nib/objects-13.0+.nib ... 
2023-07-17 06:16:11 +0000  1021 bytes for ./Home.storyboardc/MatchingOptionVC.nib/objects-13.0+.nib
2023-07-17 06:16:11 +0000  copying file ./Home.storyboardc/MatchingOptionVC.nib/runtime.nib ... 
2023-07-17 06:16:11 +0000  1021 bytes for ./Home.storyboardc/MatchingOptionVC.nib/runtime.nib
copying file ./Home.storyboardc/MatchingOptionVC.nib/objects-14.0+.nib ... 
2023-07-17 06:16:11 +0000  1021 bytes for ./Home.storyboardc/MatchingOptionVC.nib/objects-14.0+.nib
2023-07-17 06:16:11 +0000  copying file ./Home.storyboardc/PostRideVehicleVC.nib/objects-13.0+.nib ... 
2023-07-17 06:16:11 +0000  1023 bytes for ./Home.storyboardc/PostRideVehicleVC.nib/objects-13.0+.nib
copying file ./Home.storyboardc/PostRideVehicleVC.nib/runtime.nib ... 
2023-07-17 06:16:11 +0000  1023 bytes for ./Home.storyboardc/PostRideVehicleVC.nib/runtime.nib
copying file ./Home.storyboardc/PostRideVehicleVC.nib/objects-14.0+.nib ... 
2023-07-17 06:16:11 +0000  1023 bytes for ./Home.storyboardc/PostRideVehicleVC.nib/objects-14.0+.nib
2023-07-17 06:16:11 +0000  copying file ./Home.storyboardc/VehicleListVC.nib/objects-13.0+.nib ... 
2023-07-17 06:16:11 +0000  1015 bytes for ./Home.storyboardc/VehicleListVC.nib/objects-13.0+.nib
copying file ./Home.storyboardc/VehicleListVC.nib/runtime.nib ... 
2023-07-17 06:16:11 +0000  1015 bytes for ./Home.storyboardc/VehicleListVC.nib/runtime.nib
2023-07-17 06:16:11 +0000  copying file ./Home.storyboardc/VehicleListVC.nib/objects-14.0+.nib ... 
2023-07-17 06:16:11 +0000  1015 bytes for ./Home.storyboardc/VehicleListVC.nib/objects-14.0+.nib
2023-07-17 06:16:11 +0000  copying file ./Home.storyboardc/irA-MT-9PG-view-X2v-50-lYl.nib/objects-13.0+.nib ... 
2023-07-17 06:16:11 +0000  16667 bytes for ./Home.storyboardc/irA-MT-9PG-view-X2v-50-lYl.nib/objects-13.0+.nib
2023-07-17 06:16:11 +0000  copying file ./Home.storyboardc/irA-MT-9PG-view-X2v-50-lYl.nib/runtime.nib ... 
2023-07-17 06:16:11 +0000  17175 bytes for ./Home.storyboardc/irA-MT-9PG-view-X2v-50-lYl.nib/runtime.nib
2023-07-17 06:16:11 +0000  copying file ./Home.storyboardc/irA-MT-9PG-view-X2v-50-lYl.nib/objects-14.0+.nib ... 
2023-07-17 06:16:11 +0000  16667 bytes for ./Home.storyboardc/irA-MT-9PG-view-X2v-50-lYl.nib/objects-14.0+.nib
2023-07-17 06:16:11 +0000  copying file ./Home.storyboardc/AddVehicleVC.nib/objects-13.0+.nib ... 
2023-07-17 06:16:11 +0000  1013 bytes for ./Home.storyboardc/AddVehicleVC.nib/objects-13.0+.nib
2023-07-17 06:16:11 +0000  copying file ./Home.storyboardc/AddVehicleVC.nib/runtime.nib ... 
2023-07-17 06:16:11 +0000  1013 bytes for ./Home.storyboardc/AddVehicleVC.nib/runtime.nib
copying file ./Home.storyboardc/AddVehicleVC.nib/objects-14.0+.nib ... 
2023-07-17 06:16:11 +0000  1013 bytes for ./Home.storyboardc/AddVehicleVC.nib/objects-14.0+.nib
2023-07-17 06:16:11 +0000  copying file ./Home.storyboardc/kZU-73-etZ-view-HgI-JH-EXh.nib/objects-13.0+.nib ... 
2023-07-17 06:16:11 +0000  31920 bytes for ./Home.storyboardc/kZU-73-etZ-view-HgI-JH-EXh.nib/objects-13.0+.nib
copying file ./Home.storyboardc/kZU-73-etZ-view-HgI-JH-EXh.nib/runtime.nib ... 
2023-07-17 06:16:11 +0000  34317 bytes for ./Home.storyboardc/kZU-73-etZ-view-HgI-JH-EXh.nib/runtime.nib
2023-07-17 06:16:11 +0000  copying file ./Home.storyboardc/kZU-73-etZ-view-HgI-JH-EXh.nib/objects-14.0+.nib ... 
2023-07-17 06:16:11 +0000  31920 bytes for ./Home.storyboardc/kZU-73-etZ-view-HgI-JH-EXh.nib/objects-14.0+.nib
2023-07-17 06:16:11 +0000  copying file ./Home.storyboardc/FGv-0u-vCf-view-Ghn-36-tC3.nib/objects-13.0+.nib ... 
2023-07-17 06:16:11 +0000  6782 bytes for ./Home.storyboardc/FGv-0u-vCf-view-Ghn-36-tC3.nib/objects-13.0+.nib
copying file ./Home.storyboardc/FGv-0u-vCf-view-Ghn-36-tC3.nib/runtime.nib ... 
2023-07-17 06:16:11 +0000  7531 bytes for ./Home.storyboardc/FGv-0u-vCf-view-Ghn-36-tC3.nib/runtime.nib
2023-07-17 06:16:11 +0000  copying file ./Home.storyboardc/FGv-0u-vCf-view-Ghn-36-tC3.nib/objects-14.0+.nib ... 
2023-07-17 06:16:11 +0000  6782 bytes for ./Home.storyboardc/FGv-0u-vCf-view-Ghn-36-tC3.nib/objects-14.0+.nib
2023-07-17 06:16:11 +0000  copying file ./Home.storyboardc/NotificationVC.nib/objects-13.0+.nib ... 
2023-07-17 06:16:11 +0000  1017 bytes for ./Home.storyboardc/NotificationVC.nib/objects-13.0+.nib
2023-07-17 06:16:11 +0000  copying file ./Home.storyboardc/NotificationVC.nib/runtime.nib ... 
2023-07-17 06:16:11 +0000  1017 bytes for ./Home.storyboardc/NotificationVC.nib/runtime.nib
copying file ./Home.storyboardc/NotificationVC.nib/objects-14.0+.nib ... 
2023-07-17 06:16:11 +0000  1017 bytes for ./Home.storyboardc/NotificationVC.nib/objects-14.0+.nib
2023-07-17 06:16:11 +0000  copying file ./Home.storyboardc/kMR-5X-K0c-view-2lr-hc-MUA.nib/objects-13.0+.nib ... 
2023-07-17 06:16:11 +0000  25519 bytes for ./Home.storyboardc/kMR-5X-K0c-view-2lr-hc-MUA.nib/objects-13.0+.nib
copying file ./Home.storyboardc/kMR-5X-K0c-view-2lr-hc-MUA.nib/runtime.nib ... 
2023-07-17 06:16:11 +0000  27380 bytes for ./Home.storyboardc/kMR-5X-K0c-view-2lr-hc-MUA.nib/runtime.nib
copying file ./Home.storyboardc/kMR-5X-K0c-view-2lr-hc-MUA.nib/objects-14.0+.nib ... 
2023-07-17 06:16:11 +0000  25519 bytes for ./Home.storyboardc/kMR-5X-K0c-view-2lr-hc-MUA.nib/objects-14.0+.nib
2023-07-17 06:16:11 +0000  copying file ./Home.storyboardc/EditPRofileVC.nib/objects-13.0+.nib ... 
2023-07-17 06:16:11 +0000  1015 bytes for ./Home.storyboardc/EditPRofileVC.nib/objects-13.0+.nib
2023-07-17 06:16:11 +0000  copying file ./Home.storyboardc/EditPRofileVC.nib/runtime.nib ... 
2023-07-17 06:16:11 +0000  1015 bytes for ./Home.storyboardc/EditPRofileVC.nib/runtime.nib
2023-07-17 06:16:11 +0000  copying file ./Home.storyboardc/EditPRofileVC.nib/objects-14.0+.nib ... 
2023-07-17 06:16:11 +0000  1015 bytes for ./Home.storyboardc/EditPRofileVC.nib/objects-14.0+.nib
2023-07-17 06:16:11 +0000  copying file ./Home.storyboardc/Gd5-CV-7MF-view-9Br-6I-Qth.nib/objects-13.0+.nib ... 
2023-07-17 06:16:11 +0000  25714 bytes for ./Home.storyboardc/Gd5-CV-7MF-view-9Br-6I-Qth.nib/objects-13.0+.nib
copying file ./Home.storyboardc/Gd5-CV-7MF-view-9Br-6I-Qth.nib/runtime.nib ... 
2023-07-17 06:16:11 +0000  27458 bytes for ./Home.storyboardc/Gd5-CV-7MF-view-9Br-6I-Qth.nib/runtime.nib
copying file ./Home.storyboardc/Gd5-CV-7MF-view-9Br-6I-Qth.nib/objects-14.0+.nib ... 
2023-07-17 06:16:11 +0000  25714 bytes for ./Home.storyboardc/Gd5-CV-7MF-view-9Br-6I-Qth.nib/objects-14.0+.nib
2023-07-17 06:16:11 +0000  copying file ./Home.storyboardc/36M-p3-GmJ-view-Cuy-A7-hHo.nib/objects-13.0+.nib ... 
2023-07-17 06:16:11 +0000  7050 bytes for ./Home.storyboardc/36M-p3-GmJ-view-Cuy-A7-hHo.nib/objects-13.0+.nib
copying file ./Home.storyboardc/36M-p3-GmJ-view-Cuy-A7-hHo.nib/runtime.nib ... 
2023-07-17 06:16:11 +0000  7899 bytes for ./Home.storyboardc/36M-p3-GmJ-view-Cuy-A7-hHo.nib/runtime.nib
copying file ./Home.storyboardc/36M-p3-GmJ-view-Cuy-A7-hHo.nib/objects-14.0+.nib ... 
2023-07-17 06:16:11 +0000  7050 bytes for ./Home.storyboardc/36M-p3-GmJ-view-Cuy-A7-hHo.nib/objects-14.0+.nib
2023-07-17 06:16:11 +0000  copying file ./Home.storyboardc/TripUserDetailVC.nib/objects-13.0+.nib ... 
2023-07-17 06:16:11 +0000  1021 bytes for ./Home.storyboardc/TripUserDetailVC.nib/objects-13.0+.nib
copying file ./Home.storyboardc/TripUserDetailVC.nib/runtime.nib ... 
2023-07-17 06:16:11 +0000  1021 bytes for ./Home.storyboardc/TripUserDetailVC.nib/runtime.nib
2023-07-17 06:16:11 +0000  copying file ./Home.storyboardc/TripUserDetailVC.nib/objects-14.0+.nib ... 
2023-07-17 06:16:11 +0000  1021 bytes for ./Home.storyboardc/TripUserDetailVC.nib/objects-14.0+.nib
2023-07-17 06:16:11 +0000  copying file ./Home.storyboardc/ProfileVC.nib/objects-13.0+.nib ... 
2023-07-17 06:16:11 +0000  1006 bytes for ./Home.storyboardc/ProfileVC.nib/objects-13.0+.nib
copying file ./Home.storyboardc/ProfileVC.nib/runtime.nib ... 
2023-07-17 06:16:11 +0000  1006 bytes for ./Home.storyboardc/ProfileVC.nib/runtime.nib
copying file ./Home.storyboardc/ProfileVC.nib/objects-14.0+.nib ... 
2023-07-17 06:16:11 +0000  1006 bytes for ./Home.storyboardc/ProfileVC.nib/objects-14.0+.nib
2023-07-17 06:16:11 +0000  copying file ./Home.storyboardc/mVi-Vf-d0J-view-GUA-RK-81K.nib/objects-13.0+.nib ... 
2023-07-17 06:16:11 +0000  11294 bytes for ./Home.storyboardc/mVi-Vf-d0J-view-GUA-RK-81K.nib/objects-13.0+.nib
copying file ./Home.storyboardc/mVi-Vf-d0J-view-GUA-RK-81K.nib/runtime.nib ... 
2023-07-17 06:16:11 +0000  12059 bytes for ./Home.storyboardc/mVi-Vf-d0J-view-GUA-RK-81K.nib/runtime.nib
copying file ./Home.storyboardc/mVi-Vf-d0J-view-GUA-RK-81K.nib/objects-14.0+.nib ... 
2023-07-17 06:16:11 +0000  11294 bytes for ./Home.storyboardc/mVi-Vf-d0J-view-GUA-RK-81K.nib/objects-14.0+.nib
2023-07-17 06:16:11 +0000  copying file ./Home.storyboardc/ContactsVC.nib/objects-13.0+.nib ... 
2023-07-17 06:16:11 +0000  1009 bytes for ./Home.storyboardc/ContactsVC.nib/objects-13.0+.nib
copying file ./Home.storyboardc/ContactsVC.nib/runtime.nib ... 
2023-07-17 06:16:11 +0000  1009 bytes for ./Home.storyboardc/ContactsVC.nib/runtime.nib
copying file ./Home.storyboardc/ContactsVC.nib/objects-14.0+.nib ... 
2023-07-17 06:16:11 +0000  1009 bytes for ./Home.storyboardc/ContactsVC.nib/objects-14.0+.nib
2023-07-17 06:16:11 +0000  copying file ./Home.storyboardc/HomeVC.nib/objects-13.0+.nib ... 
2023-07-17 06:16:11 +0000  1000 bytes for ./Home.storyboardc/HomeVC.nib/objects-13.0+.nib
copying file ./Home.storyboardc/HomeVC.nib/runtime.nib ... 
2023-07-17 06:16:11 +0000  1000 bytes for ./Home.storyboardc/HomeVC.nib/runtime.nib
copying file ./Home.storyboardc/HomeVC.nib/objects-14.0+.nib ... 
2023-07-17 06:16:11 +0000  1000 bytes for ./Home.storyboardc/HomeVC.nib/objects-14.0+.nib
2023-07-17 06:16:11 +0000  copying file ./Home.storyboardc/C8V-d7-Eeg-view-Gpv-4Y-c9s.nib/objects-13.0+.nib ... 
2023-07-17 06:16:11 +0000  29632 bytes for ./Home.storyboardc/C8V-d7-Eeg-view-Gpv-4Y-c9s.nib/objects-13.0+.nib
copying file ./Home.storyboardc/C8V-d7-Eeg-view-Gpv-4Y-c9s.nib/runtime.nib ... 
2023-07-17 06:16:11 +0000  31653 bytes for ./Home.storyboardc/C8V-d7-Eeg-view-Gpv-4Y-c9s.nib/runtime.nib
2023-07-17 06:16:11 +0000  copying file ./Home.storyboardc/C8V-d7-Eeg-view-Gpv-4Y-c9s.nib/objects-14.0+.nib ... 
2023-07-17 06:16:11 +0000  29632 bytes for ./Home.storyboardc/C8V-d7-Eeg-view-Gpv-4Y-c9s.nib/objects-14.0+.nib
2023-07-17 06:16:11 +0000  copying file ./Home.storyboardc/Zx8-US-5CO-view-td7-sg-Iog.nib/objects-13.0+.nib ... 
2023-07-17 06:16:11 +0000  3365 bytes for ./Home.storyboardc/Zx8-US-5CO-view-td7-sg-Iog.nib/objects-13.0+.nib
2023-07-17 06:16:11 +0000  copying file ./Home.storyboardc/Zx8-US-5CO-view-td7-sg-Iog.nib/runtime.nib ... 
2023-07-17 06:16:11 +0000  3798 bytes for ./Home.storyboardc/Zx8-US-5CO-view-td7-sg-Iog.nib/runtime.nib
2023-07-17 06:16:11 +0000  copying file ./Home.storyboardc/Zx8-US-5CO-view-td7-sg-Iog.nib/objects-14.0+.nib ... 
2023-07-17 06:16:11 +0000  3365 bytes for ./Home.storyboardc/Zx8-US-5CO-view-td7-sg-Iog.nib/objects-14.0+.nib
2023-07-17 06:16:11 +0000  copying file ./Home.storyboardc/qZr-8a-9bU-view-MWa-Kc-Jvm.nib/objects-13.0+.nib ... 
2023-07-17 06:16:11 +0000  18080 bytes for ./Home.storyboardc/qZr-8a-9bU-view-MWa-Kc-Jvm.nib/objects-13.0+.nib
copying file ./Home.storyboardc/qZr-8a-9bU-view-MWa-Kc-Jvm.nib/runtime.nib ... 
2023-07-17 06:16:11 +0000  19219 bytes for ./Home.storyboardc/qZr-8a-9bU-view-MWa-Kc-Jvm.nib/runtime.nib
copying file ./Home.storyboardc/qZr-8a-9bU-view-MWa-Kc-Jvm.nib/objects-14.0+.nib ... 
2023-07-17 06:16:11 +0000  18080 bytes for ./Home.storyboardc/qZr-8a-9bU-view-MWa-Kc-Jvm.nib/objects-14.0+.nib
2023-07-17 06:16:11 +0000  copying file ./Home.storyboardc/f7G-AW-bqN-view-n6j-yd-Daj.nib/objects-13.0+.nib ... 
2023-07-17 06:16:11 +0000  15591 bytes for ./Home.storyboardc/f7G-AW-bqN-view-n6j-yd-Daj.nib/objects-13.0+.nib
copying file ./Home.storyboardc/f7G-AW-bqN-view-n6j-yd-Daj.nib/runtime.nib ... 
2023-07-17 06:16:11 +0000  16428 bytes for ./Home.storyboardc/f7G-AW-bqN-view-n6j-yd-Daj.nib/runtime.nib
2023-07-17 06:16:11 +0000  copying file ./Home.storyboardc/f7G-AW-bqN-view-n6j-yd-Daj.nib/objects-14.0+.nib ... 
2023-07-17 06:16:11 +0000  15591 bytes for ./Home.storyboardc/f7G-AW-bqN-view-n6j-yd-Daj.nib/objects-14.0+.nib
2023-07-17 06:16:11 +0000  copying file ./Home.storyboardc/Info.plist ... 
2023-07-17 06:16:11 +0000  708 bytes for ./Home.storyboardc/Info.plist
2023-07-17 06:16:11 +0000  copying file ./Home.storyboardc/RideTakerVC.nib/objects-13.0+.nib ... 
2023-07-17 06:16:11 +0000  1011 bytes for ./Home.storyboardc/RideTakerVC.nib/objects-13.0+.nib
copying file ./Home.storyboardc/RideTakerVC.nib/runtime.nib ... 
2023-07-17 06:16:11 +0000  1011 bytes for ./Home.storyboardc/RideTakerVC.nib/runtime.nib
copying file ./Home.storyboardc/RideTakerVC.nib/objects-14.0+.nib ... 
2023-07-17 06:16:11 +0000  1011 bytes for ./Home.storyboardc/RideTakerVC.nib/objects-14.0+.nib
2023-07-17 06:16:11 +0000  copying file ./Home.storyboardc/EditRideVC.nib/objects-13.0+.nib ... 
2023-07-17 06:16:11 +0000  1009 bytes for ./Home.storyboardc/EditRideVC.nib/objects-13.0+.nib
copying file ./Home.storyboardc/EditRideVC.nib/runtime.nib ... 
2023-07-17 06:16:11 +0000  1009 bytes for ./Home.storyboardc/EditRideVC.nib/runtime.nib
2023-07-17 06:16:11 +0000  copying file ./Home.storyboardc/EditRideVC.nib/objects-14.0+.nib ... 
2023-07-17 06:16:11 +0000  1009 bytes for ./Home.storyboardc/EditRideVC.nib/objects-14.0+.nib
2023-07-17 06:16:11 +0000  copying file ./Home.storyboardc/K0w-9p-NMP-view-BuI-8u-YDh.nib/objects-13.0+.nib ... 
2023-07-17 06:16:11 +0000  21844 bytes for ./Home.storyboardc/K0w-9p-NMP-view-BuI-8u-YDh.nib/objects-13.0+.nib
copying file ./Home.storyboardc/K0w-9p-NMP-view-BuI-8u-YDh.nib/runtime.nib ... 
2023-07-17 06:16:11 +0000  22917 bytes for ./Home.storyboardc/K0w-9p-NMP-view-BuI-8u-YDh.nib/runtime.nib
copying file ./Home.storyboardc/K0w-9p-NMP-view-BuI-8u-YDh.nib/objects-14.0+.nib ... 
2023-07-17 06:16:11 +0000  21844 bytes for ./Home.storyboardc/K0w-9p-NMP-view-BuI-8u-YDh.nib/objects-14.0+.nib
2023-07-17 06:16:11 +0000  copying file ./Home.storyboardc/9NF-kk-9mI-view-Wis-CA-iP3.nib/objects-13.0+.nib ... 
2023-07-17 06:16:11 +0000  9104 bytes for ./Home.storyboardc/9NF-kk-9mI-view-Wis-CA-iP3.nib/objects-13.0+.nib
2023-07-17 06:16:11 +0000  copying file ./Home.storyboardc/9NF-kk-9mI-view-Wis-CA-iP3.nib/runtime.nib ... 
2023-07-17 06:16:11 +0000  10256 bytes for ./Home.storyboardc/9NF-kk-9mI-view-Wis-CA-iP3.nib/runtime.nib
copying file ./Home.storyboardc/9NF-kk-9mI-view-Wis-CA-iP3.nib/objects-14.0+.nib ... 
2023-07-17 06:16:11 +0000  9104 bytes for ./Home.storyboardc/9NF-kk-9mI-view-Wis-CA-iP3.nib/objects-14.0+.nib
2023-07-17 06:16:11 +0000  copying file ./ChatRightCell.nib/objects-13.0+.nib ... 
2023-07-17 06:16:11 +0000  5739 bytes for ./ChatRightCell.nib/objects-13.0+.nib
copying file ./ChatRightCell.nib/runtime.nib ... 
2023-07-17 06:16:11 +0000  6039 bytes for ./ChatRightCell.nib/runtime.nib
2023-07-17 06:16:11 +0000  copying file ./RideTakerCell.nib/objects-13.0+.nib ... 
2023-07-17 06:16:11 +0000  18757 bytes for ./RideTakerCell.nib/objects-13.0+.nib
copying file ./RideTakerCell.nib/runtime.nib ... 
2023-07-17 06:16:11 +0000  20091 bytes for ./RideTakerCell.nib/runtime.nib
copying file ./RideTakerCell.nib/objects-14.0+.nib ... 
2023-07-17 06:16:11 +0000  17294 bytes for ./RideTakerCell.nib/objects-14.0+.nib
2023-07-17 06:16:11 +0000  copying file ./TripBillingCell.nib/objects-13.0+.nib ... 
2023-07-17 06:16:11 +0000  13448 bytes for ./TripBillingCell.nib/objects-13.0+.nib
copying file ./TripBillingCell.nib/runtime.nib ... 
2023-07-17 06:16:11 +0000  14577 bytes for ./TripBillingCell.nib/runtime.nib
2023-07-17 06:16:11 +0000  copying file ./InfoWindow.nib ... 
2023-07-17 06:16:11 +0000  3987 bytes for ./InfoWindow.nib
copying file ./Assets.car ... 
2023-07-17 06:16:11 +0000  36087696 bytes for ./Assets.car
2023-07-17 06:16:11 +0000  copying file ./RatingReviewCell.nib/objects-13.0+.nib ... 
2023-07-17 06:16:11 +0000  7972 bytes for ./RatingReviewCell.nib/objects-13.0+.nib
copying file ./RatingReviewCell.nib/runtime.nib ... 
2023-07-17 06:16:11 +0000  8570 bytes for ./RatingReviewCell.nib/runtime.nib
2023-07-17 06:16:11 +0000  copying file ./AlertCustomView.nib ... 
2023-07-17 06:16:11 +0000  4850 bytes for ./AlertCustomView.nib
2023-07-17 06:16:11 +0000  copying file ./AppIcon76x76@2x~ipad.png ... 
2023-07-17 06:16:11 +0000  10211 bytes for ./AppIcon76x76@2x~ipad.png
2023-07-17 06:16:11 +0000  copying file ./TripUserView.nib/objects-13.0+.nib ... 
2023-07-17 06:16:11 +0000  50930 bytes for ./TripUserView.nib/objects-13.0+.nib
copying file ./TripUserView.nib/runtime.nib ... 
2023-07-17 06:16:11 +0000  55287 bytes for ./TripUserView.nib/runtime.nib
copying file ./TripUserView.nib/objects-14.0+.nib ... 
2023-07-17 06:16:11 +0000  49235 bytes for ./TripUserView.nib/objects-14.0+.nib
2023-07-17 06:16:11 +0000  copying file ./NotificationCell.nib ... 
2023-07-17 06:16:11 +0000  11211 bytes for ./NotificationCell.nib
copying file ./checked_in.json ... 
2023-07-17 06:16:11 +0000  72812 bytes for ./checked_in.json
2023-07-17 06:16:11 +0000  copying file ./MyRides.storyboardc/FeedBackVC.nib/objects-13.0+.nib ... 
2023-07-17 06:16:11 +0000  1009 bytes for ./MyRides.storyboardc/FeedBackVC.nib/objects-13.0+.nib
2023-07-17 06:16:11 +0000  copying file ./MyRides.storyboardc/FeedBackVC.nib/runtime.nib ... 
2023-07-17 06:16:11 +0000  1009 bytes for ./MyRides.storyboardc/FeedBackVC.nib/runtime.nib
copying file ./MyRides.storyboardc/FeedBackVC.nib/objects-14.0+.nib ... 
2023-07-17 06:16:11 +0000  1009 bytes for ./MyRides.storyboardc/FeedBackVC.nib/objects-14.0+.nib
2023-07-17 06:16:11 +0000  copying file ./MyRides.storyboardc/PastRideVC.nib/objects-13.0+.nib ... 
2023-07-17 06:16:11 +0000  1009 bytes for ./MyRides.storyboardc/PastRideVC.nib/objects-13.0+.nib
copying file ./MyRides.storyboardc/PastRideVC.nib/runtime.nib ... 
2023-07-17 06:16:11 +0000  1009 bytes for ./MyRides.storyboardc/PastRideVC.nib/runtime.nib
copying file ./MyRides.storyboardc/PastRideVC.nib/objects-14.0+.nib ... 
2023-07-17 06:16:11 +0000  1009 bytes for ./MyRides.storyboardc/PastRideVC.nib/objects-14.0+.nib
2023-07-17 06:16:11 +0000  copying file ./MyRides.storyboardc/dFx-F1-snf-view-YNl-v6-cjx.nib/objects-13.0+.nib ... 
2023-07-17 06:16:11 +0000  10884 bytes for ./MyRides.storyboardc/dFx-F1-snf-view-YNl-v6-cjx.nib/objects-13.0+.nib
2023-07-17 06:16:11 +0000  copying file ./MyRides.storyboardc/dFx-F1-snf-view-YNl-v6-cjx.nib/runtime.nib ... 
2023-07-17 06:16:11 +0000  11994 bytes for ./MyRides.storyboardc/dFx-F1-snf-view-YNl-v6-cjx.nib/runtime.nib
copying file ./MyRides.storyboardc/dFx-F1-snf-view-YNl-v6-cjx.nib/objects-14.0+.nib ... 
2023-07-17 06:16:11 +0000  10884 bytes for ./MyRides.storyboardc/dFx-F1-snf-view-YNl-v6-cjx.nib/objects-14.0+.nib
2023-07-17 06:16:11 +0000  copying file ./MyRides.storyboardc/50W-kN-aZH-view-hbc-6H-cny.nib/objects-13.0+.nib ... 
2023-07-17 06:16:11 +0000  8464 bytes for ./MyRides.storyboardc/50W-kN-aZH-view-hbc-6H-cny.nib/objects-13.0+.nib
2023-07-17 06:16:11 +0000  copying file ./MyRides.storyboardc/50W-kN-aZH-view-hbc-6H-cny.nib/runtime.nib ... 
2023-07-17 06:16:11 +0000  8956 bytes for ./MyRides.storyboardc/50W-kN-aZH-view-hbc-6H-cny.nib/runtime.nib
2023-07-17 06:16:11 +0000  copying file ./MyRides.storyboardc/50W-kN-aZH-view-hbc-6H-cny.nib/objects-14.0+.nib ... 
2023-07-17 06:16:11 +0000  8464 bytes for ./MyRides.storyboardc/50W-kN-aZH-view-hbc-6H-cny.nib/objects-14.0+.nib
2023-07-17 06:16:11 +0000  copying file ./MyRides.storyboardc/I56-Kk-SEO-view-UK8-Ib-rON.nib/objects-13.0+.nib ... 
2023-07-17 06:16:11 +0000  8839 bytes for ./MyRides.storyboardc/I56-Kk-SEO-view-UK8-Ib-rON.nib/objects-13.0+.nib
2023-07-17 06:16:11 +0000  copying file ./MyRides.storyboardc/I56-Kk-SEO-view-UK8-Ib-rON.nib/runtime.nib ... 
2023-07-17 06:16:11 +0000  9435 bytes for ./MyRides.storyboardc/I56-Kk-SEO-view-UK8-Ib-rON.nib/runtime.nib
2023-07-17 06:16:11 +0000  copying file ./MyRides.storyboardc/I56-Kk-SEO-view-UK8-Ib-rON.nib/objects-14.0+.nib ... 
2023-07-17 06:16:11 +0000  8795 bytes for ./MyRides.storyboardc/I56-Kk-SEO-view-UK8-Ib-rON.nib/objects-14.0+.nib
2023-07-17 06:16:11 +0000  copying file ./MyRides.storyboardc/FindRideDetailVC.nib/objects-13.0+.nib ... 
2023-07-17 06:16:11 +0000  1021 bytes for ./MyRides.storyboardc/FindRideDetailVC.nib/objects-13.0+.nib
2023-07-17 06:16:11 +0000  copying file ./MyRides.storyboardc/FindRideDetailVC.nib/runtime.nib ... 
2023-07-17 06:16:11 +0000  1021 bytes for ./MyRides.storyboardc/FindRideDetailVC.nib/runtime.nib
2023-07-17 06:16:11 +0000  copying file ./MyRides.storyboardc/FindRideDetailVC.nib/objects-14.0+.nib ... 
2023-07-17 06:16:11 +0000  1021 bytes for ./MyRides.storyboardc/FindRideDetailVC.nib/objects-14.0+.nib
2023-07-17 06:16:11 +0000  copying file ./MyRides.storyboardc/ZR8-fk-bBu-view-MwW-KB-SWB.nib/objects-13.0+.nib ... 
2023-07-17 06:16:11 +0000  19610 bytes for ./MyRides.storyboardc/ZR8-fk-bBu-view-MwW-KB-SWB.nib/objects-13.0+.nib
copying file ./MyRides.storyboardc/ZR8-fk-bBu-view-MwW-KB-SWB.nib/runtime.nib ... 
2023-07-17 06:16:11 +0000  20852 bytes for ./MyRides.storyboardc/ZR8-fk-bBu-view-MwW-KB-SWB.nib/runtime.nib
copying file ./MyRides.storyboardc/ZR8-fk-bBu-view-MwW-KB-SWB.nib/objects-14.0+.nib ... 
2023-07-17 06:16:11 +0000  18336 bytes for ./MyRides.storyboardc/ZR8-fk-bBu-view-MwW-KB-SWB.nib/objects-14.0+.nib
2023-07-17 06:16:11 +0000  copying file ./MyRides.storyboardc/KFZ-bi-dRS-view-6Bl-M3-4Dj.nib/objects-13.0+.nib ... 
2023-07-17 06:16:11 +0000  7641 bytes for ./MyRides.storyboardc/KFZ-bi-dRS-view-6Bl-M3-4Dj.nib/objects-13.0+.nib
copying file ./MyRides.storyboardc/KFZ-bi-dRS-view-6Bl-M3-4Dj.nib/runtime.nib ... 
2023-07-17 06:16:11 +0000  8132 bytes for ./MyRides.storyboardc/KFZ-bi-dRS-view-6Bl-M3-4Dj.nib/runtime.nib
copying file ./MyRides.storyboardc/KFZ-bi-dRS-view-6Bl-M3-4Dj.nib/objects-14.0+.nib ... 
2023-07-17 06:16:11 +0000  7641 bytes for ./MyRides.storyboardc/KFZ-bi-dRS-view-6Bl-M3-4Dj.nib/objects-14.0+.nib
2023-07-17 06:16:11 +0000  copying file ./MyRides.storyboardc/RecurringVC.nib/objects-13.0+.nib ... 
2023-07-17 06:16:11 +0000  1011 bytes for ./MyRides.storyboardc/RecurringVC.nib/objects-13.0+.nib
copying file ./MyRides.storyboardc/RecurringVC.nib/runtime.nib ... 
2023-07-17 06:16:11 +0000  1011 bytes for ./MyRides.storyboardc/RecurringVC.nib/runtime.nib
2023-07-17 06:16:11 +0000  copying file ./MyRides.storyboardc/RecurringVC.nib/objects-14.0+.nib ... 
2023-07-17 06:16:11 +0000  1011 bytes for ./MyRides.storyboardc/RecurringVC.nib/objects-14.0+.nib
2023-07-17 06:16:11 +0000  copying file ./MyRides.storyboardc/UpcomingRideVC.nib/objects-13.0+.nib ... 
2023-07-17 06:16:11 +0000  1017 bytes for ./MyRides.storyboardc/UpcomingRideVC.nib/objects-13.0+.nib
2023-07-17 06:16:11 +0000  copying file ./MyRides.storyboardc/UpcomingRideVC.nib/runtime.nib ... 
2023-07-17 06:16:11 +0000  1017 bytes for ./MyRides.storyboardc/UpcomingRideVC.nib/runtime.nib
copying file ./MyRides.storyboardc/UpcomingRideVC.nib/objects-14.0+.nib ... 
2023-07-17 06:16:11 +0000  1017 bytes for ./MyRides.storyboardc/UpcomingRideVC.nib/objects-14.0+.nib
2023-07-17 06:16:11 +0000  copying file ./MyRides.storyboardc/rpq-LO-JL4-view-XjV-Ze-utJ.nib/objects-13.0+.nib ... 
2023-07-17 06:16:11 +0000  12166 bytes for ./MyRides.storyboardc/rpq-LO-JL4-view-XjV-Ze-utJ.nib/objects-13.0+.nib
copying file ./MyRides.storyboardc/rpq-LO-JL4-view-XjV-Ze-utJ.nib/runtime.nib ... 
2023-07-17 06:16:11 +0000  13054 bytes for ./MyRides.storyboardc/rpq-LO-JL4-view-XjV-Ze-utJ.nib/runtime.nib
copying file ./MyRides.storyboardc/rpq-LO-JL4-view-XjV-Ze-utJ.nib/objects-14.0+.nib ... 
2023-07-17 06:16:11 +0000  12166 bytes for ./MyRides.storyboardc/rpq-LO-JL4-view-XjV-Ze-utJ.nib/objects-14.0+.nib
2023-07-17 06:16:11 +0000  copying file ./MyRides.storyboardc/MyRidePageControllerVC.nib/objects-13.0+.nib ... 
2023-07-17 06:16:11 +0000  1033 bytes for ./MyRides.storyboardc/MyRidePageControllerVC.nib/objects-13.0+.nib
copying file ./MyRides.storyboardc/MyRidePageControllerVC.nib/runtime.nib ... 
2023-07-17 06:16:11 +0000  1033 bytes for ./MyRides.storyboardc/MyRidePageControllerVC.nib/runtime.nib
2023-07-17 06:16:11 +0000  copying file ./MyRides.storyboardc/MyRidePageControllerVC.nib/objects-14.0+.nib ... 
2023-07-17 06:16:11 +0000  1033 bytes for ./MyRides.storyboardc/MyRidePageControllerVC.nib/objects-14.0+.nib
2023-07-17 06:16:11 +0000  copying file ./MyRides.storyboardc/vHI-j7-vmi-view-uqq-2O-wf4.nib/objects-13.0+.nib ... 
2023-07-17 06:16:11 +0000  24226 bytes for ./MyRides.storyboardc/vHI-j7-vmi-view-uqq-2O-wf4.nib/objects-13.0+.nib
2023-07-17 06:16:11 +0000  copying file ./MyRides.storyboardc/vHI-j7-vmi-view-uqq-2O-wf4.nib/runtime.nib ... 
2023-07-17 06:16:11 +0000  27598 bytes for ./MyRides.storyboardc/vHI-j7-vmi-view-uqq-2O-wf4.nib/runtime.nib
2023-07-17 06:16:11 +0000  copying file ./MyRides.storyboardc/vHI-j7-vmi-view-uqq-2O-wf4.nib/objects-14.0+.nib ... 
2023-07-17 06:16:11 +0000  22886 bytes for ./MyRides.storyboardc/vHI-j7-vmi-view-uqq-2O-wf4.nib/objects-14.0+.nib
2023-07-17 06:16:11 +0000  copying file ./MyRides.storyboardc/HvX-jF-UgW-view-ruA-rK-eaF.nib/objects-13.0+.nib ... 
2023-07-17 06:16:11 +0000  26529 bytes for ./MyRides.storyboardc/HvX-jF-UgW-view-ruA-rK-eaF.nib/objects-13.0+.nib
2023-07-17 06:16:11 +0000  copying file ./MyRides.storyboardc/HvX-jF-UgW-view-ruA-rK-eaF.nib/runtime.nib ... 
2023-07-17 06:16:11 +0000  28853 bytes for ./MyRides.storyboardc/HvX-jF-UgW-view-ruA-rK-eaF.nib/runtime.nib
copying file ./MyRides.storyboardc/HvX-jF-UgW-view-ruA-rK-eaF.nib/objects-14.0+.nib ... 
2023-07-17 06:16:11 +0000  25275 bytes for ./MyRides.storyboardc/HvX-jF-UgW-view-ruA-rK-eaF.nib/objects-14.0+.nib
2023-07-17 06:16:11 +0000  copying file ./MyRides.storyboardc/OfferRideDetailVC.nib/objects-13.0+.nib ... 
2023-07-17 06:16:11 +0000  1023 bytes for ./MyRides.storyboardc/OfferRideDetailVC.nib/objects-13.0+.nib
copying file ./MyRides.storyboardc/OfferRideDetailVC.nib/runtime.nib ... 
2023-07-17 06:16:11 +0000  1023 bytes for ./MyRides.storyboardc/OfferRideDetailVC.nib/runtime.nib
copying file ./MyRides.storyboardc/OfferRideDetailVC.nib/objects-14.0+.nib ... 
2023-07-17 06:16:11 +0000  1023 bytes for ./MyRides.storyboardc/OfferRideDetailVC.nib/objects-14.0+.nib
2023-07-17 06:16:11 +0000  copying file ./MyRides.storyboardc/Info.plist ... 
2023-07-17 06:16:11 +0000  430 bytes for ./MyRides.storyboardc/Info.plist
2023-07-17 06:16:11 +0000  copying file ./MyRides.storyboardc/RecurringRideVC.nib/objects-13.0+.nib ... 
2023-07-17 06:16:11 +0000  1019 bytes for ./MyRides.storyboardc/RecurringRideVC.nib/objects-13.0+.nib
2023-07-17 06:16:11 +0000  copying file ./MyRides.storyboardc/RecurringRideVC.nib/runtime.nib ... 
2023-07-17 06:16:11 +0000  1019 bytes for ./MyRides.storyboardc/RecurringRideVC.nib/runtime.nib
2023-07-17 06:16:11 +0000  copying file ./MyRides.storyboardc/RecurringRideVC.nib/objects-14.0+.nib ... 
2023-07-17 06:16:11 +0000  1019 bytes for ./MyRides.storyboardc/RecurringRideVC.nib/objects-14.0+.nib
2023-07-17 06:16:11 +0000  copying file ./car_animate.json ... 
2023-07-17 06:16:11 +0000  207158 bytes for ./car_animate.json
2023-07-17 06:16:11 +0000  copying file ./madurai.gpx ... 
893 bytes for ./madurai.gpx
2023-07-17 06:16:11 +0000  copying file ./LaunchScreen.storyboardc/01J-lp-oVM-view-Ze5-6b-2t3.nib ... 
2023-07-17 06:16:11 +0000  2688 bytes for ./LaunchScreen.storyboardc/01J-lp-oVM-view-Ze5-6b-2t3.nib
copying file ./LaunchScreen.storyboardc/UIViewController-01J-lp-oVM.nib ... 
2023-07-17 06:16:11 +0000  896 bytes for ./LaunchScreen.storyboardc/UIViewController-01J-lp-oVM.nib
2023-07-17 06:16:11 +0000  copying file ./LaunchScreen.storyboardc/Info.plist ... 
2023-07-17 06:16:11 +0000  258 bytes for ./LaunchScreen.storyboardc/Info.plist
2023-07-17 06:16:11 +0000  copying file ./AddVehicleCell.nib ... 
2023-07-17 06:16:11 +0000  6410 bytes for ./AddVehicleCell.nib
2023-07-17 06:16:11 +0000  copying file ./Right.json ... 
2023-07-17 06:16:11 +0000  4419 bytes for ./Right.json
2023-07-17 06:16:11 +0000  copying file ./eLiift ... 
2023-07-17 06:16:11 +0000  15777024 bytes for ./eLiift
2023-07-17 06:16:11 +0000  copying file ./RideUserCell.nib/runtime.nib ... 
2023-07-17 06:16:11 +0000  7555 bytes for ./RideUserCell.nib/runtime.nib
copying file ./RideUserCell.nib/objects-12.3+.nib ... 
2023-07-17 06:16:11 +0000  7782 bytes for ./RideUserCell.nib/objects-12.3+.nib
2023-07-17 06:16:11 +0000  copying file ./bike_ride.json ... 
2023-07-17 06:16:11 +0000  242208 bytes for ./bike_ride.json
2023-07-17 06:16:11 +0000  copying file ./Frameworks/SwiftyJSON.framework/_CodeSignature/CodeResources ... 
2023-07-17 06:16:11 +0000  1798 bytes for ./Frameworks/SwiftyJSON.framework/_CodeSignature/CodeResources
2023-07-17 06:16:11 +0000  copying file ./Frameworks/SwiftyJSON.framework/SwiftyJSON ... 
2023-07-17 06:16:11 +0000  342336 bytes for ./Frameworks/SwiftyJSON.framework/SwiftyJSON
copying file ./Frameworks/SwiftyJSON.framework/Info.plist ... 
2023-07-17 06:16:11 +0000  788 bytes for ./Frameworks/SwiftyJSON.framework/Info.plist
2023-07-17 06:16:11 +0000  copying file ./Frameworks/MarqueeLabel.framework/_CodeSignature/CodeResources ... 
2023-07-17 06:16:11 +0000  1798 bytes for ./Frameworks/MarqueeLabel.framework/_CodeSignature/CodeResources
2023-07-17 06:16:11 +0000  copying file ./Frameworks/MarqueeLabel.framework/MarqueeLabel ... 
2023-07-17 06:16:11 +0000  305744 bytes for ./Frameworks/MarqueeLabel.framework/MarqueeLabel
2023-07-17 06:16:11 +0000  copying file ./Frameworks/MarqueeLabel.framework/Info.plist ... 
792 bytes for ./Frameworks/MarqueeLabel.framework/Info.plist
2023-07-17 06:16:11 +0000  copying file ./Frameworks/Razorpay.framework/_CodeSignature/CodeResources ... 
2023-07-17 06:16:11 +0000  5030 bytes for ./Frameworks/Razorpay.framework/_CodeSignature/CodeResources
2023-07-17 06:16:11 +0000  copying file ./Frameworks/Razorpay.framework/Hash.txt ... 
2023-07-17 06:16:11 +0000  32 bytes for ./Frameworks/Razorpay.framework/Hash.txt
2023-07-17 06:16:11 +0000  copying file ./Frameworks/Razorpay.framework/EncryptedOtpelf.js ... 
2023-07-17 06:16:11 +0000  87788 bytes for ./Frameworks/Razorpay.framework/EncryptedOtpelf.js
2023-07-17 06:16:11 +0000  copying file ./Frameworks/Razorpay.framework/Checkout.storyboardc/UINavigationController-ODs-ga-9IN.nib/objects-11.0+.nib ... 
2023-07-17 06:16:11 +0000  2073 bytes for ./Frameworks/Razorpay.framework/Checkout.storyboardc/UINavigationController-ODs-ga-9IN.nib/objects-11.0+.nib
2023-07-17 06:16:11 +0000  copying file ./Frameworks/Razorpay.framework/Checkout.storyboardc/UINavigationController-ODs-ga-9IN.nib/runtime.nib ... 
2023-07-17 06:16:11 +0000  2073 bytes for ./Frameworks/Razorpay.framework/Checkout.storyboardc/UINavigationController-ODs-ga-9IN.nib/runtime.nib
2023-07-17 06:16:11 +0000  copying file ./Frameworks/Razorpay.framework/Checkout.storyboardc/RazorpayCheckoutVC.nib/objects-11.0+.nib ... 
2023-07-17 06:16:11 +0000  1418 bytes for ./Frameworks/Razorpay.framework/Checkout.storyboardc/RazorpayCheckoutVC.nib/objects-11.0+.nib
2023-07-17 06:16:11 +0000  copying file ./Frameworks/Razorpay.framework/Checkout.storyboardc/RazorpayCheckoutVC.nib/runtime.nib ... 
2023-07-17 06:16:11 +0000  1418 bytes for ./Frameworks/Razorpay.framework/Checkout.storyboardc/RazorpayCheckoutVC.nib/runtime.nib
2023-07-17 06:16:11 +0000  copying file ./Frameworks/Razorpay.framework/Checkout.storyboardc/RBq-mH-fUs-view-vI7-59-shd.nib/objects-11.0+.nib ... 
2023-07-17 06:16:11 +0000  2691 bytes for ./Frameworks/Razorpay.framework/Checkout.storyboardc/RBq-mH-fUs-view-vI7-59-shd.nib/objects-11.0+.nib
2023-07-17 06:16:11 +0000  copying file ./Frameworks/Razorpay.framework/Checkout.storyboardc/RBq-mH-fUs-view-vI7-59-shd.nib/runtime.nib ... 
2023-07-17 06:16:11 +0000  2814 bytes for ./Frameworks/Razorpay.framework/Checkout.storyboardc/RBq-mH-fUs-view-vI7-59-shd.nib/runtime.nib
2023-07-17 06:16:11 +0000  copying file ./Frameworks/Razorpay.framework/Checkout.storyboardc/Info.plist ... 
2023-07-17 06:16:11 +0000  333 bytes for ./Frameworks/Razorpay.framework/Checkout.storyboardc/Info.plist
2023-07-17 06:16:11 +0000  copying file ./Frameworks/Razorpay.framework/Razorpay ... 
2023-07-17 06:16:11 +0000  3648752 bytes for ./Frameworks/Razorpay.framework/Razorpay
copying file ./Frameworks/Razorpay.framework/Info.plist ... 
2023-07-17 06:16:11 +0000  714 bytes for ./Frameworks/Razorpay.framework/Info.plist
2023-07-17 06:16:11 +0000  copying file ./Frameworks/GoogleDataTransport.framework/_CodeSignature/CodeResources ... 
2023-07-17 06:16:11 +0000  1798 bytes for ./Frameworks/GoogleDataTransport.framework/_CodeSignature/CodeResources
2023-07-17 06:16:11 +0000  copying file ./Frameworks/GoogleDataTransport.framework/GoogleDataTransport ... 
2023-07-17 06:16:11 +0000  417456 bytes for ./Frameworks/GoogleDataTransport.framework/GoogleDataTransport
copying file ./Frameworks/GoogleDataTransport.framework/Info.plist ... 
2023-07-17 06:16:11 +0000  808 bytes for ./Frameworks/GoogleDataTransport.framework/Info.plist
2023-07-17 06:16:11 +0000  copying file ./Frameworks/GeoFire.framework/_CodeSignature/CodeResources ... 
2023-07-17 06:16:11 +0000  1798 bytes for ./Frameworks/GeoFire.framework/_CodeSignature/CodeResources
2023-07-17 06:16:11 +0000  copying file ./Frameworks/GeoFire.framework/GeoFire ... 
2023-07-17 06:16:11 +0000  167216 bytes for ./Frameworks/GeoFire.framework/GeoFire
copying file ./Frameworks/GeoFire.framework/Info.plist ... 
2023-07-17 06:16:11 +0000  783 bytes for ./Frameworks/GeoFire.framework/Info.plist
2023-07-17 06:16:11 +0000  copying file ./Frameworks/Kingfisher.framework/_CodeSignature/CodeResources ... 
2023-07-17 06:16:11 +0000  1798 bytes for ./Frameworks/Kingfisher.framework/_CodeSignature/CodeResources
2023-07-17 06:16:11 +0000  copying file ./Frameworks/Kingfisher.framework/Kingfisher ... 
2023-07-17 06:16:11 +0000  2389408 bytes for ./Frameworks/Kingfisher.framework/Kingfisher
2023-07-17 06:16:11 +0000  copying file ./Frameworks/Kingfisher.framework/Info.plist ... 
789 bytes for ./Frameworks/Kingfisher.framework/Info.plist
2023-07-17 06:16:11 +0000  copying file ./Frameworks/PINOperation.framework/_CodeSignature/CodeResources ... 
2023-07-17 06:16:11 +0000  1798 bytes for ./Frameworks/PINOperation.framework/_CodeSignature/CodeResources
2023-07-17 06:16:11 +0000  copying file ./Frameworks/PINOperation.framework/PINOperation ... 
2023-07-17 06:16:11 +0000  129648 bytes for ./Frameworks/PINOperation.framework/PINOperation
copying file ./Frameworks/PINOperation.framework/Info.plist ... 
2023-07-17 06:16:11 +0000  792 bytes for ./Frameworks/PINOperation.framework/Info.plist
2023-07-17 06:16:11 +0000  copying file ./Frameworks/RxRelay.framework/_CodeSignature/CodeResources ... 
2023-07-17 06:16:11 +0000  1798 bytes for ./Frameworks/RxRelay.framework/_CodeSignature/CodeResources
2023-07-17 06:16:11 +0000  copying file ./Frameworks/RxRelay.framework/RxRelay ... 
2023-07-17 06:16:11 +0000  109472 bytes for ./Frameworks/RxRelay.framework/RxRelay
copying file ./Frameworks/RxRelay.framework/Info.plist ... 
2023-07-17 06:16:11 +0000  782 bytes for ./Frameworks/RxRelay.framework/Info.plist
2023-07-17 06:16:11 +0000  copying file ./Frameworks/SwiftEventBus.framework/_CodeSignature/CodeResources ... 
2023-07-17 06:16:11 +0000  1798 bytes for ./Frameworks/SwiftEventBus.framework/_CodeSignature/CodeResources
2023-07-17 06:16:11 +0000  copying file ./Frameworks/SwiftEventBus.framework/SwiftEventBus ... 
2023-07-17 06:16:11 +0000  146128 bytes for ./Frameworks/SwiftEventBus.framework/SwiftEventBus
copying file ./Frameworks/SwiftEventBus.framework/Info.plist ... 
2023-07-17 06:16:11 +0000  794 bytes for ./Frameworks/SwiftEventBus.framework/Info.plist
2023-07-17 06:16:11 +0000  copying file ./Frameworks/FBLPromises.framework/_CodeSignature/CodeResources ... 
2023-07-17 06:16:11 +0000  1798 bytes for ./Frameworks/FBLPromises.framework/_CodeSignature/CodeResources
2023-07-17 06:16:11 +0000  copying file ./Frameworks/FBLPromises.framework/FBLPromises ... 
2023-07-17 06:16:11 +0000  192128 bytes for ./Frameworks/FBLPromises.framework/FBLPromises
copying file ./Frameworks/FBLPromises.framework/Info.plist ... 
2023-07-17 06:16:11 +0000  790 bytes for ./Frameworks/FBLPromises.framework/Info.plist
2023-07-17 06:16:11 +0000  copying file ./Frameworks/StarscreamSocketIO.framework/_CodeSignature/CodeResources ... 
2023-07-17 06:16:11 +0000  1798 bytes for ./Frameworks/StarscreamSocketIO.framework/_CodeSignature/CodeResources
2023-07-17 06:16:11 +0000  copying file ./Frameworks/StarscreamSocketIO.framework/Info.plist ... 
2023-07-17 06:16:11 +0000  806 bytes for ./Frameworks/StarscreamSocketIO.framework/Info.plist
copying file ./Frameworks/StarscreamSocketIO.framework/StarscreamSocketIO ... 
2023-07-17 06:16:11 +0000  414288 bytes for ./Frameworks/StarscreamSocketIO.framework/StarscreamSocketIO
2023-07-17 06:16:11 +0000  copying file ./Frameworks/libswift_Concurrency.dylib ... 
2023-07-17 06:16:11 +0000  557600 bytes for ./Frameworks/libswift_Concurrency.dylib
2023-07-17 06:16:11 +0000  copying file ./Frameworks/FirebaseCore.framework/_CodeSignature/CodeResources ... 
2023-07-17 06:16:11 +0000  1798 bytes for ./Frameworks/FirebaseCore.framework/_CodeSignature/CodeResources
2023-07-17 06:16:11 +0000  copying file ./Frameworks/FirebaseCore.framework/FirebaseCore ... 
2023-07-17 06:16:11 +0000  202672 bytes for ./Frameworks/FirebaseCore.framework/FirebaseCore
copying file ./Frameworks/FirebaseCore.framework/Info.plist ... 
2023-07-17 06:16:11 +0000  793 bytes for ./Frameworks/FirebaseCore.framework/Info.plist
2023-07-17 06:16:11 +0000  copying file ./Frameworks/FirebaseRemoteConfig.framework/_CodeSignature/CodeResources ... 
2023-07-17 06:16:11 +0000  1798 bytes for ./Frameworks/FirebaseRemoteConfig.framework/_CodeSignature/CodeResources
2023-07-17 06:16:11 +0000  copying file ./Frameworks/FirebaseRemoteConfig.framework/FirebaseRemoteConfig ... 
2023-07-17 06:16:11 +0000  330480 bytes for ./Frameworks/FirebaseRemoteConfig.framework/FirebaseRemoteConfig
2023-07-17 06:16:11 +0000  copying file ./Frameworks/FirebaseRemoteConfig.framework/Info.plist ... 
812 bytes for ./Frameworks/FirebaseRemoteConfig.framework/Info.plist
2023-07-17 06:16:11 +0000  copying file ./Frameworks/GoogleUtilities.framework/_CodeSignature/CodeResources ... 
2023-07-17 06:16:11 +0000  1798 bytes for ./Frameworks/GoogleUtilities.framework/_CodeSignature/CodeResources
2023-07-17 06:16:11 +0000  copying file ./Frameworks/GoogleUtilities.framework/GoogleUtilities ... 
2023-07-17 06:16:11 +0000  319232 bytes for ./Frameworks/GoogleUtilities.framework/GoogleUtilities
copying file ./Frameworks/GoogleUtilities.framework/Info.plist ... 
2023-07-17 06:16:11 +0000  801 bytes for ./Frameworks/GoogleUtilities.framework/Info.plist
2023-07-17 06:16:11 +0000  copying file ./Frameworks/SocketIO.framework/_CodeSignature/CodeResources ... 
2023-07-17 06:16:11 +0000  1798 bytes for ./Frameworks/SocketIO.framework/_CodeSignature/CodeResources
2023-07-17 06:16:11 +0000  copying file ./Frameworks/SocketIO.framework/SocketIO ... 
2023-07-17 06:16:11 +0000  609664 bytes for ./Frameworks/SocketIO.framework/SocketIO
copying file ./Frameworks/SocketIO.framework/Info.plist ... 
2023-07-17 06:16:11 +0000  785 bytes for ./Frameworks/SocketIO.framework/Info.plist
2023-07-17 06:16:11 +0000  copying file ./Frameworks/FirebaseMessaging.framework/_CodeSignature/CodeResources ... 
2023-07-17 06:16:11 +0000  1798 bytes for ./Frameworks/FirebaseMessaging.framework/_CodeSignature/CodeResources
2023-07-17 06:16:11 +0000  copying file ./Frameworks/FirebaseMessaging.framework/FirebaseMessaging ... 
2023-07-17 06:16:11 +0000  565712 bytes for ./Frameworks/FirebaseMessaging.framework/FirebaseMessaging
copying file ./Frameworks/FirebaseMessaging.framework/Info.plist ... 
2023-07-17 06:16:11 +0000  806 bytes for ./Frameworks/FirebaseMessaging.framework/Info.plist
2023-07-17 06:16:11 +0000  copying file ./Frameworks/DropDown.framework/_CodeSignature/CodeResources ... 
2023-07-17 06:16:11 +0000  2096 bytes for ./Frameworks/DropDown.framework/_CodeSignature/CodeResources
2023-07-17 06:16:11 +0000  copying file ./Frameworks/DropDown.framework/DropDown ... 
2023-07-17 06:16:11 +0000  383120 bytes for ./Frameworks/DropDown.framework/DropDown
2023-07-17 06:16:11 +0000  copying file ./Frameworks/DropDown.framework/DropDownCell.nib ... 
2547 bytes for ./Frameworks/DropDown.framework/DropDownCell.nib
copying file ./Frameworks/DropDown.framework/Info.plist ... 
2023-07-17 06:16:11 +0000  785 bytes for ./Frameworks/DropDown.framework/Info.plist
2023-07-17 06:16:11 +0000  copying file ./Frameworks/nanopb.framework/_CodeSignature/CodeResources ... 
2023-07-17 06:16:11 +0000  1798 bytes for ./Frameworks/nanopb.framework/_CodeSignature/CodeResources
2023-07-17 06:16:11 +0000  copying file ./Frameworks/nanopb.framework/nanopb ... 
2023-07-17 06:16:11 +0000  80832 bytes for ./Frameworks/nanopb.framework/nanopb
copying file ./Frameworks/nanopb.framework/Info.plist ... 
2023-07-17 06:16:11 +0000  784 bytes for ./Frameworks/nanopb.framework/Info.plist
2023-07-17 06:16:11 +0000  copying file ./Frameworks/StepSlider.framework/_CodeSignature/CodeResources ... 
2023-07-17 06:16:11 +0000  1798 bytes for ./Frameworks/StepSlider.framework/_CodeSignature/CodeResources
2023-07-17 06:16:11 +0000  copying file ./Frameworks/StepSlider.framework/StepSlider ... 
2023-07-17 06:16:11 +0000  113344 bytes for ./Frameworks/StepSlider.framework/StepSlider
2023-07-17 06:16:11 +0000  copying file ./Frameworks/StepSlider.framework/Info.plist ... 
2023-07-17 06:16:11 +0000  789 bytes for ./Frameworks/StepSlider.framework/Info.plist
2023-07-17 06:16:11 +0000  copying file ./Frameworks/IQKeyboardManagerSwift.framework/_CodeSignature/CodeResources ... 
2023-07-17 06:16:11 +0000  1798 bytes for ./Frameworks/IQKeyboardManagerSwift.framework/_CodeSignature/CodeResources
2023-07-17 06:16:11 +0000  copying file ./Frameworks/IQKeyboardManagerSwift.framework/IQKeyboardManagerSwift ... 
2023-07-17 06:16:11 +0000  814848 bytes for ./Frameworks/IQKeyboardManagerSwift.framework/IQKeyboardManagerSwift
copying file ./Frameworks/IQKeyboardManagerSwift.framework/Info.plist ... 
2023-07-17 06:16:11 +0000  815 bytes for ./Frameworks/IQKeyboardManagerSwift.framework/Info.plist
2023-07-17 06:16:11 +0000  copying file ./Frameworks/CountryPickerView.framework/_CodeSignature/CodeResources ... 
2023-07-17 06:16:11 +0000  98570 bytes for ./Frameworks/CountryPickerView.framework/_CodeSignature/CodeResources
2023-07-17 06:16:11 +0000  copying file ./Frameworks/CountryPickerView.framework/CountryPickerView ... 
2023-07-17 06:16:11 +0000  286224 bytes for ./Frameworks/CountryPickerView.framework/CountryPickerView
2023-07-17 06:16:11 +0000  copying file ./Frameworks/CountryPickerView.framework/CountryPickerView_CountryPickerView.bundle/_CodeSignature/CodeResources ... 
2023-07-17 06:16:11 +0000  74186 bytes for ./Frameworks/CountryPickerView.framework/CountryPickerView_CountryPickerView.bundle/_CodeSignature/CodeResources
copying file ./Frameworks/CountryPickerView.framework/CountryPickerView_CountryPickerView.bundle/_CodeSignature/CodeDirectory ... 
2023-07-17 06:16:11 +0000  193 bytes for ./Frameworks/CountryPickerView.framework/CountryPickerView_CountryPickerView.bundle/_CodeSignature/CodeDirectory
copying file ./Frameworks/CountryPickerView.framework/CountryPickerView_CountryPickerView.bundle/_CodeSignature/CodeRequirements-1 ... 
2023-07-17 06:16:11 +0000  241 bytes for ./Frameworks/CountryPickerView.framework/CountryPickerView_CountryPickerView.bundle/_CodeSignature/CodeRequirements-1
2023-07-17 06:16:11 +0000  copying file ./Frameworks/CountryPickerView.framework/CountryPickerView_CountryPickerView.bundle/_CodeSignature/CodeSignature ... 
2023-07-17 06:16:11 +0000  4880 bytes for ./Frameworks/CountryPickerView.framework/CountryPickerView_CountryPickerView.bundle/_CodeSignature/CodeSignature
copying file ./Frameworks/CountryPickerView.framework/CountryPickerView_CountryPickerView.bundle/_CodeSignature/CodeRequirements ... 
2023-07-17 06:16:11 +0000  216 bytes for ./Frameworks/CountryPickerView.framework/CountryPickerView_CountryPickerView.bundle/_CodeSignature/CodeRequirements
2023-07-17 06:16:11 +0000  copying file ./Frameworks/CountryPickerView.framework/CountryPickerView_CountryPickerView.bundle/CountryPickerView.nib ... 
2023-07-17 06:16:11 +0000  3745 bytes for ./Frameworks/CountryPickerView.framework/CountryPickerView_CountryPickerView.bundle/CountryPickerView.nib
2023-07-17 06:16:11 +0000  copying file ./Frameworks/CountryPickerView.framework/CountryPickerView_CountryPickerView.bundle/Images/TG.png ... 
2023-07-17 06:16:11 +0000  1012 bytes for ./Frameworks/CountryPickerView.framework/CountryPickerView_CountryPickerView.bundle/Images/TG.png
copying file ./Frameworks/CountryPickerView.framework/CountryPickerView_CountryPickerView.bundle/Images/ME.png ... 
2023-07-17 06:16:11 +0000  1777 bytes for ./Frameworks/CountryPickerView.framework/CountryPickerView_CountryPickerView.bundle/Images/ME.png
copying file ./Frameworks/CountryPickerView.framework/CountryPickerView_CountryPickerView.bundle/Images/LA.png ... 
2023-07-17 06:16:11 +0000  655 bytes for ./Frameworks/CountryPickerView.framework/CountryPickerView_CountryPickerView.bundle/Images/LA.png
copying file ./Frameworks/CountryPickerView.framework/CountryPickerView_CountryPickerView.bundle/Images/MR.png ... 
2023-07-17 06:16:11 +0000  1070 bytes for ./Frameworks/CountryPickerView.framework/CountryPickerView_CountryPickerView.bundle/Images/MR.png
copying file ./Frameworks/CountryPickerView.framework/CountryPickerView_CountryPickerView.bundle/Images/NI.png ... 
2023-07-17 06:16:11 +0000  1378 bytes for ./Frameworks/CountryPickerView.framework/CountryPickerView_CountryPickerView.bundle/Images/NI.png
2023-07-17 06:16:11 +0000  copying file ./Frameworks/CountryPickerView.framework/CountryPickerView_CountryPickerView.bundle/Images/LV.png ... 
2023-07-17 06:16:11 +0000  345 bytes for ./Frameworks/CountryPickerView.framework/CountryPickerView_CountryPickerView.bundle/Images/LV.png
copying file ./Frameworks/CountryPickerView.framework/CountryPickerView_CountryPickerView.bundle/Images/OM.png ... 
2023-07-17 06:16:11 +0000  773 bytes for ./Frameworks/CountryPickerView.framework/CountryPickerView_CountryPickerView.bundle/Images/OM.png
copying file ./Frameworks/CountryPickerView.framework/CountryPickerView_CountryPickerView.bundle/Images/AF.png ... 
2023-07-17 06:16:11 +0000  1448 bytes for ./Frameworks/CountryPickerView.framework/CountryPickerView_CountryPickerView.bundle/Images/AF.png
2023-07-17 06:16:11 +0000  copying file ./Frameworks/CountryPickerView.framework/CountryPickerView_CountryPickerView.bundle/Images/CY.png ... 
2023-07-17 06:16:11 +0000  1348 bytes for ./Frameworks/CountryPickerView.framework/CountryPickerView_CountryPickerView.bundle/Images/CY.png
copying file ./Frameworks/CountryPickerView.framework/CountryPickerView_CountryPickerView.bundle/Images/BJ.png ... 
2023-07-17 06:16:11 +0000  425 bytes for ./Frameworks/CountryPickerView.framework/CountryPickerView_CountryPickerView.bundle/Images/BJ.png
copying file ./Frameworks/CountryPickerView.framework/CountryPickerView_CountryPickerView.bundle/Images/AQ.png ... 
2023-07-17 06:16:11 +0000  979 bytes for ./Frameworks/CountryPickerView.framework/CountryPickerView_CountryPickerView.bundle/Images/AQ.png
2023-07-17 06:16:11 +0000  copying file ./Frameworks/CountryPickerView.framework/CountryPickerView_CountryPickerView.bundle/Images/CN.png ... 
2023-07-17 06:16:11 +0000  1045 bytes for ./Frameworks/CountryPickerView.framework/CountryPickerView_CountryPickerView.bundle/Images/CN.png
2023-07-17 06:16:11 +0000  copying file ./Frameworks/CountryPickerView.framework/CountryPickerView_CountryPickerView.bundle/Images/CO.png ... 
2023-07-17 06:16:11 +0000  382 bytes for ./Frameworks/CountryPickerView.framework/CountryPickerView_CountryPickerView.bundle/Images/CO.png
copying file ./Frameworks/CountryPickerView.framework/CountryPickerView_CountryPickerView.bundle/Images/CX.png ... 
2023-07-17 06:16:11 +0000  1963 bytes for ./Frameworks/CountryPickerView.framework/CountryPickerView_CountryPickerView.bundle/Images/CX.png
copying file ./Frameworks/CountryPickerView.framework/CountryPickerView_CountryPickerView.bundle/Images/AG.png ... 
2023-07-17 06:16:11 +0000  1469 bytes for ./Frameworks/CountryPickerView.framework/CountryPickerView_CountryPickerView.bundle/Images/AG.png
copying file ./Frameworks/CountryPickerView.framework/CountryPickerView_CountryPickerView.bundle/Images/MS.png ... 
2023-07-17 06:16:11 +0000  2263 bytes for ./Frameworks/CountryPickerView.framework/CountryPickerView_CountryPickerView.bundle/Images/MS.png
copying file ./Frameworks/CountryPickerView.framework/CountryPickerView_CountryPickerView.bundle/Images/MD.png ... 
2023-07-17 06:16:11 +0000  1500 bytes for ./Frameworks/CountryPickerView.framework/CountryPickerView_CountryPickerView.bundle/Images/MD.png
2023-07-17 06:16:11 +0000  copying file ./Frameworks/CountryPickerView.framework/CountryPickerView_CountryPickerView.bundle/Images/ZM.png ... 
2023-07-17 06:16:11 +0000  1026 bytes for ./Frameworks/CountryPickerView.framework/CountryPickerView_CountryPickerView.bundle/Images/ZM.png
copying file ./Frameworks/CountryPickerView.framework/CountryPickerView_CountryPickerView.bundle/Images/VN.png ... 
2023-07-17 06:16:11 +0000  771 bytes for ./Frameworks/CountryPickerView.framework/CountryPickerView_CountryPickerView.bundle/Images/VN.png
copying file ./Frameworks/CountryPickerView.framework/CountryPickerView_CountryPickerView.bundle/Images/TF.png ... 
2023-07-17 06:16:11 +0000  337 bytes for ./Frameworks/CountryPickerView.framework/CountryPickerView_CountryPickerView.bundle/Images/TF.png
2023-07-17 06:16:11 +0000  copying file ./Frameworks/CountryPickerView.framework/CountryPickerView_CountryPickerView.bundle/Images/TD.png ... 
2023-07-17 06:16:11 +0000  318 bytes for ./Frameworks/CountryPickerView.framework/CountryPickerView_CountryPickerView.bundle/Images/TD.png
2023-07-17 06:16:11 +0000  copying file ./Frameworks/CountryPickerView.framework/CountryPickerView_CountryPickerView.bundle/Images/YT.png ... 
2023-07-17 06:16:11 +0000  321 bytes for ./Frameworks/CountryPickerView.framework/CountryPickerView_CountryPickerView.bundle/Images/YT.png
2023-07-17 06:16:11 +0000  copying file ./Frameworks/CountryPickerView.framework/CountryPickerView_CountryPickerView.bundle/Images/LB.png ... 
2023-07-17 06:16:11 +0000  992 bytes for ./Frameworks/CountryPickerView.framework/CountryPickerView_CountryPickerView.bundle/Images/LB.png
2023-07-17 06:16:11 +0000  copying file ./Frameworks/CountryPickerView.framework/CountryPickerView_CountryPickerView.bundle/Images/MF.png ... 
2023-07-17 06:16:11 +0000  1261 bytes for ./Frameworks/CountryPickerView.framework/CountryPickerView_CountryPickerView.bundle/Images/MF.png
copying file ./Frameworks/CountryPickerView.framework/CountryPickerView_CountryPickerView.bundle/Images/LU.png ... 
2023-07-17 06:16:11 +0000  355 bytes for ./Frameworks/CountryPickerView.framework/CountryPickerView_CountryPickerView.bundle/Images/LU.png
copying file ./Frameworks/CountryPickerView.framework/CountryPickerView_CountryPickerView.bundle/Images/MQ.png ... 
2023-07-17 06:16:11 +0000  337 bytes for ./Frameworks/CountryPickerView.framework/CountryPickerView_CountryPickerView.bundle/Images/MQ.png
2023-07-17 06:16:11 +0000  copying file ./Frameworks/CountryPickerView.framework/CountryPickerView_CountryPickerView.bundle/Images/CZ.png ... 
2023-07-17 06:16:11 +0000  804 bytes for ./Frameworks/CountryPickerView.framework/CountryPickerView_CountryPickerView.bundle/Images/CZ.png
copying file ./Frameworks/CountryPickerView.framework/CountryPickerView_CountryPickerView.bundle/Images/AE.png ... 
2023-07-17 06:16:11 +0000  445 bytes for ./Frameworks/CountryPickerView.framework/CountryPickerView_CountryPickerView.bundle/Images/AE.png
2023-07-17 06:16:11 +0000  copying file ./Frameworks/CountryPickerView.framework/CountryPickerView_CountryPickerView.bundle/Images/CM.png ... 
2023-07-17 06:16:11 +0000  712 bytes for ./Frameworks/CountryPickerView.framework/CountryPickerView_CountryPickerView.bundle/Images/CM.png
copying file ./Frameworks/CountryPickerView.framework/CountryPickerView_CountryPickerView.bundle/Images/BI.png ... 
2023-07-17 06:16:11 +0000  1394 bytes for ./Frameworks/CountryPickerView.framework/CountryPickerView_CountryPickerView.bundle/Images/BI.png
copying file ./Frameworks/CountryPickerView.framework/CountryPickerView_CountryPickerView.bundle/Images/AR.png ... 
2023-07-17 06:16:11 +0000  1007 bytes for ./Frameworks/CountryPickerView.framework/CountryPickerView_CountryPickerView.bundle/Images/AR.png
2023-07-17 06:16:11 +0000  copying file ./Frameworks/CountryPickerView.framework/CountryPickerView_CountryPickerView.bundle/Images/AS.png ... 
2023-07-17 06:16:11 +0000  1841 bytes for ./Frameworks/CountryPickerView.framework/CountryPickerView_CountryPickerView.bundle/Images/AS.png
2023-07-17 06:16:11 +0000  copying file ./Frameworks/CountryPickerView.framework/CountryPickerView_CountryPickerView.bundle/Images/BH.png ... 
2023-07-17 06:16:11 +0000  728 bytes for ./Frameworks/CountryPickerView.framework/CountryPickerView_CountryPickerView.bundle/Images/BH.png
copying file ./Frameworks/CountryPickerView.framework/CountryPickerView_CountryPickerView.bundle/Images/CL.png ... 
2023-07-17 06:16:11 +0000  687 bytes for ./Frameworks/CountryPickerView.framework/CountryPickerView_CountryPickerView.bundle/Images/CL.png
copying file ./Frameworks/CountryPickerView.framework/CountryPickerView_CountryPickerView.bundle/Images/AD.png ... 
2023-07-17 06:16:11 +0000  1552 bytes for ./Frameworks/CountryPickerView.framework/CountryPickerView_CountryPickerView.bundle/Images/AD.png
2023-07-17 06:16:11 +0000  copying file ./Frameworks/CountryPickerView.framework/CountryPickerView_CountryPickerView.bundle/Images/MP.png ... 
2023-07-17 06:16:11 +0000  2256 bytes for ./Frameworks/CountryPickerView.framework/CountryPickerView_CountryPickerView.bundle/Images/MP.png
2023-07-17 06:16:11 +0000  copying file ./Frameworks/CountryPickerView.framework/CountryPickerView_CountryPickerView.bundle/Images/LT.png ... 
2023-07-17 06:16:11 +0000  385 bytes for ./Frameworks/CountryPickerView.framework/CountryPickerView_CountryPickerView.bundle/Images/LT.png
2023-07-17 06:16:11 +0000  copying file ./Frameworks/CountryPickerView.framework/CountryPickerView_CountryPickerView.bundle/Images/MG.png ... 
2023-07-17 06:16:11 +0000  413 bytes for ./Frameworks/CountryPickerView.framework/CountryPickerView_CountryPickerView.bundle/Images/MG.png
2023-07-17 06:16:11 +0000  copying file ./Frameworks/CountryPickerView.framework/CountryPickerView_CountryPickerView.bundle/Images/LC.png ... 
2023-07-17 06:16:11 +0000  1363 bytes for ./Frameworks/CountryPickerView.framework/CountryPickerView_CountryPickerView.bundle/Images/LC.png
2023-07-17 06:16:11 +0000  copying file ./Frameworks/CountryPickerView.framework/CountryPickerView_CountryPickerView.bundle/Images/YU.png ... 
2023-07-17 06:16:11 +0000  1192 bytes for ./Frameworks/CountryPickerView.framework/CountryPickerView_CountryPickerView.bundle/Images/YU.png
2023-07-17 06:16:11 +0000  copying file ./Frameworks/CountryPickerView.framework/CountryPickerView_CountryPickerView.bundle/Images/TR.png ... 
2023-07-17 06:16:11 +0000  1100 bytes for ./Frameworks/CountryPickerView.framework/CountryPickerView_CountryPickerView.bundle/Images/TR.png
2023-07-17 06:16:11 +0000  copying file ./Frameworks/CountryPickerView.framework/CountryPickerView_CountryPickerView.bundle/Images/UA.png ... 
2023-07-17 06:16:11 +0000  341 bytes for ./Frameworks/CountryPickerView.framework/CountryPickerView_CountryPickerView.bundle/Images/UA.png
2023-07-17 06:16:11 +0000  copying file ./Frameworks/CountryPickerView.framework/CountryPickerView_CountryPickerView.bundle/Images/TV.png ... 
2023-07-17 06:16:11 +0000  2325 bytes for ./Frameworks/CountryPickerView.framework/CountryPickerView_CountryPickerView.bundle/Images/TV.png
copying file ./Frameworks/CountryPickerView.framework/CountryPickerView_CountryPickerView.bundle/Images/VI.png ... 
2023-07-17 06:16:11 +0000  2233 bytes for ./Frameworks/CountryPickerView.framework/CountryPickerView_CountryPickerView.bundle/Images/VI.png
2023-07-17 06:16:11 +0000  copying file ./Frameworks/CountryPickerView.framework/CountryPickerView_CountryPickerView.bundle/Images/MT.png ... 
2023-07-17 06:16:11 +0000  896 bytes for ./Frameworks/CountryPickerView.framework/CountryPickerView_CountryPickerView.bundle/Images/MT.png
copying file ./Frameworks/CountryPickerView.framework/CountryPickerView_CountryPickerView.bundle/Images/NO.png ... 
2023-07-17 06:16:11 +0000  780 bytes for ./Frameworks/CountryPickerView.framework/CountryPickerView_CountryPickerView.bundle/Images/NO.png
copying file ./Frameworks/CountryPickerView.framework/CountryPickerView_CountryPickerView.bundle/Images/MC.png ... 
2023-07-17 06:16:11 +0000  333 bytes for ./Frameworks/CountryPickerView.framework/CountryPickerView_CountryPickerView.bundle/Images/MC.png
2023-07-17 06:16:11 +0000  copying file ./Frameworks/CountryPickerView.framework/CountryPickerView_CountryPickerView.bundle/Images/CH.png ... 
2023-07-17 06:16:11 +0000  519 bytes for ./Frameworks/CountryPickerView.framework/CountryPickerView_CountryPickerView.bundle/Images/CH.png
copying file ./Frameworks/CountryPickerView.framework/CountryPickerView_CountryPickerView.bundle/Images/BL.png ... 
2023-07-17 06:16:11 +0000  321 bytes for ./Frameworks/CountryPickerView.framework/CountryPickerView_CountryPickerView.bundle/Images/BL.png
copying file ./Frameworks/CountryPickerView.framework/CountryPickerView_CountryPickerView.bundle/Images/AW.png ... 
2023-07-17 06:16:11 +0000  759 bytes for ./Frameworks/CountryPickerView.framework/CountryPickerView_CountryPickerView.bundle/Images/AW.png
copying file ./Frameworks/CountryPickerView.framework/CountryPickerView_CountryPickerView.bundle/Images/BZ.png ... 
2023-07-17 06:16:11 +0000  1531 bytes for ./Frameworks/CountryPickerView.framework/CountryPickerView_CountryPickerView.bundle/Images/BZ.png
copying file ./Frameworks/CountryPickerView.framework/CountryPickerView_CountryPickerView.bundle/Images/BM.png ... 
2023-07-17 06:16:11 +0000  2532 bytes for ./Frameworks/CountryPickerView.framework/CountryPickerView_CountryPickerView.bundle/Images/BM.png
2023-07-17 06:16:11 +0000  copying file ./Frameworks/CountryPickerView.framework/CountryPickerView_CountryPickerView.bundle/Images/CI.png ... 
2023-07-17 06:16:11 +0000  335 bytes for ./Frameworks/CountryPickerView.framework/CountryPickerView_CountryPickerView.bundle/Images/CI.png
copying file ./Frameworks/CountryPickerView.framework/CountryPickerView_CountryPickerView.bundle/Images/MU.png ... 
2023-07-17 06:16:11 +0000  395 bytes for ./Frameworks/CountryPickerView.framework/CountryPickerView_CountryPickerView.bundle/Images/MU.png
copying file ./Frameworks/CountryPickerView.framework/CountryPickerView_CountryPickerView.bundle/Images/US.png ... 
2023-07-17 06:16:11 +0000  1405 bytes for ./Frameworks/CountryPickerView.framework/CountryPickerView_CountryPickerView.bundle/Images/US.png
2023-07-17 06:16:11 +0000  copying file ./Frameworks/CountryPickerView.framework/CountryPickerView_CountryPickerView.bundle/Images/TW.png ... 
2023-07-17 06:16:11 +0000  1024 bytes for ./Frameworks/CountryPickerView.framework/CountryPickerView_CountryPickerView.bundle/Images/TW.png
2023-07-17 06:16:11 +0000  copying file ./Frameworks/CountryPickerView.framework/CountryPickerView_CountryPickerView.bundle/Images/YE.png ... 
2023-07-17 06:16:11 +0000  342 bytes for ./Frameworks/CountryPickerView.framework/CountryPickerView_CountryPickerView.bundle/Images/YE.png
copying file ./Frameworks/CountryPickerView.framework/CountryPickerView_CountryPickerView.bundle/Images/MW.png ... 
2023-07-17 06:16:11 +0000  1007 bytes for ./Frameworks/CountryPickerView.framework/CountryPickerView_CountryPickerView.bundle/Images/MW.png
2023-07-17 06:16:11 +0000  copying file ./Frameworks/CountryPickerView.framework/CountryPickerView_CountryPickerView.bundle/Images/NL.png ... 
2023-07-17 06:16:11 +0000  377 bytes for ./Frameworks/CountryPickerView.framework/CountryPickerView_CountryPickerView.bundle/Images/NL.png
copying file ./Frameworks/CountryPickerView.framework/CountryPickerView_CountryPickerView.bundle/Images/LS.png ... 
2023-07-17 06:16:11 +0000  842 bytes for ./Frameworks/CountryPickerView.framework/CountryPickerView_CountryPickerView.bundle/Images/LS.png
copying file ./Frameworks/CountryPickerView.framework/CountryPickerView_CountryPickerView.bundle/Images/BO.png ... 
2023-07-17 06:16:11 +0000  358 bytes for ./Frameworks/CountryPickerView.framework/CountryPickerView_CountryPickerView.bundle/Images/BO.png
2023-07-17 06:16:11 +0000  copying file ./Frameworks/CountryPickerView.framework/CountryPickerView_CountryPickerView.bundle/Images/AT.png ... 
2023-07-17 06:16:11 +0000  358 bytes for ./Frameworks/CountryPickerView.framework/CountryPickerView_CountryPickerView.bundle/Images/AT.png
copying file ./Frameworks/CountryPickerView.framework/CountryPickerView_CountryPickerView.bundle/Images/CK.png ... 
2023-07-17 06:16:11 +0000  2094 bytes for ./Frameworks/CountryPickerView.framework/CountryPickerView_CountryPickerView.bundle/Images/CK.png
copying file ./Frameworks/CountryPickerView.framework/CountryPickerView_CountryPickerView.bundle/Images/AC.png ... 
2023-07-17 06:16:11 +0000  1523 bytes for ./Frameworks/CountryPickerView.framework/CountryPickerView_CountryPickerView.bundle/Images/AC.png
2023-07-17 06:16:11 +0000  copying file ./Frameworks/CountryPickerView.framework/CountryPickerView_CountryPickerView.bundle/Images/BY.png ... 
2023-07-17 06:16:11 +0000  922 bytes for ./Frameworks/CountryPickerView.framework/CountryPickerView_CountryPickerView.bundle/Images/BY.png
2023-07-17 06:16:11 +0000  copying file ./Frameworks/CountryPickerView.framework/CountryPickerView_CountryPickerView.bundle/Images/AU.png ... 
2023-07-17 06:16:11 +0000  2182 bytes for ./Frameworks/CountryPickerView.framework/CountryPickerView_CountryPickerView.bundle/Images/AU.png
copying file ./Frameworks/CountryPickerView.framework/CountryPickerView_CountryPickerView.bundle/Images/BN.png ... 
2023-07-17 06:16:11 +0000  2223 bytes for ./Frameworks/CountryPickerView.framework/CountryPickerView_CountryPickerView.bundle/Images/BN.png
2023-07-17 06:16:11 +0000  copying file ./Frameworks/CountryPickerView.framework/CountryPickerView_CountryPickerView.bundle/Images/MA.png ... 
2023-07-17 06:16:11 +0000  1373 bytes for ./Frameworks/CountryPickerView.framework/CountryPickerView_CountryPickerView.bundle/Images/MA.png
copying file ./Frameworks/CountryPickerView.framework/CountryPickerView_CountryPickerView.bundle/Images/NZ.png ... 
2023-07-17 06:16:11 +0000  1964 bytes for ./Frameworks/CountryPickerView.framework/CountryPickerView_CountryPickerView.bundle/Images/NZ.png
copying file ./Frameworks/CountryPickerView.framework/CountryPickerView_CountryPickerView.bundle/Images/LR.png ... 
2023-07-17 06:16:11 +0000  755 bytes for ./Frameworks/CountryPickerView.framework/CountryPickerView_CountryPickerView.bundle/Images/LR.png
2023-07-17 06:16:11 +0000  copying file ./Frameworks/CountryPickerView.framework/CountryPickerView_CountryPickerView.bundle/Images/MV.png ... 
2023-07-17 06:16:11 +0000  1100 bytes for ./Frameworks/CountryPickerView.framework/CountryPickerView_CountryPickerView.bundle/Images/MV.png
copying file ./Frameworks/CountryPickerView.framework/CountryPickerView_CountryPickerView.bundle/Images/TC.png ... 
2023-07-17 06:16:11 +0000  2115 bytes for ./Frameworks/CountryPickerView.framework/CountryPickerView_CountryPickerView.bundle/Images/TC.png
copying file ./Frameworks/CountryPickerView.framework/CountryPickerView_CountryPickerView.bundle/Images/UG.png ... 
2023-07-17 06:16:11 +0000  792 bytes for ./Frameworks/CountryPickerView.framework/CountryPickerView_CountryPickerView.bundle/Images/UG.png
copying file ./Frameworks/CountryPickerView.framework/CountryPickerView_CountryPickerView.bundle/Images/TT.png ... 
2023-07-17 06:16:11 +0000  1352 bytes for ./Frameworks/CountryPickerView.framework/CountryPickerView_CountryPickerView.bundle/Images/TT.png
copying file ./Frameworks/CountryPickerView.framework/CountryPickerView_CountryPickerView.bundle/Images/PL.png ... 
2023-07-17 06:16:11 +0000  332 bytes for ./Frameworks/CountryPickerView.framework/CountryPickerView_CountryPickerView.bundle/Images/PL.png
2023-07-17 06:16:11 +0000  copying file ./Frameworks/CountryPickerView.framework/CountryPickerView_CountryPickerView.bundle/Images/RS.png ... 
2023-07-17 06:16:11 +0000  1379 bytes for ./Frameworks/CountryPickerView.framework/CountryPickerView_CountryPickerView.bundle/Images/RS.png
2023-07-17 06:16:11 +0000  copying file ./Frameworks/CountryPickerView.framework/CountryPickerView_CountryPickerView.bundle/Images/IN.png ... 
2023-07-17 06:16:11 +0000  1381 bytes for ./Frameworks/CountryPickerView.framework/CountryPickerView_CountryPickerView.bundle/Images/IN.png
2023-07-17 06:16:11 +0000  copying file ./Frameworks/CountryPickerView.framework/CountryPickerView_CountryPickerView.bundle/Images/GE.png ... 
2023-07-17 06:16:11 +0000  706 bytes for ./Frameworks/CountryPickerView.framework/CountryPickerView_CountryPickerView.bundle/Images/GE.png
2023-07-17 06:16:11 +0000  copying file ./Frameworks/CountryPickerView.framework/CountryPickerView_CountryPickerView.bundle/Images/GR.png ... 
2023-07-17 06:16:11 +0000  680 bytes for ./Frameworks/CountryPickerView.framework/CountryPickerView_CountryPickerView.bundle/Images/GR.png
2023-07-17 06:16:11 +0000  copying file ./Frameworks/CountryPickerView.framework/CountryPickerView_CountryPickerView.bundle/Images/GS.png ... 
2023-07-17 06:16:11 +0000  2763 bytes for ./Frameworks/CountryPickerView.framework/CountryPickerView_CountryPickerView.bundle/Images/GS.png
copying file ./Frameworks/CountryPickerView.framework/CountryPickerView_CountryPickerView.bundle/Images/GD.png ... 
2023-07-17 06:16:11 +0000  1379 bytes for ./Frameworks/CountryPickerView.framework/CountryPickerView_CountryPickerView.bundle/Images/GD.png
2023-07-17 06:16:11 +0000  copying file ./Frameworks/CountryPickerView.framework/CountryPickerView_CountryPickerView.bundle/Images/IO.png ... 
2023-07-17 06:16:11 +0000  3546 bytes for ./Frameworks/CountryPickerView.framework/CountryPickerView_CountryPickerView.bundle/Images/IO.png
2023-07-17 06:16:11 +0000  copying file ./Frameworks/CountryPickerView.framework/CountryPickerView_CountryPickerView.bundle/Images/HK.png ... 
2023-07-17 06:16:11 +0000  1032 bytes for ./Frameworks/CountryPickerView.framework/CountryPickerView_CountryPickerView.bundle/Images/HK.png
2023-07-17 06:16:11 +0000  copying file ./Frameworks/CountryPickerView.framework/CountryPickerView_CountryPickerView.bundle/Images/KP.png ... 
2023-07-17 06:16:11 +0000  822 bytes for ./Frameworks/CountryPickerView.framework/CountryPickerView_CountryPickerView.bundle/Images/KP.png
2023-07-17 06:16:11 +0000  copying file ./Frameworks/CountryPickerView.framework/CountryPickerView_CountryPickerView.bundle/Images/KG.png ... 
2023-07-17 06:16:11 +0000  1276 bytes for ./Frameworks/CountryPickerView.framework/CountryPickerView_CountryPickerView.bundle/Images/KG.png
2023-07-17 06:16:11 +0000  copying file ./Frameworks/CountryPickerView.framework/CountryPickerView_CountryPickerView.bundle/Images/PM.png ... 
2023-07-17 06:16:11 +0000  321 bytes for ./Frameworks/CountryPickerView.framework/CountryPickerView_CountryPickerView.bundle/Images/PM.png
copying file ./Frameworks/CountryPickerView.framework/CountryPickerView_CountryPickerView.bundle/Images/SV.png ... 
2023-07-17 06:16:11 +0000  1324 bytes for ./Frameworks/CountryPickerView.framework/CountryPickerView_CountryPickerView.bundle/Images/SV.png
2023-07-17 06:16:11 +0000  copying file ./Frameworks/CountryPickerView.framework/CountryPickerView_CountryPickerView.bundle/Images/RE.png ... 
2023-07-17 06:16:11 +0000  321 bytes for ./Frameworks/CountryPickerView.framework/CountryPickerView_CountryPickerView.bundle/Images/RE.png
2023-07-17 06:16:11 +0000  copying file ./Frameworks/CountryPickerView.framework/CountryPickerView_CountryPickerView.bundle/Images/SA.png ... 
2023-07-17 06:16:11 +0000  1510 bytes for ./Frameworks/CountryPickerView.framework/CountryPickerView_CountryPickerView.bundle/Images/SA.png
2023-07-17 06:16:11 +0000  copying file ./Frameworks/CountryPickerView.framework/CountryPickerView_CountryPickerView.bundle/Images/SC.png ... 
2023-07-17 06:16:11 +0000  1652 bytes for ./Frameworks/CountryPickerView.framework/CountryPickerView_CountryPickerView.bundle/Images/SC.png
2023-07-17 06:16:11 +0000  copying file ./Frameworks/CountryPickerView.framework/CountryPickerView_CountryPickerView.bundle/Images/ST.png ... 
2023-07-17 06:16:11 +0000  1132 bytes for ./Frameworks/CountryPickerView.framework/CountryPickerView_CountryPickerView.bundle/Images/ST.png
copying file ./Frameworks/CountryPickerView.framework/CountryPickerView_CountryPickerView.bundle/Images/KE.png ... 
2023-07-17 06:16:11 +0000  1399 bytes for ./Frameworks/CountryPickerView.framework/CountryPickerView_CountryPickerView.bundle/Images/KE.png
copying file ./Frameworks/CountryPickerView.framework/CountryPickerView_CountryPickerView.bundle/Images/IM.png ... 
2023-07-17 06:16:11 +0000  1490 bytes for ./Frameworks/CountryPickerView.framework/CountryPickerView_CountryPickerView.bundle/Images/IM.png
2023-07-17 06:16:11 +0000  copying file ./Frameworks/CountryPickerView.framework/CountryPickerView_CountryPickerView.bundle/Images/KR.png ... 
2023-07-17 06:16:11 +0000  2156 bytes for ./Frameworks/CountryPickerView.framework/CountryPickerView_CountryPickerView.bundle/Images/KR.png
copying file ./Frameworks/CountryPickerView.framework/CountryPickerView_CountryPickerView.bundle/Images/GF.png ... 
2023-07-17 06:16:11 +0000  337 bytes for ./Frameworks/CountryPickerView.framework/CountryPickerView_CountryPickerView.bundle/Images/GF.png
copying file ./Frameworks/CountryPickerView.framework/CountryPickerView_CountryPickerView.bundle/Images/DJ.png ... 
2023-07-17 06:16:11 +0000  959 bytes for ./Frameworks/CountryPickerView.framework/CountryPickerView_CountryPickerView.bundle/Images/DJ.png
2023-07-17 06:16:11 +0000  copying file ./Frameworks/CountryPickerView.framework/CountryPickerView_CountryPickerView.bundle/Images/GQ.png ... 
2023-07-17 06:16:11 +0000  982 bytes for ./Frameworks/CountryPickerView.framework/CountryPickerView_CountryPickerView.bundle/Images/GQ.png
2023-07-17 06:16:11 +0000  copying file ./Frameworks/CountryPickerView.framework/CountryPickerView_CountryPickerView.bundle/Images/GP.png ... 
2023-07-17 06:16:11 +0000  337 bytes for ./Frameworks/CountryPickerView.framework/CountryPickerView_CountryPickerView.bundle/Images/GP.png
copying file ./Frameworks/CountryPickerView.framework/CountryPickerView_CountryPickerView.bundle/Images/DK.png ... 
2023-07-17 06:16:11 +0000  419 bytes for ./Frameworks/CountryPickerView.framework/CountryPickerView_CountryPickerView.bundle/Images/DK.png
copying file ./Frameworks/CountryPickerView.framework/CountryPickerView_CountryPickerView.bundle/Images/GG.png ... 
2023-07-17 06:16:11 +0000  714 bytes for ./Frameworks/CountryPickerView.framework/CountryPickerView_CountryPickerView.bundle/Images/GG.png
2023-07-17 06:16:11 +0000  copying file ./Frameworks/CountryPickerView.framework/CountryPickerView_CountryPickerView.bundle/Images/IL.png ... 
2023-07-17 06:16:11 +0000  890 bytes for ./Frameworks/CountryPickerView.framework/CountryPickerView_CountryPickerView.bundle/Images/IL.png
copying file ./Frameworks/CountryPickerView.framework/CountryPickerView_CountryPickerView.bundle/Images/PN.png ... 
2023-07-17 06:16:11 +0000  2743 bytes for ./Frameworks/CountryPickerView.framework/CountryPickerView_CountryPickerView.bundle/Images/PN.png
copying file ./Frameworks/CountryPickerView.framework/CountryPickerView_CountryPickerView.bundle/Images/SB.png ... 
2023-07-17 06:16:11 +0000  1185 bytes for ./Frameworks/CountryPickerView.framework/CountryPickerView_CountryPickerView.bundle/Images/SB.png
2023-07-17 06:16:11 +0000  copying file ./Frameworks/CountryPickerView.framework/CountryPickerView_CountryPickerView.bundle/Images/PY.png ... 
2023-07-17 06:16:11 +0000  690 bytes for ./Frameworks/CountryPickerView.framework/CountryPickerView_CountryPickerView.bundle/Images/PY.png
copying file ./Frameworks/CountryPickerView.framework/CountryPickerView_CountryPickerView.bundle/Images/RU.png ... 
2023-07-17 06:16:11 +0000  381 bytes for ./Frameworks/CountryPickerView.framework/CountryPickerView_CountryPickerView.bundle/Images/RU.png
copying file ./Frameworks/CountryPickerView.framework/CountryPickerView_CountryPickerView.bundle/Images/KW.png ... 
2023-07-17 06:16:11 +0000  676 bytes for ./Frameworks/CountryPickerView.framework/CountryPickerView_CountryPickerView.bundle/Images/KW.png
2023-07-17 06:16:11 +0000  copying file ./Frameworks/CountryPickerView.framework/CountryPickerView_CountryPickerView.bundle/Images/DO.png ... 
2023-07-17 06:16:11 +0000  762 bytes for ./Frameworks/CountryPickerView.framework/CountryPickerView_CountryPickerView.bundle/Images/DO.png
copying file ./Frameworks/CountryPickerView.framework/CountryPickerView_CountryPickerView.bundle/Images/GT.png ... 
2023-07-17 06:16:11 +0000  1392 bytes for ./Frameworks/CountryPickerView.framework/CountryPickerView_CountryPickerView.bundle/Images/GT.png
copying file ./Frameworks/CountryPickerView.framework/CountryPickerView_CountryPickerView.bundle/Images/GB.png ... 
2023-07-17 06:16:11 +0000  1523 bytes for ./Frameworks/CountryPickerView.framework/CountryPickerView_CountryPickerView.bundle/Images/GB.png
2023-07-17 06:16:11 +0000  copying file ./Frameworks/CountryPickerView.framework/CountryPickerView_CountryPickerView.bundle/Images/GU.png ... 
2023-07-17 06:16:11 +0000  1643 bytes for ./Frameworks/CountryPickerView.framework/CountryPickerView_CountryPickerView.bundle/Images/GU.png
2023-07-17 06:16:11 +0000  copying file ./Frameworks/CountryPickerView.framework/CountryPickerView_CountryPickerView.bundle/Images/JE.png ... 
2023-07-17 06:16:11 +0000  1361 bytes for ./Frameworks/CountryPickerView.framework/CountryPickerView_CountryPickerView.bundle/Images/JE.png
2023-07-17 06:16:11 +0000  copying file ./Frameworks/CountryPickerView.framework/CountryPickerView_CountryPickerView.bundle/Images/HM.png ... 
2023-07-17 06:16:11 +0000  2249 bytes for ./Frameworks/CountryPickerView.framework/CountryPickerView_CountryPickerView.bundle/Images/HM.png
2023-07-17 06:16:11 +0000  copying file ./Frameworks/CountryPickerView.framework/CountryPickerView_CountryPickerView.bundle/Images/SG.png ... 
2023-07-17 06:16:11 +0000  775 bytes for ./Frameworks/CountryPickerView.framework/CountryPickerView_CountryPickerView.bundle/Images/SG.png
2023-07-17 06:16:11 +0000  copying file ./Frameworks/CountryPickerView.framework/CountryPickerView_CountryPickerView.bundle/Images/PK.png ... 
2023-07-17 06:16:11 +0000  919 bytes for ./Frameworks/CountryPickerView.framework/CountryPickerView_CountryPickerView.bundle/Images/PK.png
2023-07-17 06:16:11 +0000  copying file ./Frameworks/CountryPickerView.framework/CountryPickerView_CountryPickerView.bundle/Images/SR.png ... 
2023-07-17 06:16:11 +0000  773 bytes for ./Frameworks/CountryPickerView.framework/CountryPickerView_CountryPickerView.bundle/Images/SR.png
copying file ./Frameworks/CountryPickerView.framework/CountryPickerView_CountryPickerView.bundle/Images/SE.png ... 
2023-07-17 06:16:11 +0000  601 bytes for ./Frameworks/CountryPickerView.framework/CountryPickerView_CountryPickerView.bundle/Images/SE.png
copying file ./Frameworks/CountryPickerView.framework/CountryPickerView_CountryPickerView.bundle/Images/JP.png ... 
2023-07-17 06:16:11 +0000  588 bytes for ./Frameworks/CountryPickerView.framework/CountryPickerView_CountryPickerView.bundle/Images/JP.png
2023-07-17 06:16:11 +0000  copying file ./Frameworks/CountryPickerView.framework/CountryPickerView_CountryPickerView.bundle/Images/GW.png ... 
2023-07-17 06:16:11 +0000  770 bytes for ./Frameworks/CountryPickerView.framework/CountryPickerView_CountryPickerView.bundle/Images/GW.png
copying file ./Frameworks/CountryPickerView.framework/CountryPickerView_CountryPickerView.bundle/Images/EH.png ... 
2023-07-17 06:16:11 +0000  1263 bytes for ./Frameworks/CountryPickerView.framework/CountryPickerView_CountryPickerView.bundle/Images/EH.png
copying file ./Frameworks/CountryPickerView.framework/CountryPickerView_CountryPickerView.bundle/Images/DZ.png ... 
2023-07-17 06:16:11 +0000  1112 bytes for ./Frameworks/CountryPickerView.framework/CountryPickerView_CountryPickerView.bundle/Images/DZ.png
2023-07-17 06:16:11 +0000  copying file ./Frameworks/CountryPickerView.framework/CountryPickerView_CountryPickerView.bundle/Images/GA.png ... 
2023-07-17 06:16:11 +0000  390 bytes for ./Frameworks/CountryPickerView.framework/CountryPickerView_CountryPickerView.bundle/Images/GA.png
copying file ./Frameworks/CountryPickerView.framework/CountryPickerView_CountryPickerView.bundle/Images/FR.png ... 
2023-07-17 06:16:11 +0000  337 bytes for ./Frameworks/CountryPickerView.framework/CountryPickerView_CountryPickerView.bundle/Images/FR.png
2023-07-17 06:16:11 +0000  copying file ./Frameworks/CountryPickerView.framework/CountryPickerView_CountryPickerView.bundle/Images/DM.png ... 
2023-07-17 06:16:11 +0000  1373 bytes for ./Frameworks/CountryPickerView.framework/CountryPickerView_CountryPickerView.bundle/Images/DM.png
copying file ./Frameworks/CountryPickerView.framework/CountryPickerView_CountryPickerView.bundle/Images/HN.png ... 
2023-07-17 06:16:11 +0000  750 bytes for ./Frameworks/CountryPickerView.framework/CountryPickerView_CountryPickerView.bundle/Images/HN.png
copying file ./Frameworks/CountryPickerView.framework/CountryPickerView_CountryPickerView.bundle/Images/SD.png ... 
2023-07-17 06:16:11 +0000  661 bytes for ./Frameworks/CountryPickerView.framework/CountryPickerView_CountryPickerView.bundle/Images/SD.png
2023-07-17 06:16:11 +0000  copying file ./Frameworks/CountryPickerView.framework/CountryPickerView_CountryPickerView.bundle/Images/RW.png ... 
2023-07-17 06:16:11 +0000  805 bytes for ./Frameworks/CountryPickerView.framework/CountryPickerView_CountryPickerView.bundle/Images/RW.png
2023-07-17 06:16:11 +0000  copying file ./Frameworks/CountryPickerView.framework/CountryPickerView_CountryPickerView.bundle/Images/PH.png ... 
2023-07-17 06:16:11 +0000  1519 bytes for ./Frameworks/CountryPickerView.framework/CountryPickerView_CountryPickerView.bundle/Images/PH.png
copying file ./Frameworks/CountryPickerView.framework/CountryPickerView_CountryPickerView.bundle/Images/SS.png ... 
2023-07-17 06:16:11 +0000  1431 bytes for ./Frameworks/CountryPickerView.framework/CountryPickerView_CountryPickerView.bundle/Images/SS.png
2023-07-17 06:16:11 +0000  copying file ./Frameworks/CountryPickerView.framework/CountryPickerView_CountryPickerView.bundle/Images/QA.png ... 
2023-07-17 06:16:11 +0000  748 bytes for ./Frameworks/CountryPickerView.framework/CountryPickerView_CountryPickerView.bundle/Images/QA.png
copying file ./Frameworks/CountryPickerView.framework/CountryPickerView_CountryPickerView.bundle/Images/PE.png ... 
2023-07-17 06:16:11 +0000  327 bytes for ./Frameworks/CountryPickerView.framework/CountryPickerView_CountryPickerView.bundle/Images/PE.png
copying file ./Frameworks/CountryPickerView.framework/CountryPickerView_CountryPickerView.bundle/Images/PR.png ... 
2023-07-17 06:16:11 +0000  1518 bytes for ./Frameworks/CountryPickerView.framework/CountryPickerView_CountryPickerView.bundle/Images/PR.png
copying file ./Frameworks/CountryPickerView.framework/CountryPickerView_CountryPickerView.bundle/Images/SI.png ... 
2023-07-17 06:16:11 +0000  967 bytes for ./Frameworks/CountryPickerView.framework/CountryPickerView_CountryPickerView.bundle/Images/SI.png
copying file ./Frameworks/CountryPickerView.framework/CountryPickerView_CountryPickerView.bundle/Images/HT.png ... 
2023-07-17 06:16:11 +0000  342 bytes for ./Frameworks/CountryPickerView.framework/CountryPickerView_CountryPickerView.bundle/Images/HT.png
copying file ./Frameworks/CountryPickerView.framework/CountryPickerView_CountryPickerView.bundle/Images/ES.png ... 
2023-07-17 06:16:11 +0000  1600 bytes for ./Frameworks/CountryPickerView.framework/CountryPickerView_CountryPickerView.bundle/Images/ES.png
copying file ./Frameworks/CountryPickerView.framework/CountryPickerView_CountryPickerView.bundle/Images/GL.png ... 
2023-07-17 06:16:11 +0000  869 bytes for ./Frameworks/CountryPickerView.framework/CountryPickerView_CountryPickerView.bundle/Images/GL.png
copying file ./Frameworks/CountryPickerView.framework/CountryPickerView_CountryPickerView.bundle/Images/GM.png ... 
2023-07-17 06:16:11 +0000  381 bytes for ./Frameworks/CountryPickerView.framework/CountryPickerView_CountryPickerView.bundle/Images/GM.png
2023-07-17 06:16:11 +0000  copying file ./Frameworks/CountryPickerView.framework/CountryPickerView_CountryPickerView.bundle/Images/ER.png ... 
2023-07-17 06:16:11 +0000  2034 bytes for ./Frameworks/CountryPickerView.framework/CountryPickerView_CountryPickerView.bundle/Images/ER.png
copying file ./Frameworks/CountryPickerView.framework/CountryPickerView_CountryPickerView.bundle/Images/FI.png ... 
2023-07-17 06:16:11 +0000  418 bytes for ./Frameworks/CountryPickerView.framework/CountryPickerView_CountryPickerView.bundle/Images/FI.png
copying file ./Frameworks/CountryPickerView.framework/CountryPickerView_CountryPickerView.bundle/Images/EE.png ... 
2023-07-17 06:16:11 +0000  366 bytes for ./Frameworks/CountryPickerView.framework/CountryPickerView_CountryPickerView.bundle/Images/EE.png
2023-07-17 06:16:11 +0000  copying file ./Frameworks/CountryPickerView.framework/CountryPickerView_CountryPickerView.bundle/Images/KN.png ... 
2023-07-17 06:16:11 +0000  1571 bytes for ./Frameworks/CountryPickerView.framework/CountryPickerView_CountryPickerView.bundle/Images/KN.png
copying file ./Frameworks/CountryPickerView.framework/CountryPickerView_CountryPickerView.bundle/Images/HU.png ... 
2023-07-17 06:16:11 +0000  379 bytes for ./Frameworks/CountryPickerView.framework/CountryPickerView_CountryPickerView.bundle/Images/HU.png
copying file ./Frameworks/CountryPickerView.framework/CountryPickerView_CountryPickerView.bundle/Images/IQ.png ... 
2023-07-17 06:16:11 +0000  2190 bytes for ./Frameworks/CountryPickerView.framework/CountryPickerView_CountryPickerView.bundle/Images/IQ.png
2023-07-17 06:16:11 +0000  copying file ./Frameworks/CountryPickerView.framework/CountryPickerView_CountryPickerView.bundle/Images/KY.png ... 
2023-07-17 06:16:11 +0000  2466 bytes for ./Frameworks/CountryPickerView.framework/CountryPickerView_CountryPickerView.bundle/Images/KY.png
copying file ./Frameworks/CountryPickerView.framework/CountryPickerView_CountryPickerView.bundle/Images/SH.png ... 
2023-07-17 06:16:11 +0000  2215 bytes for ./Frameworks/CountryPickerView.framework/CountryPickerView_CountryPickerView.bundle/Images/SH.png
copying file ./Frameworks/CountryPickerView.framework/CountryPickerView_CountryPickerView.bundle/Images/PS.png ... 
2023-07-17 06:16:11 +0000  633 bytes for ./Frameworks/CountryPickerView.framework/CountryPickerView_CountryPickerView.bundle/Images/PS.png
copying file ./Frameworks/CountryPickerView.framework/CountryPickerView_CountryPickerView.bundle/Images/PF.png ... 
2023-07-17 06:16:11 +0000  1261 bytes for ./Frameworks/CountryPickerView.framework/CountryPickerView_CountryPickerView.bundle/Images/PF.png
copying file ./Frameworks/CountryPickerView.framework/CountryPickerView_CountryPickerView.bundle/Images/SJ.png ... 
2023-07-17 06:16:11 +0000  806 bytes for ./Frameworks/CountryPickerView.framework/CountryPickerView_CountryPickerView.bundle/Images/SJ.png
copying file ./Frameworks/CountryPickerView.framework/CountryPickerView_CountryPickerView.bundle/Images/ID.png ... 
2023-07-17 06:16:11 +0000  320 bytes for ./Frameworks/CountryPickerView.framework/CountryPickerView_CountryPickerView.bundle/Images/ID.png
2023-07-17 06:16:11 +0000  copying file ./Frameworks/CountryPickerView.framework/CountryPickerView_CountryPickerView.bundle/Images/IS.png ... 
2023-07-17 06:16:11 +0000  499 bytes for ./Frameworks/CountryPickerView.framework/CountryPickerView_CountryPickerView.bundle/Images/IS.png
copying file ./Frameworks/CountryPickerView.framework/CountryPickerView_CountryPickerView.bundle/Images/EG.png ... 
2023-07-17 06:16:11 +0000  741 bytes for ./Frameworks/CountryPickerView.framework/CountryPickerView_CountryPickerView.bundle/Images/EG.png
copying file ./Frameworks/CountryPickerView.framework/CountryPickerView_CountryPickerView.bundle/Images/FK.png ... 
2023-07-17 06:16:11 +0000  2586 bytes for ./Frameworks/CountryPickerView.framework/CountryPickerView_CountryPickerView.bundle/Images/FK.png
2023-07-17 06:16:11 +0000  copying file ./Frameworks/CountryPickerView.framework/CountryPickerView_CountryPickerView.bundle/Images/FJ.png ... 
2023-07-17 06:16:11 +0000  2452 bytes for ./Frameworks/CountryPickerView.framework/CountryPickerView_CountryPickerView.bundle/Images/FJ.png
copying file ./Frameworks/CountryPickerView.framework/CountryPickerView_CountryPickerView.bundle/Images/GN.png ... 
2023-07-17 06:16:11 +0000  338 bytes for ./Frameworks/CountryPickerView.framework/CountryPickerView_CountryPickerView.bundle/Images/GN.png
copying file ./Frameworks/CountryPickerView.framework/CountryPickerView_CountryPickerView.bundle/Images/GY.png ... 
2023-07-17 06:16:11 +0000  1862 bytes for ./Frameworks/CountryPickerView.framework/CountryPickerView_CountryPickerView.bundle/Images/GY.png
copying file ./Frameworks/CountryPickerView.framework/CountryPickerView_CountryPickerView.bundle/Images/IR.png ... 
2023-07-17 06:16:11 +0000  1423 bytes for ./Frameworks/CountryPickerView.framework/CountryPickerView_CountryPickerView.bundle/Images/IR.png
copying file ./Frameworks/CountryPickerView.framework/CountryPickerView_CountryPickerView.bundle/Images/KM.png ... 
2023-07-17 06:16:11 +0000  1512 bytes for ./Frameworks/CountryPickerView.framework/CountryPickerView_CountryPickerView.bundle/Images/KM.png
copying file ./Frameworks/CountryPickerView.framework/CountryPickerView_CountryPickerView.bundle/Images/IE.png ... 
2023-07-17 06:16:11 +0000  337 bytes for ./Frameworks/CountryPickerView.framework/CountryPickerView_CountryPickerView.bundle/Images/IE.png
2023-07-17 06:16:11 +0000  copying file ./Frameworks/CountryPickerView.framework/CountryPickerView_CountryPickerView.bundle/Images/KZ.png ... 
2023-07-17 06:16:11 +0000  2135 bytes for ./Frameworks/CountryPickerView.framework/CountryPickerView_CountryPickerView.bundle/Images/KZ.png
2023-07-17 06:16:11 +0000  copying file ./Frameworks/CountryPickerView.framework/CountryPickerView_CountryPickerView.bundle/Images/RO.png ... 
2023-07-17 06:16:11 +0000  343 bytes for ./Frameworks/CountryPickerView.framework/CountryPickerView_CountryPickerView.bundle/Images/RO.png
2023-07-17 06:16:11 +0000  copying file ./Frameworks/CountryPickerView.framework/CountryPickerView_CountryPickerView.bundle/Images/SK.png ... 
2023-07-17 06:16:11 +0000  1426 bytes for ./Frameworks/CountryPickerView.framework/CountryPickerView_CountryPickerView.bundle/Images/SK.png
2023-07-17 06:16:11 +0000  copying file ./Frameworks/CountryPickerView.framework/CountryPickerView_CountryPickerView.bundle/Images/PG.png ... 
2023-07-17 06:16:11 +0000  1262 bytes for ./Frameworks/CountryPickerView.framework/CountryPickerView_CountryPickerView.bundle/Images/PG.png
2023-07-17 06:16:11 +0000  copying file ./Frameworks/CountryPickerView.framework/CountryPickerView_CountryPickerView.bundle/Images/PT.png ... 
2023-07-17 06:16:11 +0000  1251 bytes for ./Frameworks/CountryPickerView.framework/CountryPickerView_CountryPickerView.bundle/Images/PT.png
copying file ./Frameworks/CountryPickerView.framework/CountryPickerView_CountryPickerView.bundle/Images/SO.png ... 
2023-07-17 06:16:11 +0000  775 bytes for ./Frameworks/CountryPickerView.framework/CountryPickerView_CountryPickerView.bundle/Images/SO.png
2023-07-17 06:16:11 +0000  copying file ./Frameworks/CountryPickerView.framework/CountryPickerView_CountryPickerView.bundle/Images/SX.png ... 
2023-07-17 06:16:11 +0000  1263 bytes for ./Frameworks/CountryPickerView.framework/CountryPickerView_CountryPickerView.bundle/Images/SX.png
copying file ./Frameworks/CountryPickerView.framework/CountryPickerView_CountryPickerView.bundle/Images/HR.png ... 
2023-07-17 06:16:11 +0000  1525 bytes for ./Frameworks/CountryPickerView.framework/CountryPickerView_CountryPickerView.bundle/Images/HR.png
2023-07-17 06:16:11 +0000  copying file ./Frameworks/CountryPickerView.framework/CountryPickerView_CountryPickerView.bundle/Images/KI.png ... 
2023-07-17 06:16:11 +0000  2370 bytes for ./Frameworks/CountryPickerView.framework/CountryPickerView_CountryPickerView.bundle/Images/KI.png
copying file ./Frameworks/CountryPickerView.framework/CountryPickerView_CountryPickerView.bundle/Images/JM.png ... 
2023-07-17 06:16:11 +0000  840 bytes for ./Frameworks/CountryPickerView.framework/CountryPickerView_CountryPickerView.bundle/Images/JM.png
2023-07-17 06:16:11 +0000  copying file ./Frameworks/CountryPickerView.framework/CountryPickerView_CountryPickerView.bundle/Images/FX.png ... 
2023-07-17 06:16:11 +0000  337 bytes for ./Frameworks/CountryPickerView.framework/CountryPickerView_CountryPickerView.bundle/Images/FX.png
copying file ./Frameworks/CountryPickerView.framework/CountryPickerView_CountryPickerView.bundle/Images/EC.png ... 
2023-07-17 06:16:11 +0000  1878 bytes for ./Frameworks/CountryPickerView.framework/CountryPickerView_CountryPickerView.bundle/Images/EC.png
copying file ./Frameworks/CountryPickerView.framework/CountryPickerView_CountryPickerView.bundle/Images/ET.png ... 
2023-07-17 06:16:11 +0000  1320 bytes for ./Frameworks/CountryPickerView.framework/CountryPickerView_CountryPickerView.bundle/Images/ET.png
2023-07-17 06:16:11 +0000  copying file ./Frameworks/CountryPickerView.framework/CountryPickerView_CountryPickerView.bundle/Images/FO.png ... 
2023-07-17 06:16:11 +0000  623 bytes for ./Frameworks/CountryPickerView.framework/CountryPickerView_CountryPickerView.bundle/Images/FO.png
copying file ./Frameworks/CountryPickerView.framework/CountryPickerView_CountryPickerView.bundle/Images/KH.png ... 
2023-07-17 06:16:11 +0000  1258 bytes for ./Frameworks/CountryPickerView.framework/CountryPickerView_CountryPickerView.bundle/Images/KH.png
copying file ./Frameworks/CountryPickerView.framework/CountryPickerView_CountryPickerView.bundle/Images/SY.png ... 
2023-07-17 06:16:11 +0000  684 bytes for ./Frameworks/CountryPickerView.framework/CountryPickerView_CountryPickerView.bundle/Images/SY.png
2023-07-17 06:16:11 +0000  copying file ./Frameworks/CountryPickerView.framework/CountryPickerView_CountryPickerView.bundle/Images/SN.png ... 
2023-07-17 06:16:11 +0000  638 bytes for ./Frameworks/CountryPickerView.framework/CountryPickerView_CountryPickerView.bundle/Images/SN.png
copying file ./Frameworks/CountryPickerView.framework/CountryPickerView_CountryPickerView.bundle/Images/PW.png ... 
2023-07-17 06:16:11 +0000  864 bytes for ./Frameworks/CountryPickerView.framework/CountryPickerView_CountryPickerView.bundle/Images/PW.png
copying file ./Frameworks/CountryPickerView.framework/CountryPickerView_CountryPickerView.bundle/Images/SL.png ... 
2023-07-17 06:16:11 +0000  350 bytes for ./Frameworks/CountryPickerView.framework/CountryPickerView_CountryPickerView.bundle/Images/SL.png
2023-07-17 06:16:11 +0000  copying file ./Frameworks/CountryPickerView.framework/CountryPickerView_CountryPickerView.bundle/Images/FM.png ... 
2023-07-17 06:16:11 +0000  866 bytes for ./Frameworks/CountryPickerView.framework/CountryPickerView_CountryPickerView.bundle/Images/FM.png
copying file ./Frameworks/CountryPickerView.framework/CountryPickerView_CountryPickerView.bundle/Images/GI.png ... 
2023-07-17 06:16:11 +0000  1452 bytes for ./Frameworks/CountryPickerView.framework/CountryPickerView_CountryPickerView.bundle/Images/GI.png
copying file ./Frameworks/CountryPickerView.framework/CountryPickerView_CountryPickerView.bundle/Images/DE.png ... 
2023-07-17 06:16:11 +0000  374 bytes for ./Frameworks/CountryPickerView.framework/CountryPickerView_CountryPickerView.bundle/Images/DE.png
2023-07-17 06:16:11 +0000  copying file ./Frameworks/CountryPickerView.framework/CountryPickerView_CountryPickerView.bundle/Images/GH.png ... 
2023-07-17 06:16:11 +0000  1046 bytes for ./Frameworks/CountryPickerView.framework/CountryPickerView_CountryPickerView.bundle/Images/GH.png
copying file ./Frameworks/CountryPickerView.framework/CountryPickerView_CountryPickerView.bundle/Images/JO.png ... 
2023-07-17 06:16:11 +0000  754 bytes for ./Frameworks/CountryPickerView.framework/CountryPickerView_CountryPickerView.bundle/Images/JO.png
copying file ./Frameworks/CountryPickerView.framework/CountryPickerView_CountryPickerView.bundle/Images/IT.png ... 
2023-07-17 06:16:11 +0000  321 bytes for ./Frameworks/CountryPickerView.framework/CountryPickerView_CountryPickerView.bundle/Images/IT.png
2023-07-17 06:16:11 +0000  copying file ./Frameworks/CountryPickerView.framework/CountryPickerView_CountryPickerView.bundle/Images/PA.png ... 
2023-07-17 06:16:11 +0000  1008 bytes for ./Frameworks/CountryPickerView.framework/CountryPickerView_CountryPickerView.bundle/Images/PA.png
copying file ./Frameworks/CountryPickerView.framework/CountryPickerView_CountryPickerView.bundle/Images/SZ.png ... 
2023-07-17 06:16:11 +0000  1529 bytes for ./Frameworks/CountryPickerView.framework/CountryPickerView_CountryPickerView.bundle/Images/SZ.png
copying file ./Frameworks/CountryPickerView.framework/CountryPickerView_CountryPickerView.bundle/Images/SM.png ... 
2023-07-17 06:16:11 +0000  1382 bytes for ./Frameworks/CountryPickerView.framework/CountryPickerView_CountryPickerView.bundle/Images/SM.png
2023-07-17 06:16:11 +0000  copying file ./Frameworks/CountryPickerView.framework/CountryPickerView_CountryPickerView.bundle/Images/TN.png ... 
2023-07-17 06:16:11 +0000  1025 bytes for ./Frameworks/CountryPickerView.framework/CountryPickerView_CountryPickerView.bundle/Images/TN.png
2023-07-17 06:16:11 +0000  copying file ./Frameworks/CountryPickerView.framework/CountryPickerView_CountryPickerView.bundle/Images/ML.png ... 
2023-07-17 06:16:11 +0000  337 bytes for ./Frameworks/CountryPickerView.framework/CountryPickerView_CountryPickerView.bundle/Images/ML.png
copying file ./Frameworks/CountryPickerView.framework/CountryPickerView_CountryPickerView.bundle/Images/CG.png ... 
2023-07-17 06:16:11 +0000  515 bytes for ./Frameworks/CountryPickerView.framework/CountryPickerView_CountryPickerView.bundle/Images/CG.png
2023-07-17 06:16:11 +0000  copying file ./Frameworks/CountryPickerView.framework/CountryPickerView_CountryPickerView.bundle/Images/AX.png ... 
2023-07-17 06:16:11 +0000  564 bytes for ./Frameworks/CountryPickerView.framework/CountryPickerView_CountryPickerView.bundle/Images/AX.png
copying file ./Frameworks/CountryPickerView.framework/CountryPickerView_CountryPickerView.bundle/Images/AO.png ... 
2023-07-17 06:16:11 +0000  1035 bytes for ./Frameworks/CountryPickerView.framework/CountryPickerView_CountryPickerView.bundle/Images/AO.png
copying file ./Frameworks/CountryPickerView.framework/CountryPickerView_CountryPickerView.bundle/Images/BT.png ... 
2023-07-17 06:16:11 +0000  2049 bytes for ./Frameworks/CountryPickerView.framework/CountryPickerView_CountryPickerView.bundle/Images/BT.png
2023-07-17 06:16:11 +0000  copying file ./Frameworks/CountryPickerView.framework/CountryPickerView_CountryPickerView.bundle/Images/BB.png ... 
2023-07-17 06:16:11 +0000  937 bytes for ./Frameworks/CountryPickerView.framework/CountryPickerView_CountryPickerView.bundle/Images/BB.png
copying file ./Frameworks/CountryPickerView.framework/CountryPickerView_CountryPickerView.bundle/Images/CF.png ... 
2023-07-17 06:16:11 +0000  683 bytes for ./Frameworks/CountryPickerView.framework/CountryPickerView_CountryPickerView.bundle/Images/CF.png
2023-07-17 06:16:11 +0000  copying file ./Frameworks/CountryPickerView.framework/CountryPickerView_CountryPickerView.bundle/Images/MM.png ... 
2023-07-17 06:16:11 +0000  1049 bytes for ./Frameworks/CountryPickerView.framework/CountryPickerView_CountryPickerView.bundle/Images/MM.png
copying file ./Frameworks/CountryPickerView.framework/CountryPickerView_CountryPickerView.bundle/Images/LI.png ... 
2023-07-17 06:16:11 +0000  985 bytes for ./Frameworks/CountryPickerView.framework/CountryPickerView_CountryPickerView.bundle/Images/LI.png
2023-07-17 06:16:11 +0000  copying file ./Frameworks/CountryPickerView.framework/CountryPickerView_CountryPickerView.bundle/Images/NA.png ... 
2023-07-17 06:16:11 +0000  1953 bytes for ./Frameworks/CountryPickerView.framework/CountryPickerView_CountryPickerView.bundle/Images/NA.png
2023-07-17 06:16:11 +0000  copying file ./Frameworks/CountryPickerView.framework/CountryPickerView_CountryPickerView.bundle/Images/MZ.png ... 
2023-07-17 06:16:11 +0000  1073 bytes for ./Frameworks/CountryPickerView.framework/CountryPickerView_CountryPickerView.bundle/Images/MZ.png
2023-07-17 06:16:11 +0000  copying file ./Frameworks/CountryPickerView.framework/CountryPickerView_CountryPickerView.bundle/Images/TO.png ... 
2023-07-17 06:16:11 +0000  662 bytes for ./Frameworks/CountryPickerView.framework/CountryPickerView_CountryPickerView.bundle/Images/TO.png
2023-07-17 06:16:11 +0000  copying file ./Frameworks/CountryPickerView.framework/CountryPickerView_CountryPickerView.bundle/Images/VG.png ... 
2023-07-17 06:16:11 +0000  2233 bytes for ./Frameworks/CountryPickerView.framework/CountryPickerView_CountryPickerView.bundle/Images/VG.png
2023-07-17 06:16:11 +0000  copying file ./Frameworks/CountryPickerView.framework/CountryPickerView_CountryPickerView.bundle/Images/VE.png ... 
2023-07-17 06:16:11 +0000  662 bytes for ./Frameworks/CountryPickerView.framework/CountryPickerView_CountryPickerView.bundle/Images/VE.png
2023-07-17 06:16:11 +0000  copying file ./Frameworks/CountryPickerView.framework/CountryPickerView_CountryPickerView.bundle/Images/TZ.png ... 
2023-07-17 06:16:11 +0000  767 bytes for ./Frameworks/CountryPickerView.framework/CountryPickerView_CountryPickerView.bundle/Images/TZ.png
2023-07-17 06:16:11 +0000  copying file ./Frameworks/CountryPickerView.framework/CountryPickerView_CountryPickerView.bundle/Images/TM.png ... 
2023-07-17 06:16:11 +0000  1454 bytes for ./Frameworks/CountryPickerView.framework/CountryPickerView_CountryPickerView.bundle/Images/TM.png
2023-07-17 06:16:11 +0000  copying file ./Frameworks/CountryPickerView.framework/CountryPickerView_CountryPickerView.bundle/Images/MX.png ... 
2023-07-17 06:16:11 +0000  1276 bytes for ./Frameworks/CountryPickerView.framework/CountryPickerView_CountryPickerView.bundle/Images/MX.png
2023-07-17 06:16:11 +0000  copying file ./Frameworks/CountryPickerView.framework/CountryPickerView_CountryPickerView.bundle/Images/NC.png ... 
2023-07-17 06:16:11 +0000  321 bytes for ./Frameworks/CountryPickerView.framework/CountryPickerView_CountryPickerView.bundle/Images/NC.png
2023-07-17 06:16:11 +0000  copying file ./Frameworks/CountryPickerView.framework/CountryPickerView_CountryPickerView.bundle/Images/MO.png ... 
2023-07-17 06:16:11 +0000  1188 bytes for ./Frameworks/CountryPickerView.framework/CountryPickerView_CountryPickerView.bundle/Images/MO.png
2023-07-17 06:16:11 +0000  copying file ./Frameworks/CountryPickerView.framework/CountryPickerView_CountryPickerView.bundle/Images/LK.png ... 
2023-07-17 06:16:11 +0000  734 bytes for ./Frameworks/CountryPickerView.framework/CountryPickerView_CountryPickerView.bundle/Images/LK.png
2023-07-17 06:16:11 +0000  copying file ./Frameworks/CountryPickerView.framework/CountryPickerView_CountryPickerView.bundle/Images/CD.png ... 
2023-07-17 06:16:11 +0000  1186 bytes for ./Frameworks/CountryPickerView.framework/CountryPickerView_CountryPickerView.bundle/Images/CD.png
copying file ./Frameworks/CountryPickerView.framework/CountryPickerView_CountryPickerView.bundle/Images/AL.png ... 
2023-07-17 06:16:11 +0000  1286 bytes for ./Frameworks/CountryPickerView.framework/CountryPickerView_CountryPickerView.bundle/Images/AL.png
copying file ./Frameworks/CountryPickerView.framework/CountryPickerView_CountryPickerView.bundle/Images/BW.png ... 
2023-07-17 06:16:11 +0000  355 bytes for ./Frameworks/CountryPickerView.framework/CountryPickerView_CountryPickerView.bundle/Images/BW.png
2023-07-17 06:16:11 +0000  copying file ./Frameworks/CountryPickerView.framework/CountryPickerView_CountryPickerView.bundle/Images/CR.png ... 
2023-07-17 06:16:11 +0000  393 bytes for ./Frameworks/CountryPickerView.framework/CountryPickerView_CountryPickerView.bundle/Images/CR.png
copying file ./Frameworks/CountryPickerView.framework/CountryPickerView_CountryPickerView.bundle/Images/BV.png ... 
2023-07-17 06:16:11 +0000  836 bytes for ./Frameworks/CountryPickerView.framework/CountryPickerView_CountryPickerView.bundle/Images/BV.png
copying file ./Frameworks/CountryPickerView.framework/CountryPickerView_CountryPickerView.bundle/Images/AM.png ... 
2023-07-17 06:16:11 +0000  342 bytes for ./Frameworks/CountryPickerView.framework/CountryPickerView_CountryPickerView.bundle/Images/AM.png
copying file ./Frameworks/CountryPickerView.framework/CountryPickerView_CountryPickerView.bundle/Images/AZ.png ... 
2023-07-17 06:16:11 +0000  1212 bytes for ./Frameworks/CountryPickerView.framework/CountryPickerView_CountryPickerView.bundle/Images/AZ.png
copying file ./Frameworks/CountryPickerView.framework/CountryPickerView_CountryPickerView.bundle/Images/BA.png ... 
2023-07-17 06:16:11 +0000  1426 bytes for ./Frameworks/CountryPickerView.framework/CountryPickerView_CountryPickerView.bundle/Images/BA.png
2023-07-17 06:16:11 +0000  copying file ./Frameworks/CountryPickerView.framework/CountryPickerView_CountryPickerView.bundle/Images/MN.png ... 
2023-07-17 06:16:11 +0000  928 bytes for ./Frameworks/CountryPickerView.framework/CountryPickerView_CountryPickerView.bundle/Images/MN.png
copying file ./Frameworks/CountryPickerView.framework/CountryPickerView_CountryPickerView.bundle/Images/NU.png ... 
2023-07-17 06:16:11 +0000  2347 bytes for ./Frameworks/CountryPickerView.framework/CountryPickerView_CountryPickerView.bundle/Images/NU.png
copying file ./Frameworks/CountryPickerView.framework/CountryPickerView_CountryPickerView.bundle/Images/MY.png ... 
2023-07-17 06:16:11 +0000  1011 bytes for ./Frameworks/CountryPickerView.framework/CountryPickerView_CountryPickerView.bundle/Images/MY.png
2023-07-17 06:16:11 +0000  copying file ./Frameworks/CountryPickerView.framework/CountryPickerView_CountryPickerView.bundle/Images/TL.png ... 
2023-07-17 06:16:11 +0000  1406 bytes for ./Frameworks/CountryPickerView.framework/CountryPickerView_CountryPickerView.bundle/Images/TL.png
copying file ./Frameworks/CountryPickerView.framework/CountryPickerView_CountryPickerView.bundle/Images/WS.png ... 
2023-07-17 06:16:11 +0000  681 bytes for ./Frameworks/CountryPickerView.framework/CountryPickerView_CountryPickerView.bundle/Images/WS.png
copying file ./Frameworks/CountryPickerView.framework/CountryPickerView_CountryPickerView.bundle/Images/TH.png ... 
2023-07-17 06:16:11 +0000  388 bytes for ./Frameworks/CountryPickerView.framework/CountryPickerView_CountryPickerView.bundle/Images/TH.png
2023-07-17 06:16:11 +0000  copying file ./Frameworks/CountryPickerView.framework/CountryPickerView_CountryPickerView.bundle/Images/XK.png ... 
2023-07-17 06:16:11 +0000  2221 bytes for ./Frameworks/CountryPickerView.framework/CountryPickerView_CountryPickerView.bundle/Images/XK.png
2023-07-17 06:16:11 +0000  copying file ./Frameworks/CountryPickerView.framework/CountryPickerView_CountryPickerView.bundle/Images/NF.png ... 
2023-07-17 06:16:11 +0000  1061 bytes for ./Frameworks/CountryPickerView.framework/CountryPickerView_CountryPickerView.bundle/Images/NF.png
copying file ./Frameworks/CountryPickerView.framework/CountryPickerView_CountryPickerView.bundle/Images/LY.png ... 
2023-07-17 06:16:11 +0000  534 bytes for ./Frameworks/CountryPickerView.framework/CountryPickerView_CountryPickerView.bundle/Images/LY.png
copying file ./Frameworks/CountryPickerView.framework/CountryPickerView_CountryPickerView.bundle/Images/AI.png ... 
2023-07-17 06:16:11 +0000  1980 bytes for ./Frameworks/CountryPickerView.framework/CountryPickerView_CountryPickerView.bundle/Images/AI.png
copying file ./Frameworks/CountryPickerView.framework/CountryPickerView_CountryPickerView.bundle/Images/BR.png ... 
2023-07-17 06:16:11 +0000  2146 bytes for ./Frameworks/CountryPickerView.framework/CountryPickerView_CountryPickerView.bundle/Images/BR.png
copying file ./Frameworks/CountryPickerView.framework/CountryPickerView_CountryPickerView.bundle/Images/CV.png ... 
2023-07-17 06:16:11 +0000  1215 bytes for ./Frameworks/CountryPickerView.framework/CountryPickerView_CountryPickerView.bundle/Images/CV.png
2023-07-17 06:16:11 +0000  copying file ./Frameworks/CountryPickerView.framework/CountryPickerView_CountryPickerView.bundle/Images/BE.png ... 
2023-07-17 06:16:11 +0000  346 bytes for ./Frameworks/CountryPickerView.framework/CountryPickerView_CountryPickerView.bundle/Images/BE.png
copying file ./Frameworks/CountryPickerView.framework/CountryPickerView_CountryPickerView.bundle/Images/CA.png ... 
2023-07-17 06:16:11 +0000  837 bytes for ./Frameworks/CountryPickerView.framework/CountryPickerView_CountryPickerView.bundle/Images/CA.png
copying file ./Frameworks/CountryPickerView.framework/CountryPickerView_CountryPickerView.bundle/Images/BD.png ... 
2023-07-17 06:16:11 +0000  655 bytes for ./Frameworks/CountryPickerView.framework/CountryPickerView_CountryPickerView.bundle/Images/BD.png
2023-07-17 06:16:11 +0000  copying file ./Frameworks/CountryPickerView.framework/CountryPickerView_CountryPickerView.bundle/Images/CW.png ... 
2023-07-17 06:16:11 +0000  633 bytes for ./Frameworks/CountryPickerView.framework/CountryPickerView_CountryPickerView.bundle/Images/CW.png
copying file ./Frameworks/CountryPickerView.framework/CountryPickerView_CountryPickerView.bundle/Images/BS.png ... 
2023-07-17 06:16:11 +0000  984 bytes for ./Frameworks/CountryPickerView.framework/CountryPickerView_CountryPickerView.bundle/Images/BS.png
2023-07-17 06:16:11 +0000  copying file ./Frameworks/CountryPickerView.framework/CountryPickerView_CountryPickerView.bundle/Images/NG.png ... 
2023-07-17 06:16:11 +0000  324 bytes for ./Frameworks/CountryPickerView.framework/CountryPickerView_CountryPickerView.bundle/Images/NG.png
2023-07-17 06:16:11 +0000  copying file ./Frameworks/CountryPickerView.framework/CountryPickerView_CountryPickerView.bundle/Images/MK.png ... 
2023-07-17 06:16:11 +0000  1604 bytes for ./Frameworks/CountryPickerView.framework/CountryPickerView_CountryPickerView.bundle/Images/MK.png
2023-07-17 06:16:11 +0000  copying file ./Frameworks/CountryPickerView.framework/CountryPickerView_CountryPickerView.bundle/Images/NP.png ... 
2023-07-17 06:16:11 +0000  1611 bytes for ./Frameworks/CountryPickerView.framework/CountryPickerView_CountryPickerView.bundle/Images/NP.png
2023-07-17 06:16:11 +0000  copying file ./Frameworks/CountryPickerView.framework/CountryPickerView_CountryPickerView.bundle/Images/VA.png ... 
2023-07-17 06:16:11 +0000  1249 bytes for ./Frameworks/CountryPickerView.framework/CountryPickerView_CountryPickerView.bundle/Images/VA.png
2023-07-17 06:16:11 +0000  copying file ./Frameworks/CountryPickerView.framework/CountryPickerView_CountryPickerView.bundle/Images/UZ.png ... 
2023-07-17 06:16:11 +0000  963 bytes for ./Frameworks/CountryPickerView.framework/CountryPickerView_CountryPickerView.bundle/Images/UZ.png
2023-07-17 06:16:11 +0000  copying file ./Frameworks/CountryPickerView.framework/CountryPickerView_CountryPickerView.bundle/Images/UM.png ... 
2023-07-17 06:16:11 +0000  1405 bytes for ./Frameworks/CountryPickerView.framework/CountryPickerView_CountryPickerView.bundle/Images/UM.png
copying file ./Frameworks/CountryPickerView.framework/CountryPickerView_CountryPickerView.bundle/Images/TK.png ... 
2023-07-17 06:16:11 +0000  1493 bytes for ./Frameworks/CountryPickerView.framework/CountryPickerView_CountryPickerView.bundle/Images/TK.png
2023-07-17 06:16:11 +0000  copying file ./Frameworks/CountryPickerView.framework/CountryPickerView_CountryPickerView.bundle/Images/VC.png ... 
2023-07-17 06:16:11 +0000  938 bytes for ./Frameworks/CountryPickerView.framework/CountryPickerView_CountryPickerView.bundle/Images/VC.png
copying file ./Frameworks/CountryPickerView.framework/CountryPickerView_CountryPickerView.bundle/Images/ZW.png ... 
2023-07-17 06:16:11 +0000  1471 bytes for ./Frameworks/CountryPickerView.framework/CountryPickerView_CountryPickerView.bundle/Images/ZW.png
copying file ./Frameworks/CountryPickerView.framework/CountryPickerView_CountryPickerView.bundle/Images/NR.png ... 
2023-07-17 06:16:11 +0000  817 bytes for ./Frameworks/CountryPickerView.framework/CountryPickerView_CountryPickerView.bundle/Images/NR.png
2023-07-17 06:16:11 +0000  copying file ./Frameworks/CountryPickerView.framework/CountryPickerView_CountryPickerView.bundle/Images/NE.png ... 
2023-07-17 06:16:11 +0000  732 bytes for ./Frameworks/CountryPickerView.framework/CountryPickerView_CountryPickerView.bundle/Images/NE.png
copying file ./Frameworks/CountryPickerView.framework/CountryPickerView_CountryPickerView.bundle/Images/CU.png ... 
2023-07-17 06:16:11 +0000  1396 bytes for ./Frameworks/CountryPickerView.framework/CountryPickerView_CountryPickerView.bundle/Images/CU.png
copying file ./Frameworks/CountryPickerView.framework/CountryPickerView_CountryPickerView.bundle/Images/BQ.png ... 
2023-07-17 06:16:11 +0000  377 bytes for ./Frameworks/CountryPickerView.framework/CountryPickerView_CountryPickerView.bundle/Images/BQ.png
copying file ./Frameworks/CountryPickerView.framework/CountryPickerView_CountryPickerView.bundle/Images/BF.png ... 
2023-07-17 06:16:11 +0000  892 bytes for ./Frameworks/CountryPickerView.framework/CountryPickerView_CountryPickerView.bundle/Images/BF.png
copying file ./Frameworks/CountryPickerView.framework/CountryPickerView_CountryPickerView.bundle/Images/BG.png ... 
2023-07-17 06:16:11 +0000  353 bytes for ./Frameworks/CountryPickerView.framework/CountryPickerView_CountryPickerView.bundle/Images/BG.png
copying file ./Frameworks/CountryPickerView.framework/CountryPickerView_CountryPickerView.bundle/Images/CC.png ... 
2023-07-17 06:16:11 +0000  2351 bytes for ./Frameworks/CountryPickerView.framework/CountryPickerView_CountryPickerView.bundle/Images/CC.png
2023-07-17 06:16:11 +0000  copying file ./Frameworks/CountryPickerView.framework/CountryPickerView_CountryPickerView.bundle/Images/MH.png ... 
2023-07-17 06:16:11 +0000  2133 bytes for ./Frameworks/CountryPickerView.framework/CountryPickerView_CountryPickerView.bundle/Images/MH.png
copying file ./Frameworks/CountryPickerView.framework/CountryPickerView_CountryPickerView.bundle/Images/ZA.png ... 
2023-07-17 06:16:11 +0000  1635 bytes for ./Frameworks/CountryPickerView.framework/CountryPickerView_CountryPickerView.bundle/Images/ZA.png
2023-07-17 06:16:11 +0000  copying file ./Frameworks/CountryPickerView.framework/CountryPickerView_CountryPickerView.bundle/Images/UY.png ... 
2023-07-17 06:16:11 +0000  1143 bytes for ./Frameworks/CountryPickerView.framework/CountryPickerView_CountryPickerView.bundle/Images/UY.png
copying file ./Frameworks/CountryPickerView.framework/CountryPickerView_CountryPickerView.bundle/Images/WF.png ... 
2023-07-17 06:16:11 +0000  337 bytes for ./Frameworks/CountryPickerView.framework/CountryPickerView_CountryPickerView.bundle/Images/WF.png
copying file ./Frameworks/CountryPickerView.framework/CountryPickerView_CountryPickerView.bundle/Images/VU.png ... 
2023-07-17 06:16:11 +0000  1376 bytes for ./Frameworks/CountryPickerView.framework/CountryPickerView_CountryPickerView.bundle/Images/VU.png
2023-07-17 06:16:11 +0000  copying file ./Frameworks/CountryPickerView.framework/CountryPickerView_CountryPickerView.bundle/Images/TJ.png ... 
2023-07-17 06:16:11 +0000  919 bytes for ./Frameworks/CountryPickerView.framework/CountryPickerView_CountryPickerView.bundle/Images/TJ.png
2023-07-17 06:16:11 +0000  copying file ./Frameworks/CountryPickerView.framework/CountryPickerView_CountryPickerView.bundle/Data/CountryCodes.json ... 
2023-07-17 06:16:11 +0000  14959 bytes for ./Frameworks/CountryPickerView.framework/CountryPickerView_CountryPickerView.bundle/Data/CountryCodes.json
2023-07-17 06:16:11 +0000  copying file ./Frameworks/CountryPickerView.framework/CountryPickerView_CountryPickerView.bundle/Info.plist ... 
2023-07-17 06:16:11 +0000  815 bytes for ./Frameworks/CountryPickerView.framework/CountryPickerView_CountryPickerView.bundle/Info.plist
2023-07-17 06:16:11 +0000  copying file ./Frameworks/CountryPickerView.framework/Info.plist ... 
2023-07-17 06:16:11 +0000  804 bytes for ./Frameworks/CountryPickerView.framework/Info.plist
2023-07-17 06:16:11 +0000  copying file ./Frameworks/leveldb.framework/_CodeSignature/CodeResources ... 
2023-07-17 06:16:11 +0000  1798 bytes for ./Frameworks/leveldb.framework/_CodeSignature/CodeResources
2023-07-17 06:16:11 +0000  copying file ./Frameworks/leveldb.framework/leveldb ... 
2023-07-17 06:16:11 +0000  570624 bytes for ./Frameworks/leveldb.framework/leveldb
2023-07-17 06:16:11 +0000  copying file ./Frameworks/leveldb.framework/Info.plist ... 
2023-07-17 06:16:11 +0000  783 bytes for ./Frameworks/leveldb.framework/Info.plist
2023-07-17 06:16:11 +0000  copying file ./Frameworks/Stripe.framework/_CodeSignature/CodeResources ... 
2023-07-17 06:16:11 +0000  78030 bytes for ./Frameworks/Stripe.framework/_CodeSignature/CodeResources
2023-07-17 06:16:11 +0000  copying file ./Frameworks/Stripe.framework/Stripe.bundle/de.lproj/Localizable.strings ... 
2023-07-17 06:16:11 +0000  5216 bytes for ./Frameworks/Stripe.framework/Stripe.bundle/de.lproj/Localizable.strings
2023-07-17 06:16:11 +0000  copying file ./Frameworks/Stripe.framework/Stripe.bundle/stp_icon_add.png ... 
2023-07-17 06:16:11 +0000  177 bytes for ./Frameworks/Stripe.framework/Stripe.bundle/stp_icon_add.png
2023-07-17 06:16:11 +0000  copying file ./Frameworks/Stripe.framework/Stripe.bundle/_CodeSignature/CodeResources ... 
2023-07-17 06:16:11 +0000  70212 bytes for ./Frameworks/Stripe.framework/Stripe.bundle/_CodeSignature/CodeResources
2023-07-17 06:16:11 +0000  copying file ./Frameworks/Stripe.framework/Stripe.bundle/_CodeSignature/CodeDirectory ... 
2023-07-17 06:16:11 +0000  164 bytes for ./Frameworks/Stripe.framework/Stripe.bundle/_CodeSignature/CodeDirectory
copying file ./Frameworks/Stripe.framework/Stripe.bundle/_CodeSignature/CodeRequirements-1 ... 
2023-07-17 06:16:11 +0000  212 bytes for ./Frameworks/Stripe.framework/Stripe.bundle/_CodeSignature/CodeRequirements-1
copying file ./Frameworks/Stripe.framework/Stripe.bundle/_CodeSignature/CodeSignature ... 
2023-07-17 06:16:11 +0000  4893 bytes for ./Frameworks/Stripe.framework/Stripe.bundle/_CodeSignature/CodeSignature
2023-07-17 06:16:11 +0000  copying file ./Frameworks/Stripe.framework/Stripe.bundle/_CodeSignature/CodeRequirements ... 
2023-07-17 06:16:11 +0000  196 bytes for ./Frameworks/Stripe.framework/Stripe.bundle/_CodeSignature/CodeRequirements
2023-07-17 06:16:11 +0000  copying file ./Frameworks/Stripe.framework/Stripe.bundle/stp_card_error_amex@3x.png ... 
2023-07-17 06:16:11 +0000  1597 bytes for ./Frameworks/Stripe.framework/Stripe.bundle/stp_card_error_amex@3x.png
2023-07-17 06:16:11 +0000  copying file ./Frameworks/Stripe.framework/Stripe.bundle/zh-Hans.lproj/Localizable.strings ... 
2023-07-17 06:16:11 +0000  3380 bytes for ./Frameworks/Stripe.framework/Stripe.bundle/zh-Hans.lproj/Localizable.strings
2023-07-17 06:16:11 +0000  copying file ./Frameworks/Stripe.framework/Stripe.bundle/ja.lproj/Localizable.strings ... 
2023-07-17 06:16:11 +0000  3929 bytes for ./Frameworks/Stripe.framework/Stripe.bundle/ja.lproj/Localizable.strings
2023-07-17 06:16:11 +0000  copying file ./Frameworks/Stripe.framework/Stripe.bundle/stp_card_visa_template@3x.png ... 
2023-07-17 06:16:11 +0000  2303 bytes for ./Frameworks/Stripe.framework/Stripe.bundle/stp_card_visa_template@3x.png
2023-07-17 06:16:11 +0000  copying file ./Frameworks/Stripe.framework/Stripe.bundle/stp_card_form_back@3x.png ... 
2023-07-17 06:16:11 +0000  10419 bytes for ./Frameworks/Stripe.framework/Stripe.bundle/stp_card_form_back@3x.png
copying file ./Frameworks/Stripe.framework/Stripe.bundle/stp_card_unknown@3x.png ... 
2023-07-17 06:16:11 +0000  667 bytes for ./Frameworks/Stripe.framework/Stripe.bundle/stp_card_unknown@3x.png
2023-07-17 06:16:11 +0000  copying file ./Frameworks/Stripe.framework/Stripe.bundle/stp_card_amex@3x.png ... 
2023-07-17 06:16:11 +0000  2098 bytes for ./Frameworks/Stripe.framework/Stripe.bundle/stp_card_amex@3x.png
copying file ./Frameworks/Stripe.framework/Stripe.bundle/stp_card_mastercard.png ... 
2023-07-17 06:16:11 +0000  468 bytes for ./Frameworks/Stripe.framework/Stripe.bundle/stp_card_mastercard.png
copying file ./Frameworks/Stripe.framework/Stripe.bundle/stp_card_discover_template.png ... 
2023-07-17 06:16:11 +0000  575 bytes for ./Frameworks/Stripe.framework/Stripe.bundle/stp_card_discover_template.png
2023-07-17 06:16:11 +0000  copying file ./Frameworks/Stripe.framework/Stripe.bundle/stp_card_diners@2x.png ... 
2023-07-17 06:16:11 +0000  1019 bytes for ./Frameworks/Stripe.framework/Stripe.bundle/stp_card_diners@2x.png
2023-07-17 06:16:11 +0000  copying file ./Frameworks/Stripe.framework/Stripe.bundle/en.lproj/Localizable.strings ... 
2023-07-17 06:16:11 +0000  2197 bytes for ./Frameworks/Stripe.framework/Stripe.bundle/en.lproj/Localizable.strings
2023-07-17 06:16:11 +0000  copying file ./Frameworks/Stripe.framework/Stripe.bundle/stp_card_diners_template@2x.png ... 
2023-07-17 06:16:11 +0000  764 bytes for ./Frameworks/Stripe.framework/Stripe.bundle/stp_card_diners_template@2x.png
copying file ./Frameworks/Stripe.framework/Stripe.bundle/stp_card_amex_template@3x.png ... 
2023-07-17 06:16:11 +0000  2617 bytes for ./Frameworks/Stripe.framework/Stripe.bundle/stp_card_amex_template@3x.png
copying file ./Frameworks/Stripe.framework/Stripe.bundle/stp_card_diners_template@3x.png ... 
2023-07-17 06:16:11 +0000  1324 bytes for ./Frameworks/Stripe.framework/Stripe.bundle/stp_card_diners_template@3x.png
2023-07-17 06:16:11 +0000  copying file ./Frameworks/Stripe.framework/Stripe.bundle/stp_card_amex_template@2x.png ... 
2023-07-17 06:16:11 +0000  1601 bytes for ./Frameworks/Stripe.framework/Stripe.bundle/stp_card_amex_template@2x.png
copying file ./Frameworks/Stripe.framework/Stripe.bundle/stp_shipping_form.png ... 
2023-07-17 06:16:11 +0000  4107 bytes for ./Frameworks/Stripe.framework/Stripe.bundle/stp_shipping_form.png
copying file ./Frameworks/Stripe.framework/Stripe.bundle/stp_card_diners@3x.png ... 
2023-07-17 06:16:11 +0000  2297 bytes for ./Frameworks/Stripe.framework/Stripe.bundle/stp_card_diners@3x.png
copying file ./Frameworks/Stripe.framework/Stripe.bundle/stp_icon_checkmark.png ... 
2023-07-17 06:16:11 +0000  438 bytes for ./Frameworks/Stripe.framework/Stripe.bundle/stp_icon_checkmark.png
2023-07-17 06:16:11 +0000  copying file ./Frameworks/Stripe.framework/Stripe.bundle/stp_card_amex@2x.png ... 
2023-07-17 06:16:11 +0000  1253 bytes for ./Frameworks/Stripe.framework/Stripe.bundle/stp_card_amex@2x.png
copying file ./Frameworks/Stripe.framework/Stripe.bundle/nb.lproj/Localizable.strings ... 
2023-07-17 06:16:11 +0000  4648 bytes for ./Frameworks/Stripe.framework/Stripe.bundle/nb.lproj/Localizable.strings
2023-07-17 06:16:11 +0000  copying file ./Frameworks/Stripe.framework/Stripe.bundle/stp_card_form_back@2x.png ... 
2023-07-17 06:16:11 +0000  6560 bytes for ./Frameworks/Stripe.framework/Stripe.bundle/stp_card_form_back@2x.png
copying file ./Frameworks/Stripe.framework/Stripe.bundle/stp_card_unknown@2x.png ... 
2023-07-17 06:16:11 +0000  333 bytes for ./Frameworks/Stripe.framework/Stripe.bundle/stp_card_unknown@2x.png
2023-07-17 06:16:11 +0000  copying file ./Frameworks/Stripe.framework/Stripe.bundle/es.lproj/Localizable.strings ... 
2023-07-17 06:16:11 +0000  5517 bytes for ./Frameworks/Stripe.framework/Stripe.bundle/es.lproj/Localizable.strings
2023-07-17 06:16:11 +0000  copying file ./Frameworks/Stripe.framework/Stripe.bundle/stp_card_visa_template@2x.png ... 
2023-07-17 06:16:11 +0000  1424 bytes for ./Frameworks/Stripe.framework/Stripe.bundle/stp_card_visa_template@2x.png
copying file ./Frameworks/Stripe.framework/Stripe.bundle/stp_card_error_amex@2x.png ... 
2023-07-17 06:16:11 +0000  890 bytes for ./Frameworks/Stripe.framework/Stripe.bundle/stp_card_error_amex@2x.png
2023-07-17 06:16:11 +0000  copying file ./Frameworks/Stripe.framework/Stripe.bundle/da.lproj/Localizable.strings ... 
2023-07-17 06:16:11 +0000  4901 bytes for ./Frameworks/Stripe.framework/Stripe.bundle/da.lproj/Localizable.strings
2023-07-17 06:16:11 +0000  copying file ./Frameworks/Stripe.framework/Stripe.bundle/stp_card_applepay.png ... 
2023-07-17 06:16:11 +0000  550 bytes for ./Frameworks/Stripe.framework/Stripe.bundle/stp_card_applepay.png
copying file ./Frameworks/Stripe.framework/Stripe.bundle/stp_card_form_front@2x.png ... 
2023-07-17 06:16:11 +0000  4640 bytes for ./Frameworks/Stripe.framework/Stripe.bundle/stp_card_form_front@2x.png
2023-07-17 06:16:11 +0000  copying file ./Frameworks/Stripe.framework/Stripe.bundle/Images/stp_icon_add.png ... 
2023-07-17 06:16:11 +0000  140 bytes for ./Frameworks/Stripe.framework/Stripe.bundle/Images/stp_icon_add.png
copying file ./Frameworks/Stripe.framework/Stripe.bundle/Images/stp_card_error_amex@3x.png ... 
2023-07-17 06:16:11 +0000  24368 bytes for ./Frameworks/Stripe.framework/Stripe.bundle/Images/stp_card_error_amex@3x.png
2023-07-17 06:16:11 +0000  copying file ./Frameworks/Stripe.framework/Stripe.bundle/Images/stp_card_visa_template@3x.png ... 
2023-07-17 06:16:11 +0000  2496 bytes for ./Frameworks/Stripe.framework/Stripe.bundle/Images/stp_card_visa_template@3x.png
2023-07-17 06:16:11 +0000  copying file ./Frameworks/Stripe.framework/Stripe.bundle/Images/stp_card_form_back@3x.png ... 
2023-07-17 06:16:11 +0000  15011 bytes for ./Frameworks/Stripe.framework/Stripe.bundle/Images/stp_card_form_back@3x.png
2023-07-17 06:16:11 +0000  copying file ./Frameworks/Stripe.framework/Stripe.bundle/Images/stp_card_unknown@3x.png ... 
2023-07-17 06:16:11 +0000  24368 bytes for ./Frameworks/Stripe.framework/Stripe.bundle/Images/stp_card_unknown@3x.png
2023-07-17 06:16:11 +0000  copying file ./Frameworks/Stripe.framework/Stripe.bundle/Images/stp_card_amex@3x.png ... 
2023-07-17 06:16:11 +0000  24368 bytes for ./Frameworks/Stripe.framework/Stripe.bundle/Images/stp_card_amex@3x.png
2023-07-17 06:16:11 +0000  copying file ./Frameworks/Stripe.framework/Stripe.bundle/Images/stp_card_mastercard.png ... 
2023-07-17 06:16:11 +0000  2798 bytes for ./Frameworks/Stripe.framework/Stripe.bundle/Images/stp_card_mastercard.png
2023-07-17 06:16:11 +0000  copying file ./Frameworks/Stripe.framework/Stripe.bundle/Images/stp_card_discover_template.png ... 
2023-07-17 06:16:11 +0000  500 bytes for ./Frameworks/Stripe.framework/Stripe.bundle/Images/stp_card_discover_template.png
2023-07-17 06:16:11 +0000  copying file ./Frameworks/Stripe.framework/Stripe.bundle/Images/stp_card_diners@2x.png ... 
2023-07-17 06:16:11 +0000  10895 bytes for ./Frameworks/Stripe.framework/Stripe.bundle/Images/stp_card_diners@2x.png
2023-07-17 06:16:11 +0000  copying file ./Frameworks/Stripe.framework/Stripe.bundle/Images/stp_card_diners_template@2x.png ... 
2023-07-17 06:16:11 +0000  1012 bytes for ./Frameworks/Stripe.framework/Stripe.bundle/Images/stp_card_diners_template@2x.png
2023-07-17 06:16:11 +0000  copying file ./Frameworks/Stripe.framework/Stripe.bundle/Images/stp_card_amex_template@3x.png ... 
2023-07-17 06:16:11 +0000  2917 bytes for ./Frameworks/Stripe.framework/Stripe.bundle/Images/stp_card_amex_template@3x.png
2023-07-17 06:16:11 +0000  copying file ./Frameworks/Stripe.framework/Stripe.bundle/Images/stp_card_diners_template@3x.png ... 
2023-07-17 06:16:11 +0000  1563 bytes for ./Frameworks/Stripe.framework/Stripe.bundle/Images/stp_card_diners_template@3x.png
2023-07-17 06:16:11 +0000  copying file ./Frameworks/Stripe.framework/Stripe.bundle/Images/stp_card_amex_template@2x.png ... 
2023-07-17 06:16:11 +0000  1779 bytes for ./Frameworks/Stripe.framework/Stripe.bundle/Images/stp_card_amex_template@2x.png
2023-07-17 06:16:11 +0000  copying file ./Frameworks/Stripe.framework/Stripe.bundle/Images/stp_shipping_form.png ... 
2023-07-17 06:16:11 +0000  4969 bytes for ./Frameworks/Stripe.framework/Stripe.bundle/Images/stp_shipping_form.png
2023-07-17 06:16:11 +0000  copying file ./Frameworks/Stripe.framework/Stripe.bundle/Images/stp_card_diners@3x.png ... 
2023-07-17 06:16:11 +0000  24368 bytes for ./Frameworks/Stripe.framework/Stripe.bundle/Images/stp_card_diners@3x.png
2023-07-17 06:16:11 +0000  copying file ./Frameworks/Stripe.framework/Stripe.bundle/Images/stp_icon_checkmark.png ... 
2023-07-17 06:16:11 +0000  396 bytes for ./Frameworks/Stripe.framework/Stripe.bundle/Images/stp_icon_checkmark.png
2023-07-17 06:16:11 +0000  copying file ./Frameworks/Stripe.framework/Stripe.bundle/Images/stp_card_amex@2x.png ... 
2023-07-17 06:16:11 +0000  10895 bytes for ./Frameworks/Stripe.framework/Stripe.bundle/Images/stp_card_amex@2x.png
2023-07-17 06:16:11 +0000  copying file ./Frameworks/Stripe.framework/Stripe.bundle/Images/stp_card_form_back@2x.png ... 
2023-07-17 06:16:11 +0000  9100 bytes for ./Frameworks/Stripe.framework/Stripe.bundle/Images/stp_card_form_back@2x.png
copying file ./Frameworks/Stripe.framework/Stripe.bundle/Images/stp_card_unknown@2x.png ... 
2023-07-17 06:16:11 +0000  10895 bytes for ./Frameworks/Stripe.framework/Stripe.bundle/Images/stp_card_unknown@2x.png
2023-07-17 06:16:11 +0000  copying file ./Frameworks/Stripe.framework/Stripe.bundle/Images/stp_card_visa_template@2x.png ... 
2023-07-17 06:16:11 +0000  1561 bytes for ./Frameworks/Stripe.framework/Stripe.bundle/Images/stp_card_visa_template@2x.png
2023-07-17 06:16:11 +0000  copying file ./Frameworks/Stripe.framework/Stripe.bundle/Images/stp_card_error_amex@2x.png ... 
2023-07-17 06:16:11 +0000  10895 bytes for ./Frameworks/Stripe.framework/Stripe.bundle/Images/stp_card_error_amex@2x.png
2023-07-17 06:16:11 +0000  copying file ./Frameworks/Stripe.framework/Stripe.bundle/Images/stp_card_applepay.png ... 
2023-07-17 06:16:11 +0000  705 bytes for ./Frameworks/Stripe.framework/Stripe.bundle/Images/stp_card_applepay.png
2023-07-17 06:16:11 +0000  copying file ./Frameworks/Stripe.framework/Stripe.bundle/Images/stp_card_form_front@2x.png ... 
2023-07-17 06:16:11 +0000  7139 bytes for ./Frameworks/Stripe.framework/Stripe.bundle/Images/stp_card_form_front@2x.png
2023-07-17 06:16:11 +0000  copying file ./Frameworks/Stripe.framework/Stripe.bundle/Images/stp_card_form_front.png ... 
2023-07-17 06:16:11 +0000  3389 bytes for ./Frameworks/Stripe.framework/Stripe.bundle/Images/stp_card_form_front.png
copying file ./Frameworks/Stripe.framework/Stripe.bundle/Images/stp_card_cvc_amex@3x.png ... 
2023-07-17 06:16:11 +0000  24368 bytes for ./Frameworks/Stripe.framework/Stripe.bundle/Images/stp_card_cvc_amex@3x.png
2023-07-17 06:16:11 +0000  copying file ./Frameworks/Stripe.framework/Stripe.bundle/Images/stp_card_discover@3x.png ... 
2023-07-17 06:16:11 +0000  24368 bytes for ./Frameworks/Stripe.framework/Stripe.bundle/Images/stp_card_discover@3x.png
copying file ./Frameworks/Stripe.framework/Stripe.bundle/Images/stp_card_error@3x.png ... 
2023-07-17 06:16:11 +0000  24368 bytes for ./Frameworks/Stripe.framework/Stripe.bundle/Images/stp_card_error@3x.png
copying file ./Frameworks/Stripe.framework/Stripe.bundle/Images/stp_card_amex_template.png ... 
2023-07-17 06:16:11 +0000  765 bytes for ./Frameworks/Stripe.framework/Stripe.bundle/Images/stp_card_amex_template.png
2023-07-17 06:16:11 +0000  copying file ./Frameworks/Stripe.framework/Stripe.bundle/Images/stp_card_cvc@2x.png ... 
2023-07-17 06:16:11 +0000  10895 bytes for ./Frameworks/Stripe.framework/Stripe.bundle/Images/stp_card_cvc@2x.png
2023-07-17 06:16:11 +0000  copying file ./Frameworks/Stripe.framework/Stripe.bundle/Images/stp_card_jcb_template@3x.png ... 
2023-07-17 06:16:11 +0000  1472 bytes for ./Frameworks/Stripe.framework/Stripe.bundle/Images/stp_card_jcb_template@3x.png
2023-07-17 06:16:11 +0000  copying file ./Frameworks/Stripe.framework/Stripe.bundle/Images/stp_card_amex.png ... 
2023-07-17 06:16:11 +0000  2798 bytes for ./Frameworks/Stripe.framework/Stripe.bundle/Images/stp_card_amex.png
2023-07-17 06:16:11 +0000  copying file ./Frameworks/Stripe.framework/Stripe.bundle/Images/stp_card_form_amex_cvc@2x.png ... 
2023-07-17 06:16:11 +0000  8811 bytes for ./Frameworks/Stripe.framework/Stripe.bundle/Images/stp_card_form_amex_cvc@2x.png
2023-07-17 06:16:11 +0000  copying file ./Frameworks/Stripe.framework/Stripe.bundle/Images/stp_card_form_amex_cvc.png ... 
2023-07-17 06:16:11 +0000  3448 bytes for ./Frameworks/Stripe.framework/Stripe.bundle/Images/stp_card_form_amex_cvc.png
2023-07-17 06:16:11 +0000  copying file ./Frameworks/Stripe.framework/Stripe.bundle/Images/stp_card_jcb@3x.png ... 
2023-07-17 06:16:11 +0000  24368 bytes for ./Frameworks/Stripe.framework/Stripe.bundle/Images/stp_card_jcb@3x.png
2023-07-17 06:16:11 +0000  copying file ./Frameworks/Stripe.framework/Stripe.bundle/Images/stp_card_form_amex_cvc@3x.png ... 
2023-07-17 06:16:11 +0000  14381 bytes for ./Frameworks/Stripe.framework/Stripe.bundle/Images/stp_card_form_amex_cvc@3x.png
copying file ./Frameworks/Stripe.framework/Stripe.bundle/Images/stp_card_jcb@2x.png ... 
2023-07-17 06:16:11 +0000  10895 bytes for ./Frameworks/Stripe.framework/Stripe.bundle/Images/stp_card_jcb@2x.png
copying file ./Frameworks/Stripe.framework/Stripe.bundle/Images/stp_card_discover.png ... 
2023-07-17 06:16:11 +0000  2798 bytes for ./Frameworks/Stripe.framework/Stripe.bundle/Images/stp_card_discover.png
copying file ./Frameworks/Stripe.framework/Stripe.bundle/Images/stp_card_cvc@3x.png ... 
2023-07-17 06:16:11 +0000  24368 bytes for ./Frameworks/Stripe.framework/Stripe.bundle/Images/stp_card_cvc@3x.png
copying file ./Frameworks/Stripe.framework/Stripe.bundle/Images/stp_card_jcb_template@2x.png ... 
2023-07-17 06:16:11 +0000  933 bytes for ./Frameworks/Stripe.framework/Stripe.bundle/Images/stp_card_jcb_template@2x.png
2023-07-17 06:16:11 +0000  copying file ./Frameworks/Stripe.framework/Stripe.bundle/Images/stp_card_discover@2x.png ... 
2023-07-17 06:16:11 +0000  10895 bytes for ./Frameworks/Stripe.framework/Stripe.bundle/Images/stp_card_discover@2x.png
2023-07-17 06:16:11 +0000  copying file ./Frameworks/Stripe.framework/Stripe.bundle/Images/stp_card_error@2x.png ... 
2023-07-17 06:16:11 +0000  10895 bytes for ./Frameworks/Stripe.framework/Stripe.bundle/Images/stp_card_error@2x.png
copying file ./Frameworks/Stripe.framework/Stripe.bundle/Images/stp_card_cvc.png ... 
2023-07-17 06:16:11 +0000  2798 bytes for ./Frameworks/Stripe.framework/Stripe.bundle/Images/stp_card_cvc.png
2023-07-17 06:16:11 +0000  copying file ./Frameworks/Stripe.framework/Stripe.bundle/Images/stp_card_cvc_amex@2x.png ... 
2023-07-17 06:16:11 +0000  10895 bytes for ./Frameworks/Stripe.framework/Stripe.bundle/Images/stp_card_cvc_amex@2x.png
2023-07-17 06:16:11 +0000  copying file ./Frameworks/Stripe.framework/Stripe.bundle/Images/stp_card_form_front@3x.png ... 
2023-07-17 06:16:11 +0000  11563 bytes for ./Frameworks/Stripe.framework/Stripe.bundle/Images/stp_card_form_front@3x.png
copying file ./Frameworks/Stripe.framework/Stripe.bundle/Images/stp_card_visa@3x.png ... 
2023-07-17 06:16:11 +0000  24368 bytes for ./Frameworks/Stripe.framework/Stripe.bundle/Images/stp_card_visa@3x.png
2023-07-17 06:16:11 +0000  copying file ./Frameworks/Stripe.framework/Stripe.bundle/Images/stp_card_unionpay_en@2x.png ... 
2023-07-17 06:16:11 +0000  2163 bytes for ./Frameworks/Stripe.framework/Stripe.bundle/Images/stp_card_unionpay_en@2x.png
copying file ./Frameworks/Stripe.framework/Stripe.bundle/Images/stp_icon_add@2x.png ... 
2023-07-17 06:16:11 +0000  181 bytes for ./Frameworks/Stripe.framework/Stripe.bundle/Images/stp_icon_add@2x.png
copying file ./Frameworks/Stripe.framework/Stripe.bundle/Images/stp_card_unionpay_zh.png ... 
2023-07-17 06:16:11 +0000  992 bytes for ./Frameworks/Stripe.framework/Stripe.bundle/Images/stp_card_unionpay_zh.png
2023-07-17 06:16:11 +0000  copying file ./Frameworks/Stripe.framework/Stripe.bundle/Images/stp_card_diners_template.png ... 
2023-07-17 06:16:11 +0000  479 bytes for ./Frameworks/Stripe.framework/Stripe.bundle/Images/stp_card_diners_template.png
copying file ./Frameworks/Stripe.framework/Stripe.bundle/Images/stp_card_jcb_template.png ... 
2023-07-17 06:16:11 +0000  451 bytes for ./Frameworks/Stripe.framework/Stripe.bundle/Images/stp_card_jcb_template.png
copying file ./Frameworks/Stripe.framework/Stripe.bundle/Images/stp_card_unionpay_zh@2x.png ... 
2023-07-17 06:16:11 +0000  2286 bytes for ./Frameworks/Stripe.framework/Stripe.bundle/Images/stp_card_unionpay_zh@2x.png
2023-07-17 06:16:11 +0000  copying file ./Frameworks/Stripe.framework/Stripe.bundle/Images/stp_card_cvc_amex.png ... 
2023-07-17 06:16:11 +0000  2798 bytes for ./Frameworks/Stripe.framework/Stripe.bundle/Images/stp_card_cvc_amex.png
copying file ./Frameworks/Stripe.framework/Stripe.bundle/Images/stp_card_diners.png ... 
2023-07-17 06:16:11 +0000  2798 bytes for ./Frameworks/Stripe.framework/Stripe.bundle/Images/stp_card_diners.png
copying file ./Frameworks/Stripe.framework/Stripe.bundle/Images/stp_card_applepay@2x.png ... 
2023-07-17 06:16:11 +0000  1624 bytes for ./Frameworks/Stripe.framework/Stripe.bundle/Images/stp_card_applepay@2x.png
2023-07-17 06:16:11 +0000  copying file ./Frameworks/Stripe.framework/Stripe.bundle/Images/stp_card_applepay@3x.png ... 
2023-07-17 06:16:11 +0000  2539 bytes for ./Frameworks/Stripe.framework/Stripe.bundle/Images/stp_card_applepay@3x.png
2023-07-17 06:16:11 +0000  copying file ./Frameworks/Stripe.framework/Stripe.bundle/Images/stp_card_unionpay_zh@3x.png ... 
2023-07-17 06:16:11 +0000  3434 bytes for ./Frameworks/Stripe.framework/Stripe.bundle/Images/stp_card_unionpay_zh@3x.png
2023-07-17 06:16:11 +0000  copying file ./Frameworks/Stripe.framework/Stripe.bundle/Images/stp_test_upload_image.jpeg ... 
2023-07-17 06:16:11 +0000  3340 bytes for ./Frameworks/Stripe.framework/Stripe.bundle/Images/stp_test_upload_image.jpeg
2023-07-17 06:16:11 +0000  copying file ./Frameworks/Stripe.framework/Stripe.bundle/Images/stp_card_unknown.png ... 
2023-07-17 06:16:11 +0000  2798 bytes for ./Frameworks/Stripe.framework/Stripe.bundle/Images/stp_card_unknown.png
copying file ./Frameworks/Stripe.framework/Stripe.bundle/Images/stp_icon_add@3x.png ... 
2023-07-17 06:16:11 +0000  260 bytes for ./Frameworks/Stripe.framework/Stripe.bundle/Images/stp_icon_add@3x.png
2023-07-17 06:16:11 +0000  copying file ./Frameworks/Stripe.framework/Stripe.bundle/Images/stp_card_unionpay_template_zh.png ... 
2023-07-17 06:16:11 +0000  418 bytes for ./Frameworks/Stripe.framework/Stripe.bundle/Images/stp_card_unionpay_template_zh.png
copying file ./Frameworks/Stripe.framework/Stripe.bundle/Images/stp_card_unionpay_en@3x.png ... 
2023-07-17 06:16:11 +0000  3392 bytes for ./Frameworks/Stripe.framework/Stripe.bundle/Images/stp_card_unionpay_en@3x.png
copying file ./Frameworks/Stripe.framework/Stripe.bundle/Images/stp_card_visa@2x.png ... 
2023-07-17 06:16:11 +0000  10895 bytes for ./Frameworks/Stripe.framework/Stripe.bundle/Images/stp_card_visa@2x.png
2023-07-17 06:16:11 +0000  copying file ./Frameworks/Stripe.framework/Stripe.bundle/Images/stp_card_error.png ... 
2023-07-17 06:16:11 +0000  2798 bytes for ./Frameworks/Stripe.framework/Stripe.bundle/Images/stp_card_error.png
2023-07-17 06:16:11 +0000  copying file ./Frameworks/Stripe.framework/Stripe.bundle/Images/stp_card_mastercard_template.png ... 
2023-07-17 06:16:11 +0000  848 bytes for ./Frameworks/Stripe.framework/Stripe.bundle/Images/stp_card_mastercard_template.png
copying file ./Frameworks/Stripe.framework/Stripe.bundle/Images/stp_card_error_amex.png ... 
2023-07-17 06:16:11 +0000  2798 bytes for ./Frameworks/Stripe.framework/Stripe.bundle/Images/stp_card_error_amex.png
2023-07-17 06:16:11 +0000  copying file ./Frameworks/Stripe.framework/Stripe.bundle/Images/stp_card_visa_template.png ... 
2023-07-17 06:16:11 +0000  691 bytes for ./Frameworks/Stripe.framework/Stripe.bundle/Images/stp_card_visa_template.png
2023-07-17 06:16:11 +0000  copying file ./Frameworks/Stripe.framework/Stripe.bundle/Images/stp_card_mastercard_template@3x.png ... 
2023-07-17 06:16:11 +0000  3338 bytes for ./Frameworks/Stripe.framework/Stripe.bundle/Images/stp_card_mastercard_template@3x.png
2023-07-17 06:16:11 +0000  copying file ./Frameworks/Stripe.framework/Stripe.bundle/Images/stp_card_unionpay_template_zh@3x.png ... 
2023-07-17 06:16:11 +0000  1532 bytes for ./Frameworks/Stripe.framework/Stripe.bundle/Images/stp_card_unionpay_template_zh@3x.png
copying file ./Frameworks/Stripe.framework/Stripe.bundle/Images/stp_card_discover_template@2x.png ... 
2023-07-17 06:16:11 +0000  1331 bytes for ./Frameworks/Stripe.framework/Stripe.bundle/Images/stp_card_discover_template@2x.png
2023-07-17 06:16:11 +0000  copying file ./Frameworks/Stripe.framework/Stripe.bundle/Images/stp_card_unionpay_template_en@3x.png ... 
2023-07-17 06:16:11 +0000  1470 bytes for ./Frameworks/Stripe.framework/Stripe.bundle/Images/stp_card_unionpay_template_en@3x.png
copying file ./Frameworks/Stripe.framework/Stripe.bundle/Images/stp_card_visa.png ... 
2023-07-17 06:16:11 +0000  2798 bytes for ./Frameworks/Stripe.framework/Stripe.bundle/Images/stp_card_visa.png
copying file ./Frameworks/Stripe.framework/Stripe.bundle/Images/stp_shipping_form@2x.png ... 
2023-07-17 06:16:11 +0000  11185 bytes for ./Frameworks/Stripe.framework/Stripe.bundle/Images/stp_shipping_form@2x.png
2023-07-17 06:16:11 +0000  copying file ./Frameworks/Stripe.framework/Stripe.bundle/Images/stp_card_unionpay_template_en.png ... 
2023-07-17 06:16:11 +0000  386 bytes for ./Frameworks/Stripe.framework/Stripe.bundle/Images/stp_card_unionpay_template_en.png
copying file ./Frameworks/Stripe.framework/Stripe.bundle/Images/stp_card_mastercard@2x.png ... 
2023-07-17 06:16:11 +0000  10895 bytes for ./Frameworks/Stripe.framework/Stripe.bundle/Images/stp_card_mastercard@2x.png
copying file ./Frameworks/Stripe.framework/Stripe.bundle/Images/stp_icon_checkmark@2x.png ... 
2023-07-17 06:16:11 +0000  779 bytes for ./Frameworks/Stripe.framework/Stripe.bundle/Images/stp_icon_checkmark@2x.png
2023-07-17 06:16:11 +0000  copying file ./Frameworks/Stripe.framework/Stripe.bundle/Images/stp_icon_checkmark@3x.png ... 
2023-07-17 06:16:11 +0000  1173 bytes for ./Frameworks/Stripe.framework/Stripe.bundle/Images/stp_icon_checkmark@3x.png
copying file ./Frameworks/Stripe.framework/Stripe.bundle/Images/stp_card_mastercard@3x.png ... 
2023-07-17 06:16:11 +0000  24368 bytes for ./Frameworks/Stripe.framework/Stripe.bundle/Images/stp_card_mastercard@3x.png
copying file ./Frameworks/Stripe.framework/Stripe.bundle/Images/stp_shipping_form@3x.png ... 
2023-07-17 06:16:11 +0000  18325 bytes for ./Frameworks/Stripe.framework/Stripe.bundle/Images/stp_shipping_form@3x.png
copying file ./Frameworks/Stripe.framework/Stripe.bundle/Images/stp_card_unionpay_en.png ... 
2023-07-17 06:16:11 +0000  955 bytes for ./Frameworks/Stripe.framework/Stripe.bundle/Images/stp_card_unionpay_en.png
copying file ./Frameworks/Stripe.framework/Stripe.bundle/Images/stp_card_jcb.png ... 
2023-07-17 06:16:11 +0000  2798 bytes for ./Frameworks/Stripe.framework/Stripe.bundle/Images/stp_card_jcb.png
copying file ./Frameworks/Stripe.framework/Stripe.bundle/Images/stp_card_unionpay_template_en@2x.png ... 
2023-07-17 06:16:11 +0000  857 bytes for ./Frameworks/Stripe.framework/Stripe.bundle/Images/stp_card_unionpay_template_en@2x.png
copying file ./Frameworks/Stripe.framework/Stripe.bundle/Images/stp_card_discover_template@3x.png ... 
2023-07-17 06:16:11 +0000  2321 bytes for ./Frameworks/Stripe.framework/Stripe.bundle/Images/stp_card_discover_template@3x.png
copying file ./Frameworks/Stripe.framework/Stripe.bundle/Images/stp_card_unionpay_template_zh@2x.png ... 
2023-07-17 06:16:11 +0000  943 bytes for ./Frameworks/Stripe.framework/Stripe.bundle/Images/stp_card_unionpay_template_zh@2x.png
2023-07-17 06:16:11 +0000  copying file ./Frameworks/Stripe.framework/Stripe.bundle/Images/stp_card_mastercard_template@2x.png ... 
2023-07-17 06:16:11 +0000  1799 bytes for ./Frameworks/Stripe.framework/Stripe.bundle/Images/stp_card_mastercard_template@2x.png
copying file ./Frameworks/Stripe.framework/Stripe.bundle/Images/stp_card_form_back.png ... 
2023-07-17 06:16:11 +0000  3751 bytes for ./Frameworks/Stripe.framework/Stripe.bundle/Images/stp_card_form_back.png
2023-07-17 06:16:11 +0000  copying file ./Frameworks/Stripe.framework/Stripe.bundle/stp_card_form_front.png ... 
2023-07-17 06:16:11 +0000  2116 bytes for ./Frameworks/Stripe.framework/Stripe.bundle/stp_card_form_front.png
2023-07-17 06:16:11 +0000  copying file ./Frameworks/Stripe.framework/Stripe.bundle/it.lproj/Localizable.strings ... 
2023-07-17 06:16:11 +0000  5112 bytes for ./Frameworks/Stripe.framework/Stripe.bundle/it.lproj/Localizable.strings
2023-07-17 06:16:11 +0000  copying file ./Frameworks/Stripe.framework/Stripe.bundle/stp_card_cvc_amex@3x.png ... 
2023-07-17 06:16:11 +0000  2332 bytes for ./Frameworks/Stripe.framework/Stripe.bundle/stp_card_cvc_amex@3x.png
2023-07-17 06:16:11 +0000  copying file ./Frameworks/Stripe.framework/Stripe.bundle/stp_card_discover@3x.png ... 
2023-07-17 06:16:11 +0000  2432 bytes for ./Frameworks/Stripe.framework/Stripe.bundle/stp_card_discover@3x.png
copying file ./Frameworks/Stripe.framework/Stripe.bundle/stp_card_error@3x.png ... 
2023-07-17 06:16:11 +0000  1585 bytes for ./Frameworks/Stripe.framework/Stripe.bundle/stp_card_error@3x.png
2023-07-17 06:16:11 +0000  copying file ./Frameworks/Stripe.framework/Stripe.bundle/stp_card_amex_template.png ... 
2023-07-17 06:16:11 +0000  862 bytes for ./Frameworks/Stripe.framework/Stripe.bundle/stp_card_amex_template.png
2023-07-17 06:16:11 +0000  copying file ./Frameworks/Stripe.framework/Stripe.bundle/nn-NO.lproj/Localizable.strings ... 
2023-07-17 06:16:11 +0000  4606 bytes for ./Frameworks/Stripe.framework/Stripe.bundle/nn-NO.lproj/Localizable.strings
2023-07-17 06:16:11 +0000  copying file ./Frameworks/Stripe.framework/Stripe.bundle/fr-CA.lproj/Localizable.strings ... 
2023-07-17 06:16:11 +0000  5641 bytes for ./Frameworks/Stripe.framework/Stripe.bundle/fr-CA.lproj/Localizable.strings
2023-07-17 06:16:11 +0000  copying file ./Frameworks/Stripe.framework/Stripe.bundle/Localizations/de.lproj/Localizable.strings ... 
2023-07-17 06:16:11 +0000  8727 bytes for ./Frameworks/Stripe.framework/Stripe.bundle/Localizations/de.lproj/Localizable.strings
2023-07-17 06:16:11 +0000  copying file ./Frameworks/Stripe.framework/Stripe.bundle/Localizations/zh-Hans.lproj/Localizable.strings ... 
2023-07-17 06:16:11 +0000  8435 bytes for ./Frameworks/Stripe.framework/Stripe.bundle/Localizations/zh-Hans.lproj/Localizable.strings
2023-07-17 06:16:11 +0000  copying file ./Frameworks/Stripe.framework/Stripe.bundle/Localizations/ja.lproj/Localizable.strings ... 
2023-07-17 06:16:11 +0000  9237 bytes for ./Frameworks/Stripe.framework/Stripe.bundle/Localizations/ja.lproj/Localizable.strings
2023-07-17 06:16:11 +0000  copying file ./Frameworks/Stripe.framework/Stripe.bundle/Localizations/en.lproj/Localizable.strings ... 
2023-07-17 06:16:11 +0000  8466 bytes for ./Frameworks/Stripe.framework/Stripe.bundle/Localizations/en.lproj/Localizable.strings
2023-07-17 06:16:11 +0000  copying file ./Frameworks/Stripe.framework/Stripe.bundle/Localizations/nb.lproj/Localizable.strings ... 
2023-07-17 06:16:11 +0000  8435 bytes for ./Frameworks/Stripe.framework/Stripe.bundle/Localizations/nb.lproj/Localizable.strings
2023-07-17 06:16:11 +0000  copying file ./Frameworks/Stripe.framework/Stripe.bundle/Localizations/es.lproj/Localizable.strings ... 
2023-07-17 06:16:11 +0000  8793 bytes for ./Frameworks/Stripe.framework/Stripe.bundle/Localizations/es.lproj/Localizable.strings
2023-07-17 06:16:11 +0000  copying file ./Frameworks/Stripe.framework/Stripe.bundle/Localizations/da.lproj/Localizable.strings ... 
2023-07-17 06:16:11 +0000  8559 bytes for ./Frameworks/Stripe.framework/Stripe.bundle/Localizations/da.lproj/Localizable.strings
2023-07-17 06:16:11 +0000  copying file ./Frameworks/Stripe.framework/Stripe.bundle/Localizations/it.lproj/Localizable.strings ... 
2023-07-17 06:16:11 +0000  8826 bytes for ./Frameworks/Stripe.framework/Stripe.bundle/Localizations/it.lproj/Localizable.strings
2023-07-17 06:16:11 +0000  copying file ./Frameworks/Stripe.framework/Stripe.bundle/Localizations/nn-NO.lproj/Localizable.strings ... 
2023-07-17 06:16:11 +0000  8437 bytes for ./Frameworks/Stripe.framework/Stripe.bundle/Localizations/nn-NO.lproj/Localizable.strings
2023-07-17 06:16:11 +0000  copying file ./Frameworks/Stripe.framework/Stripe.bundle/Localizations/fr-CA.lproj/Localizable.strings ... 
2023-07-17 06:16:11 +0000  8887 bytes for ./Frameworks/Stripe.framework/Stripe.bundle/Localizations/fr-CA.lproj/Localizable.strings
2023-07-17 06:16:11 +0000  copying file ./Frameworks/Stripe.framework/Stripe.bundle/Localizations/sv.lproj/Localizable.strings ... 
2023-07-17 06:16:11 +0000  8467 bytes for ./Frameworks/Stripe.framework/Stripe.bundle/Localizations/sv.lproj/Localizable.strings
2023-07-17 06:16:11 +0000  copying file ./Frameworks/Stripe.framework/Stripe.bundle/Localizations/es-AR.lproj/Localizable.strings ... 
2023-07-17 06:16:11 +0000  8775 bytes for ./Frameworks/Stripe.framework/Stripe.bundle/Localizations/es-AR.lproj/Localizable.strings
2023-07-17 06:16:11 +0000  copying file ./Frameworks/Stripe.framework/Stripe.bundle/Localizations/pt-BR.lproj/Localizable.strings ... 
2023-07-17 06:16:11 +0000  8654 bytes for ./Frameworks/Stripe.framework/Stripe.bundle/Localizations/pt-BR.lproj/Localizable.strings
2023-07-17 06:16:11 +0000  copying file ./Frameworks/Stripe.framework/Stripe.bundle/Localizations/fr.lproj/Localizable.strings ... 
2023-07-17 06:16:11 +0000  8995 bytes for ./Frameworks/Stripe.framework/Stripe.bundle/Localizations/fr.lproj/Localizable.strings
2023-07-17 06:16:11 +0000  copying file ./Frameworks/Stripe.framework/Stripe.bundle/Localizations/fi.lproj/Localizable.strings ... 
2023-07-17 06:16:11 +0000  8555 bytes for ./Frameworks/Stripe.framework/Stripe.bundle/Localizations/fi.lproj/Localizable.strings
2023-07-17 06:16:11 +0000  copying file ./Frameworks/Stripe.framework/Stripe.bundle/Localizations/nl.lproj/Localizable.strings ... 
2023-07-17 06:16:11 +0000  8719 bytes for ./Frameworks/Stripe.framework/Stripe.bundle/Localizations/nl.lproj/Localizable.strings
2023-07-17 06:16:11 +0000  copying file ./Frameworks/Stripe.framework/Stripe.bundle/Localizations/pt-PT.lproj/Localizable.strings ... 
2023-07-17 06:16:11 +0000  8735 bytes for ./Frameworks/Stripe.framework/Stripe.bundle/Localizations/pt-PT.lproj/Localizable.strings
2023-07-17 06:16:11 +0000  copying file ./Frameworks/Stripe.framework/Stripe.bundle/stp_card_cvc@2x.png ... 
2023-07-17 06:16:11 +0000  1282 bytes for ./Frameworks/Stripe.framework/Stripe.bundle/stp_card_cvc@2x.png
2023-07-17 06:16:11 +0000  copying file ./Frameworks/Stripe.framework/Stripe.bundle/stp_card_jcb_template@3x.png ... 
2023-07-17 06:16:11 +0000  1180 bytes for ./Frameworks/Stripe.framework/Stripe.bundle/stp_card_jcb_template@3x.png
2023-07-17 06:16:11 +0000  copying file ./Frameworks/Stripe.framework/Stripe.bundle/stp_card_amex.png ... 
2023-07-17 06:16:11 +0000  680 bytes for ./Frameworks/Stripe.framework/Stripe.bundle/stp_card_amex.png
2023-07-17 06:16:11 +0000  copying file ./Frameworks/Stripe.framework/Stripe.bundle/stp_card_form_amex_cvc@2x.png ... 
2023-07-17 06:16:11 +0000  6558 bytes for ./Frameworks/Stripe.framework/Stripe.bundle/stp_card_form_amex_cvc@2x.png
2023-07-17 06:16:11 +0000  copying file ./Frameworks/Stripe.framework/Stripe.bundle/stp_card_form_amex_cvc.png ... 
2023-07-17 06:16:11 +0000  2788 bytes for ./Frameworks/Stripe.framework/Stripe.bundle/stp_card_form_amex_cvc.png
2023-07-17 06:16:11 +0000  copying file ./Frameworks/Stripe.framework/Stripe.bundle/stp_card_jcb@3x.png ... 
2023-07-17 06:16:11 +0000  1760 bytes for ./Frameworks/Stripe.framework/Stripe.bundle/stp_card_jcb@3x.png
2023-07-17 06:16:11 +0000  copying file ./Frameworks/Stripe.framework/Stripe.bundle/stp_card_form_amex_cvc@3x.png ... 
2023-07-17 06:16:11 +0000  10360 bytes for ./Frameworks/Stripe.framework/Stripe.bundle/stp_card_form_amex_cvc@3x.png
2023-07-17 06:16:11 +0000  copying file ./Frameworks/Stripe.framework/Stripe.bundle/stp_card_jcb@2x.png ... 
2023-07-17 06:16:11 +0000  1011 bytes for ./Frameworks/Stripe.framework/Stripe.bundle/stp_card_jcb@2x.png
2023-07-17 06:16:11 +0000  copying file ./Frameworks/Stripe.framework/Stripe.bundle/sv.lproj/Localizable.strings ... 
2023-07-17 06:16:11 +0000  4783 bytes for ./Frameworks/Stripe.framework/Stripe.bundle/sv.lproj/Localizable.strings
2023-07-17 06:16:11 +0000  copying file ./Frameworks/Stripe.framework/Stripe.bundle/stp_card_discover.png ... 
2023-07-17 06:16:11 +0000  668 bytes for ./Frameworks/Stripe.framework/Stripe.bundle/stp_card_discover.png
copying file ./Frameworks/Stripe.framework/Stripe.bundle/stp_card_cvc@3x.png ... 
2023-07-17 06:16:11 +0000  1985 bytes for ./Frameworks/Stripe.framework/Stripe.bundle/stp_card_cvc@3x.png
copying file ./Frameworks/Stripe.framework/Stripe.bundle/stp_card_jcb_template@2x.png ... 
2023-07-17 06:16:11 +0000  664 bytes for ./Frameworks/Stripe.framework/Stripe.bundle/stp_card_jcb_template@2x.png
2023-07-17 06:16:11 +0000  copying file ./Frameworks/Stripe.framework/Stripe.bundle/es-AR.lproj/Localizable.strings ... 
2023-07-17 06:16:11 +0000  5498 bytes for ./Frameworks/Stripe.framework/Stripe.bundle/es-AR.lproj/Localizable.strings
2023-07-17 06:16:11 +0000  copying file ./Frameworks/Stripe.framework/Stripe.bundle/stp_card_discover@2x.png ... 
2023-07-17 06:16:11 +0000  1475 bytes for ./Frameworks/Stripe.framework/Stripe.bundle/stp_card_discover@2x.png
copying file ./Frameworks/Stripe.framework/Stripe.bundle/stp_card_error@2x.png ... 
2023-07-17 06:16:11 +0000  878 bytes for ./Frameworks/Stripe.framework/Stripe.bundle/stp_card_error@2x.png
copying file ./Frameworks/Stripe.framework/Stripe.bundle/stp_card_cvc.png ... 
2023-07-17 06:16:11 +0000  659 bytes for ./Frameworks/Stripe.framework/Stripe.bundle/stp_card_cvc.png
copying file ./Frameworks/Stripe.framework/Stripe.bundle/stp_card_cvc_amex@2x.png ... 
2023-07-17 06:16:11 +0000  1321 bytes for ./Frameworks/Stripe.framework/Stripe.bundle/stp_card_cvc_amex@2x.png
copying file ./Frameworks/Stripe.framework/Stripe.bundle/stp_card_form_front@3x.png ... 
2023-07-17 06:16:11 +0000  7239 bytes for ./Frameworks/Stripe.framework/Stripe.bundle/stp_card_form_front@3x.png
copying file ./Frameworks/Stripe.framework/Stripe.bundle/stp_card_visa@3x.png ... 
2023-07-17 06:16:11 +0000  2148 bytes for ./Frameworks/Stripe.framework/Stripe.bundle/stp_card_visa@3x.png
copying file ./Frameworks/Stripe.framework/Stripe.bundle/stp_card_unionpay_en@2x.png ... 
2023-07-17 06:16:11 +0000  1830 bytes for ./Frameworks/Stripe.framework/Stripe.bundle/stp_card_unionpay_en@2x.png
2023-07-17 06:16:11 +0000  copying file ./Frameworks/Stripe.framework/Stripe.bundle/stp_icon_add@2x.png ... 
2023-07-17 06:16:11 +0000  202 bytes for ./Frameworks/Stripe.framework/Stripe.bundle/stp_icon_add@2x.png
copying file ./Frameworks/Stripe.framework/Stripe.bundle/stp_card_unionpay_zh.png ... 
2023-07-17 06:16:11 +0000  916 bytes for ./Frameworks/Stripe.framework/Stripe.bundle/stp_card_unionpay_zh.png
copying file ./Frameworks/Stripe.framework/Stripe.bundle/stp_card_diners_template.png ... 
2023-07-17 06:16:11 +0000  390 bytes for ./Frameworks/Stripe.framework/Stripe.bundle/stp_card_diners_template.png
2023-07-17 06:16:11 +0000  copying file ./Frameworks/Stripe.framework/Stripe.bundle/stp_card_jcb_template.png ... 
2023-07-17 06:16:11 +0000  361 bytes for ./Frameworks/Stripe.framework/Stripe.bundle/stp_card_jcb_template.png
copying file ./Frameworks/Stripe.framework/Stripe.bundle/stp_card_unionpay_zh@2x.png ... 
2023-07-17 06:16:11 +0000  1839 bytes for ./Frameworks/Stripe.framework/Stripe.bundle/stp_card_unionpay_zh@2x.png
copying file ./Frameworks/Stripe.framework/Stripe.bundle/stp_card_cvc_amex.png ... 
2023-07-17 06:16:11 +0000  696 bytes for ./Frameworks/Stripe.framework/Stripe.bundle/stp_card_cvc_amex.png
2023-07-17 06:16:11 +0000  copying file ./Frameworks/Stripe.framework/Stripe.bundle/stp_card_diners.png ... 
2023-07-17 06:16:11 +0000  581 bytes for ./Frameworks/Stripe.framework/Stripe.bundle/stp_card_diners.png
copying file ./Frameworks/Stripe.framework/Stripe.bundle/stp_card_applepay@2x.png ... 
2023-07-17 06:16:11 +0000  1160 bytes for ./Frameworks/Stripe.framework/Stripe.bundle/stp_card_applepay@2x.png
copying file ./Frameworks/Stripe.framework/Stripe.bundle/stp_card_applepay@3x.png ... 
2023-07-17 06:16:11 +0000  2094 bytes for ./Frameworks/Stripe.framework/Stripe.bundle/stp_card_applepay@3x.png
2023-07-17 06:16:11 +0000  copying file ./Frameworks/Stripe.framework/Stripe.bundle/stp_card_unionpay_zh@3x.png ... 
2023-07-17 06:16:11 +0000  2901 bytes for ./Frameworks/Stripe.framework/Stripe.bundle/stp_card_unionpay_zh@3x.png
2023-07-17 06:16:11 +0000  copying file ./Frameworks/Stripe.framework/Stripe.bundle/pt-BR.lproj/Localizable.strings ... 
2023-07-17 06:16:11 +0000  5344 bytes for ./Frameworks/Stripe.framework/Stripe.bundle/pt-BR.lproj/Localizable.strings
2023-07-17 06:16:11 +0000  copying file ./Frameworks/Stripe.framework/Stripe.bundle/stp_test_upload_image.jpeg ... 
2023-07-17 06:16:11 +0000  3340 bytes for ./Frameworks/Stripe.framework/Stripe.bundle/stp_test_upload_image.jpeg
copying file ./Frameworks/Stripe.framework/Stripe.bundle/stp_card_unknown.png ... 
2023-07-17 06:16:11 +0000  203 bytes for ./Frameworks/Stripe.framework/Stripe.bundle/stp_card_unknown.png
copying file ./Frameworks/Stripe.framework/Stripe.bundle/stp_icon_add@3x.png ... 
2023-07-17 06:16:11 +0000  224 bytes for ./Frameworks/Stripe.framework/Stripe.bundle/stp_icon_add@3x.png
2023-07-17 06:16:11 +0000  copying file ./Frameworks/Stripe.framework/Stripe.bundle/stp_card_unionpay_template_zh.png ... 
2023-07-17 06:16:11 +0000  357 bytes for ./Frameworks/Stripe.framework/Stripe.bundle/stp_card_unionpay_template_zh.png
copying file ./Frameworks/Stripe.framework/Stripe.bundle/stp_card_unionpay_en@3x.png ... 
2023-07-17 06:16:11 +0000  3053 bytes for ./Frameworks/Stripe.framework/Stripe.bundle/stp_card_unionpay_en@3x.png
copying file ./Frameworks/Stripe.framework/Stripe.bundle/stp_card_visa@2x.png ... 
2023-07-17 06:16:11 +0000  1324 bytes for ./Frameworks/Stripe.framework/Stripe.bundle/stp_card_visa@2x.png
2023-07-17 06:16:11 +0000  copying file ./Frameworks/Stripe.framework/Stripe.bundle/stp_card_error.png ... 
2023-07-17 06:16:11 +0000  487 bytes for ./Frameworks/Stripe.framework/Stripe.bundle/stp_card_error.png
copying file ./Frameworks/Stripe.framework/Stripe.bundle/stp_card_mastercard_template.png ... 
2023-07-17 06:16:11 +0000  769 bytes for ./Frameworks/Stripe.framework/Stripe.bundle/stp_card_mastercard_template.png
2023-07-17 06:16:11 +0000  copying file ./Frameworks/Stripe.framework/Stripe.bundle/stp_card_error_amex.png ... 
2023-07-17 06:16:11 +0000  493 bytes for ./Frameworks/Stripe.framework/Stripe.bundle/stp_card_error_amex.png
2023-07-17 06:16:11 +0000  copying file ./Frameworks/Stripe.framework/Stripe.bundle/stp_card_visa_template.png ... 
2023-07-17 06:16:11 +0000  748 bytes for ./Frameworks/Stripe.framework/Stripe.bundle/stp_card_visa_template.png
copying file ./Frameworks/Stripe.framework/Stripe.bundle/stp_card_mastercard_template@3x.png ... 
2023-07-17 06:16:11 +0000  3558 bytes for ./Frameworks/Stripe.framework/Stripe.bundle/stp_card_mastercard_template@3x.png
2023-07-17 06:16:11 +0000  copying file ./Frameworks/Stripe.framework/Stripe.bundle/fr.lproj/Localizable.strings ... 
2023-07-17 06:16:11 +0000  5844 bytes for ./Frameworks/Stripe.framework/Stripe.bundle/fr.lproj/Localizable.strings
2023-07-17 06:16:11 +0000  copying file ./Frameworks/Stripe.framework/Stripe.bundle/fi.lproj/Localizable.strings ... 
2023-07-17 06:16:11 +0000  4944 bytes for ./Frameworks/Stripe.framework/Stripe.bundle/fi.lproj/Localizable.strings
2023-07-17 06:16:11 +0000  copying file ./Frameworks/Stripe.framework/Stripe.bundle/nl.lproj/Localizable.strings ... 
2023-07-17 06:16:11 +0000  4218 bytes for ./Frameworks/Stripe.framework/Stripe.bundle/nl.lproj/Localizable.strings
2023-07-17 06:16:11 +0000  copying file ./Frameworks/Stripe.framework/Stripe.bundle/stp_card_unionpay_template_zh@3x.png ... 
2023-07-17 06:16:11 +0000  1263 bytes for ./Frameworks/Stripe.framework/Stripe.bundle/stp_card_unionpay_template_zh@3x.png
2023-07-17 06:16:11 +0000  copying file ./Frameworks/Stripe.framework/Stripe.bundle/stp_card_discover_template@2x.png ... 
2023-07-17 06:16:11 +0000  1424 bytes for ./Frameworks/Stripe.framework/Stripe.bundle/stp_card_discover_template@2x.png
2023-07-17 06:16:11 +0000  copying file ./Frameworks/Stripe.framework/Stripe.bundle/stp_card_unionpay_template_en@3x.png ... 
2023-07-17 06:16:11 +0000  1271 bytes for ./Frameworks/Stripe.framework/Stripe.bundle/stp_card_unionpay_template_en@3x.png
2023-07-17 06:16:11 +0000  copying file ./Frameworks/Stripe.framework/Stripe.bundle/stp_card_visa.png ... 
2023-07-17 06:16:11 +0000  722 bytes for ./Frameworks/Stripe.framework/Stripe.bundle/stp_card_visa.png
2023-07-17 06:16:11 +0000  copying file ./Frameworks/Stripe.framework/Stripe.bundle/stp_shipping_form@2x.png ... 
2023-07-17 06:16:11 +0000  8138 bytes for ./Frameworks/Stripe.framework/Stripe.bundle/stp_shipping_form@2x.png
2023-07-17 06:16:11 +0000  copying file ./Frameworks/Stripe.framework/Stripe.bundle/stp_card_unionpay_template_en.png ... 
2023-07-17 06:16:11 +0000  324 bytes for ./Frameworks/Stripe.framework/Stripe.bundle/stp_card_unionpay_template_en.png
2023-07-17 06:16:11 +0000  copying file ./Frameworks/Stripe.framework/Stripe.bundle/stp_card_mastercard@2x.png ... 
2023-07-17 06:16:11 +0000  827 bytes for ./Frameworks/Stripe.framework/Stripe.bundle/stp_card_mastercard@2x.png
2023-07-17 06:16:11 +0000  copying file ./Frameworks/Stripe.framework/Stripe.bundle/pt-PT.lproj/Localizable.strings ... 
2023-07-17 06:16:11 +0000  5597 bytes for ./Frameworks/Stripe.framework/Stripe.bundle/pt-PT.lproj/Localizable.strings
2023-07-17 06:16:11 +0000  copying file ./Frameworks/Stripe.framework/Stripe.bundle/stp_icon_checkmark@2x.png ... 
2023-07-17 06:16:11 +0000  711 bytes for ./Frameworks/Stripe.framework/Stripe.bundle/stp_icon_checkmark@2x.png
2023-07-17 06:16:11 +0000  copying file ./Frameworks/Stripe.framework/Stripe.bundle/stp_icon_checkmark@3x.png ... 
2023-07-17 06:16:11 +0000  994 bytes for ./Frameworks/Stripe.framework/Stripe.bundle/stp_icon_checkmark@3x.png
copying file ./Frameworks/Stripe.framework/Stripe.bundle/stp_card_mastercard@3x.png ... 
2023-07-17 06:16:11 +0000  1739 bytes for ./Frameworks/Stripe.framework/Stripe.bundle/stp_card_mastercard@3x.png
copying file ./Frameworks/Stripe.framework/Stripe.bundle/stp_shipping_form@3x.png ... 
2023-07-17 06:16:11 +0000  12929 bytes for ./Frameworks/Stripe.framework/Stripe.bundle/stp_shipping_form@3x.png
2023-07-17 06:16:11 +0000  copying file ./Frameworks/Stripe.framework/Stripe.bundle/stp_card_unionpay_en.png ... 
2023-07-17 06:16:11 +0000  857 bytes for ./Frameworks/Stripe.framework/Stripe.bundle/stp_card_unionpay_en.png
2023-07-17 06:16:11 +0000  copying file ./Frameworks/Stripe.framework/Stripe.bundle/stp_card_jcb.png ... 
2023-07-17 06:16:11 +0000  578 bytes for ./Frameworks/Stripe.framework/Stripe.bundle/stp_card_jcb.png
2023-07-17 06:16:11 +0000  copying file ./Frameworks/Stripe.framework/Stripe.bundle/stp_card_unionpay_template_en@2x.png ... 
2023-07-17 06:16:11 +0000  654 bytes for ./Frameworks/Stripe.framework/Stripe.bundle/stp_card_unionpay_template_en@2x.png
2023-07-17 06:16:11 +0000  copying file ./Frameworks/Stripe.framework/Stripe.bundle/Info.plist ... 
2023-07-17 06:16:11 +0000  756 bytes for ./Frameworks/Stripe.framework/Stripe.bundle/Info.plist
copying file ./Frameworks/Stripe.framework/Stripe.bundle/stp_card_discover_template@3x.png ... 
2023-07-17 06:16:11 +0000  2319 bytes for ./Frameworks/Stripe.framework/Stripe.bundle/stp_card_discover_template@3x.png
2023-07-17 06:16:11 +0000  copying file ./Frameworks/Stripe.framework/Stripe.bundle/stp_card_unionpay_template_zh@2x.png ... 
2023-07-17 06:16:11 +0000  737 bytes for ./Frameworks/Stripe.framework/Stripe.bundle/stp_card_unionpay_template_zh@2x.png
2023-07-17 06:16:11 +0000  copying file ./Frameworks/Stripe.framework/Stripe.bundle/stp_card_mastercard_template@2x.png ... 
2023-07-17 06:16:11 +0000  1776 bytes for ./Frameworks/Stripe.framework/Stripe.bundle/stp_card_mastercard_template@2x.png
copying file ./Frameworks/Stripe.framework/Stripe.bundle/stp_card_form_back.png ... 
2023-07-17 06:16:11 +0000  2673 bytes for ./Frameworks/Stripe.framework/Stripe.bundle/stp_card_form_back.png
2023-07-17 06:16:11 +0000  copying file ./Frameworks/Stripe.framework/Info.plist ... 
2023-07-17 06:16:11 +0000  781 bytes for ./Frameworks/Stripe.framework/Info.plist
copying file ./Frameworks/Stripe.framework/Stripe ... 
2023-07-17 06:16:11 +0000  1599216 bytes for ./Frameworks/Stripe.framework/Stripe
2023-07-17 06:16:11 +0000  copying file ./Frameworks/PINCache.framework/_CodeSignature/CodeResources ... 
2023-07-17 06:16:11 +0000  1798 bytes for ./Frameworks/PINCache.framework/_CodeSignature/CodeResources
copying file ./Frameworks/PINCache.framework/PINCache ... 
2023-07-17 06:16:11 +0000  304064 bytes for ./Frameworks/PINCache.framework/PINCache
2023-07-17 06:16:11 +0000  copying file ./Frameworks/PINCache.framework/Info.plist ... 
784 bytes for ./Frameworks/PINCache.framework/Info.plist
2023-07-17 06:16:11 +0000  copying file ./Frameworks/Cosmos.framework/_CodeSignature/CodeResources ... 
2023-07-17 06:16:11 +0000  1798 bytes for ./Frameworks/Cosmos.framework/_CodeSignature/CodeResources
2023-07-17 06:16:11 +0000  copying file ./Frameworks/Cosmos.framework/Cosmos ... 
2023-07-17 06:16:11 +0000  262000 bytes for ./Frameworks/Cosmos.framework/Cosmos
2023-07-17 06:16:11 +0000  copying file ./Frameworks/Cosmos.framework/Info.plist ... 
2023-07-17 06:16:11 +0000  781 bytes for ./Frameworks/Cosmos.framework/Info.plist
2023-07-17 06:16:11 +0000  copying file ./Frameworks/FirebaseDatabase.framework/_CodeSignature/CodeResources ... 
2023-07-17 06:16:11 +0000  1798 bytes for ./Frameworks/FirebaseDatabase.framework/_CodeSignature/CodeResources
2023-07-17 06:16:11 +0000  copying file ./Frameworks/FirebaseDatabase.framework/FirebaseDatabase ... 
2023-07-17 06:16:11 +0000  1543856 bytes for ./Frameworks/FirebaseDatabase.framework/FirebaseDatabase
copying file ./Frameworks/FirebaseDatabase.framework/Info.plist ... 
2023-07-17 06:16:11 +0000  804 bytes for ./Frameworks/FirebaseDatabase.framework/Info.plist
2023-07-17 06:16:11 +0000  copying file ./Frameworks/FirebaseInstallations.framework/_CodeSignature/CodeResources ... 
2023-07-17 06:16:11 +0000  1798 bytes for ./Frameworks/FirebaseInstallations.framework/_CodeSignature/CodeResources
2023-07-17 06:16:11 +0000  copying file ./Frameworks/FirebaseInstallations.framework/FirebaseInstallations ... 
2023-07-17 06:16:12 +0000  294496 bytes for ./Frameworks/FirebaseInstallations.framework/FirebaseInstallations
copying file ./Frameworks/FirebaseInstallations.framework/Info.plist ... 
2023-07-17 06:16:12 +0000  813 bytes for ./Frameworks/FirebaseInstallations.framework/Info.plist
2023-07-17 06:16:12 +0000  copying file ./Frameworks/SideMenuSwift.framework/_CodeSignature/CodeResources ... 
2023-07-17 06:16:12 +0000  1798 bytes for ./Frameworks/SideMenuSwift.framework/_CodeSignature/CodeResources
2023-07-17 06:16:12 +0000  copying file ./Frameworks/SideMenuSwift.framework/SideMenuSwift ... 
2023-07-17 06:16:12 +0000  353056 bytes for ./Frameworks/SideMenuSwift.framework/SideMenuSwift
2023-07-17 06:16:12 +0000  copying file ./Frameworks/SideMenuSwift.framework/Info.plist ... 
794 bytes for ./Frameworks/SideMenuSwift.framework/Info.plist
2023-07-17 06:16:12 +0000  copying file ./Frameworks/FirebaseABTesting.framework/_CodeSignature/CodeResources ... 
2023-07-17 06:16:12 +0000  1798 bytes for ./Frameworks/FirebaseABTesting.framework/_CodeSignature/CodeResources
2023-07-17 06:16:12 +0000  copying file ./Frameworks/FirebaseABTesting.framework/FirebaseABTesting ... 
2023-07-17 06:16:12 +0000  122240 bytes for ./Frameworks/FirebaseABTesting.framework/FirebaseABTesting
2023-07-17 06:16:12 +0000  copying file ./Frameworks/FirebaseABTesting.framework/Info.plist ... 
2023-07-17 06:16:12 +0000  806 bytes for ./Frameworks/FirebaseABTesting.framework/Info.plist
2023-07-17 06:16:12 +0000  copying file ./Frameworks/PINRemoteImage.framework/_CodeSignature/CodeResources ... 
2023-07-17 06:16:12 +0000  1798 bytes for ./Frameworks/PINRemoteImage.framework/_CodeSignature/CodeResources
2023-07-17 06:16:12 +0000  copying file ./Frameworks/PINRemoteImage.framework/PINRemoteImage ... 
2023-07-17 06:16:12 +0000  550752 bytes for ./Frameworks/PINRemoteImage.framework/PINRemoteImage
copying file ./Frameworks/PINRemoteImage.framework/Info.plist ... 
2023-07-17 06:16:12 +0000  796 bytes for ./Frameworks/PINRemoteImage.framework/Info.plist
2023-07-17 06:16:12 +0000  copying file ./Frameworks/SkyFloatingLabelTextField.framework/_CodeSignature/CodeResources ... 
2023-07-17 06:16:12 +0000  1798 bytes for ./Frameworks/SkyFloatingLabelTextField.framework/_CodeSignature/CodeResources
2023-07-17 06:16:12 +0000  copying file ./Frameworks/SkyFloatingLabelTextField.framework/SkyFloatingLabelTextField ... 
2023-07-17 06:16:12 +0000  285920 bytes for ./Frameworks/SkyFloatingLabelTextField.framework/SkyFloatingLabelTextField
2023-07-17 06:16:12 +0000  copying file ./Frameworks/SkyFloatingLabelTextField.framework/Info.plist ... 
2023-07-17 06:16:12 +0000  820 bytes for ./Frameworks/SkyFloatingLabelTextField.framework/Info.plist
2023-07-17 06:16:12 +0000  copying file ./Frameworks/RxCocoa.framework/_CodeSignature/CodeResources ... 
2023-07-17 06:16:12 +0000  1798 bytes for ./Frameworks/RxCocoa.framework/_CodeSignature/CodeResources
2023-07-17 06:16:12 +0000  copying file ./Frameworks/RxCocoa.framework/RxCocoa ... 
2023-07-17 06:16:12 +0000  1842912 bytes for ./Frameworks/RxCocoa.framework/RxCocoa
copying file ./Frameworks/RxCocoa.framework/Info.plist ... 
2023-07-17 06:16:12 +0000  782 bytes for ./Frameworks/RxCocoa.framework/Info.plist
copying file ./Frameworks/Lottie.framework/_CodeSignature/CodeResources ... 
2023-07-17 06:16:12 +0000  1798 bytes for ./Frameworks/Lottie.framework/_CodeSignature/CodeResources
2023-07-17 06:16:12 +0000  copying file ./Frameworks/Lottie.framework/Lottie ... 
2023-07-17 06:16:12 +0000  4545680 bytes for ./Frameworks/Lottie.framework/Lottie
copying file ./Frameworks/Lottie.framework/Info.plist ... 
2023-07-17 06:16:12 +0000  781 bytes for ./Frameworks/Lottie.framework/Info.plist
copying file ./Frameworks/JWTDecode.framework/_CodeSignature/CodeResources ... 
1798 bytes for ./Frameworks/JWTDecode.framework/_CodeSignature/CodeResources
copying file ./Frameworks/JWTDecode.framework/JWTDecode ... 
146016 bytes for ./Frameworks/JWTDecode.framework/JWTDecode
2023-07-17 06:16:12 +0000  copying file ./Frameworks/JWTDecode.framework/Info.plist ... 
2023-07-17 06:16:12 +0000  786 bytes for ./Frameworks/JWTDecode.framework/Info.plist
2023-07-17 06:16:12 +0000  copying file ./Frameworks/RxSwift.framework/_CodeSignature/CodeResources ... 
2023-07-17 06:16:12 +0000  1798 bytes for ./Frameworks/RxSwift.framework/_CodeSignature/CodeResources
2023-07-17 06:16:12 +0000  copying file ./Frameworks/RxSwift.framework/RxSwift ... 
2023-07-17 06:16:12 +0000  2678448 bytes for ./Frameworks/RxSwift.framework/RxSwift
copying file ./Frameworks/RxSwift.framework/Info.plist ... 
2023-07-17 06:16:12 +0000  782 bytes for ./Frameworks/RxSwift.framework/Info.plist
2023-07-17 06:16:12 +0000  copying file ./Frameworks/FirebaseCoreDiagnostics.framework/_CodeSignature/CodeResources ... 
2023-07-17 06:16:12 +0000  1798 bytes for ./Frameworks/FirebaseCoreDiagnostics.framework/_CodeSignature/CodeResources
2023-07-17 06:16:12 +0000  copying file ./Frameworks/FirebaseCoreDiagnostics.framework/FirebaseCoreDiagnostics ... 
2023-07-17 06:16:12 +0000  86336 bytes for ./Frameworks/FirebaseCoreDiagnostics.framework/FirebaseCoreDiagnostics
2023-07-17 06:16:12 +0000  copying file ./Frameworks/FirebaseCoreDiagnostics.framework/Info.plist ... 
2023-07-17 06:16:12 +0000  817 bytes for ./Frameworks/FirebaseCoreDiagnostics.framework/Info.plist
2023-07-17 06:16:12 +0000  copying file ./embedded.mobileprovision ... 
2023-07-17 06:16:12 +0000  21100 bytes for ./embedded.mobileprovision
2023-07-17 06:16:12 +0000  copying file ./MenuCell.nib/objects-13.0+.nib ... 
2023-07-17 06:16:12 +0000  6056 bytes for ./MenuCell.nib/objects-13.0+.nib
2023-07-17 06:16:12 +0000  copying file ./MenuCell.nib/runtime.nib ... 
2023-07-17 06:16:12 +0000  6546 bytes for ./MenuCell.nib/runtime.nib
copying file ./MenuCell.nib/objects-14.0+.nib ... 
2023-07-17 06:16:12 +0000  5049 bytes for ./MenuCell.nib/objects-14.0+.nib
2023-07-17 06:16:12 +0000  copying file ./SearchCell.nib/objects-13.0+.nib ... 
2023-07-17 06:16:12 +0000  4117 bytes for ./SearchCell.nib/objects-13.0+.nib
copying file ./SearchCell.nib/runtime.nib ... 
2023-07-17 06:16:12 +0000  4766 bytes for ./SearchCell.nib/runtime.nib
2023-07-17 06:16:12 +0000  copying file ./ViewVehicleCell.nib ... 
2023-07-17 06:16:12 +0000  4500 bytes for ./ViewVehicleCell.nib
2023-07-17 06:16:12 +0000  copying file ./Info.plist ... 
2023-07-17 06:16:12 +0000  2409 bytes for ./Info.plist
2023-07-17 06:16:12 +0000  copying file ./SupportSettings.storyboardc/SavedLocationVC.nib/objects-13.0+.nib ... 
2023-07-17 06:16:12 +0000  1019 bytes for ./SupportSettings.storyboardc/SavedLocationVC.nib/objects-13.0+.nib
2023-07-17 06:16:12 +0000  copying file ./SupportSettings.storyboardc/SavedLocationVC.nib/runtime.nib ... 
2023-07-17 06:16:12 +0000  1019 bytes for ./SupportSettings.storyboardc/SavedLocationVC.nib/runtime.nib
2023-07-17 06:16:12 +0000  copying file ./SupportSettings.storyboardc/SavedLocationVC.nib/objects-14.0+.nib ... 
2023-07-17 06:16:12 +0000  1019 bytes for ./SupportSettings.storyboardc/SavedLocationVC.nib/objects-14.0+.nib
2023-07-17 06:16:12 +0000  copying file ./SupportSettings.storyboardc/SearchAddressVC.nib/objects-13.0+.nib ... 
2023-07-17 06:16:12 +0000  1019 bytes for ./SupportSettings.storyboardc/SearchAddressVC.nib/objects-13.0+.nib
2023-07-17 06:16:12 +0000  copying file ./SupportSettings.storyboardc/SearchAddressVC.nib/runtime.nib ... 
2023-07-17 06:16:12 +0000  1019 bytes for ./SupportSettings.storyboardc/SearchAddressVC.nib/runtime.nib
copying file ./SupportSettings.storyboardc/SearchAddressVC.nib/objects-14.0+.nib ... 
2023-07-17 06:16:12 +0000  1019 bytes for ./SupportSettings.storyboardc/SearchAddressVC.nib/objects-14.0+.nib
2023-07-17 06:16:12 +0000  copying file ./SupportSettings.storyboardc/AccountVC.nib/objects-13.0+.nib ... 
2023-07-17 06:16:12 +0000  1006 bytes for ./SupportSettings.storyboardc/AccountVC.nib/objects-13.0+.nib
copying file ./SupportSettings.storyboardc/AccountVC.nib/runtime.nib ... 
2023-07-17 06:16:12 +0000  1006 bytes for ./SupportSettings.storyboardc/AccountVC.nib/runtime.nib
2023-07-17 06:16:12 +0000  copying file ./SupportSettings.storyboardc/AccountVC.nib/objects-14.0+.nib ... 
2023-07-17 06:16:12 +0000  1006 bytes for ./SupportSettings.storyboardc/AccountVC.nib/objects-14.0+.nib
2023-07-17 06:16:12 +0000  copying file ./SupportSettings.storyboardc/ReviewRatingVC.nib/objects-13.0+.nib ... 
2023-07-17 06:16:12 +0000  1017 bytes for ./SupportSettings.storyboardc/ReviewRatingVC.nib/objects-13.0+.nib
2023-07-17 06:16:12 +0000  copying file ./SupportSettings.storyboardc/ReviewRatingVC.nib/runtime.nib ... 
2023-07-17 06:16:12 +0000  1017 bytes for ./SupportSettings.storyboardc/ReviewRatingVC.nib/runtime.nib
copying file ./SupportSettings.storyboardc/ReviewRatingVC.nib/objects-14.0+.nib ... 
2023-07-17 06:16:12 +0000  1017 bytes for ./SupportSettings.storyboardc/ReviewRatingVC.nib/objects-14.0+.nib
2023-07-17 06:16:12 +0000  copying file ./SupportSettings.storyboardc/5zC-ua-neK-view-UH8-RH-yew.nib/objects-13.0+.nib ... 
2023-07-17 06:16:12 +0000  15699 bytes for ./SupportSettings.storyboardc/5zC-ua-neK-view-UH8-RH-yew.nib/objects-13.0+.nib
copying file ./SupportSettings.storyboardc/5zC-ua-neK-view-UH8-RH-yew.nib/runtime.nib ... 
2023-07-17 06:16:12 +0000  16554 bytes for ./SupportSettings.storyboardc/5zC-ua-neK-view-UH8-RH-yew.nib/runtime.nib
copying file ./SupportSettings.storyboardc/5zC-ua-neK-view-UH8-RH-yew.nib/objects-14.0+.nib ... 
2023-07-17 06:16:12 +0000  15609 bytes for ./SupportSettings.storyboardc/5zC-ua-neK-view-UH8-RH-yew.nib/objects-14.0+.nib
2023-07-17 06:16:12 +0000  copying file ./SupportSettings.storyboardc/fTA-Yp-IFp-view-9CJ-AX-CM7.nib/objects-13.0+.nib ... 
2023-07-17 06:16:12 +0000  7368 bytes for ./SupportSettings.storyboardc/fTA-Yp-IFp-view-9CJ-AX-CM7.nib/objects-13.0+.nib
copying file ./SupportSettings.storyboardc/fTA-Yp-IFp-view-9CJ-AX-CM7.nib/runtime.nib ... 
2023-07-17 06:16:12 +0000  7819 bytes for ./SupportSettings.storyboardc/fTA-Yp-IFp-view-9CJ-AX-CM7.nib/runtime.nib
2023-07-17 06:16:12 +0000  copying file ./SupportSettings.storyboardc/fTA-Yp-IFp-view-9CJ-AX-CM7.nib/objects-14.0+.nib ... 
2023-07-17 06:16:12 +0000  7368 bytes for ./SupportSettings.storyboardc/fTA-Yp-IFp-view-9CJ-AX-CM7.nib/objects-14.0+.nib
2023-07-17 06:16:12 +0000  copying file ./SupportSettings.storyboardc/FAQvc.nib/objects-13.0+.nib ... 
2023-07-17 06:16:12 +0000  998 bytes for ./SupportSettings.storyboardc/FAQvc.nib/objects-13.0+.nib
copying file ./SupportSettings.storyboardc/FAQvc.nib/runtime.nib ... 
2023-07-17 06:16:12 +0000  998 bytes for ./SupportSettings.storyboardc/FAQvc.nib/runtime.nib
copying file ./SupportSettings.storyboardc/FAQvc.nib/objects-14.0+.nib ... 
2023-07-17 06:16:12 +0000  998 bytes for ./SupportSettings.storyboardc/FAQvc.nib/objects-14.0+.nib
2023-07-17 06:16:12 +0000  copying file ./SupportSettings.storyboardc/zRh-tW-5jK-view-QRY-eb-CMj.nib/objects-13.0+.nib ... 
2023-07-17 06:16:12 +0000  7674 bytes for ./SupportSettings.storyboardc/zRh-tW-5jK-view-QRY-eb-CMj.nib/objects-13.0+.nib
copying file ./SupportSettings.storyboardc/zRh-tW-5jK-view-QRY-eb-CMj.nib/runtime.nib ... 
2023-07-17 06:16:12 +0000  8232 bytes for ./SupportSettings.storyboardc/zRh-tW-5jK-view-QRY-eb-CMj.nib/runtime.nib
copying file ./SupportSettings.storyboardc/zRh-tW-5jK-view-QRY-eb-CMj.nib/objects-14.0+.nib ... 
2023-07-17 06:16:12 +0000  7674 bytes for ./SupportSettings.storyboardc/zRh-tW-5jK-view-QRY-eb-CMj.nib/objects-14.0+.nib
2023-07-17 06:16:12 +0000  copying file ./SupportSettings.storyboardc/vSb-E3-M5Y-view-gAM-9n-X4g.nib/objects-13.0+.nib ... 
2023-07-17 06:16:12 +0000  6491 bytes for ./SupportSettings.storyboardc/vSb-E3-M5Y-view-gAM-9n-X4g.nib/objects-13.0+.nib
copying file ./SupportSettings.storyboardc/vSb-E3-M5Y-view-gAM-9n-X4g.nib/runtime.nib ... 
2023-07-17 06:16:12 +0000  7198 bytes for ./SupportSettings.storyboardc/vSb-E3-M5Y-view-gAM-9n-X4g.nib/runtime.nib
copying file ./SupportSettings.storyboardc/vSb-E3-M5Y-view-gAM-9n-X4g.nib/objects-14.0+.nib ... 
2023-07-17 06:16:12 +0000  6491 bytes for ./SupportSettings.storyboardc/vSb-E3-M5Y-view-gAM-9n-X4g.nib/objects-14.0+.nib
2023-07-17 06:16:12 +0000  copying file ./SupportSettings.storyboardc/0rw-c4-pt1-view-8FC-iR-JbO.nib/objects-13.0+.nib ... 
2023-07-17 06:16:12 +0000  11276 bytes for ./SupportSettings.storyboardc/0rw-c4-pt1-view-8FC-iR-JbO.nib/objects-13.0+.nib
2023-07-17 06:16:12 +0000  copying file ./SupportSettings.storyboardc/0rw-c4-pt1-view-8FC-iR-JbO.nib/runtime.nib ... 
2023-07-17 06:16:12 +0000  12186 bytes for ./SupportSettings.storyboardc/0rw-c4-pt1-view-8FC-iR-JbO.nib/runtime.nib
copying file ./SupportSettings.storyboardc/0rw-c4-pt1-view-8FC-iR-JbO.nib/objects-14.0+.nib ... 
2023-07-17 06:16:12 +0000  11276 bytes for ./SupportSettings.storyboardc/0rw-c4-pt1-view-8FC-iR-JbO.nib/objects-14.0+.nib
2023-07-17 06:16:12 +0000  copying file ./SupportSettings.storyboardc/E1r-25-2kP-view-XUo-hE-Qyp.nib/objects-13.0+.nib ... 
2023-07-17 06:16:12 +0000  7474 bytes for ./SupportSettings.storyboardc/E1r-25-2kP-view-XUo-hE-Qyp.nib/objects-13.0+.nib
copying file ./SupportSettings.storyboardc/E1r-25-2kP-view-XUo-hE-Qyp.nib/runtime.nib ... 
2023-07-17 06:16:12 +0000  8197 bytes for ./SupportSettings.storyboardc/E1r-25-2kP-view-XUo-hE-Qyp.nib/runtime.nib
2023-07-17 06:16:12 +0000  copying file ./SupportSettings.storyboardc/E1r-25-2kP-view-XUo-hE-Qyp.nib/objects-14.0+.nib ... 
2023-07-17 06:16:12 +0000  7474 bytes for ./SupportSettings.storyboardc/E1r-25-2kP-view-XUo-hE-Qyp.nib/objects-14.0+.nib
2023-07-17 06:16:12 +0000  copying file ./SupportSettings.storyboardc/yGj-EU-Ywd-view-E6B-Xc-9OZ.nib/objects-13.0+.nib ... 
2023-07-17 06:16:12 +0000  14148 bytes for ./SupportSettings.storyboardc/yGj-EU-Ywd-view-E6B-Xc-9OZ.nib/objects-13.0+.nib
copying file ./SupportSettings.storyboardc/yGj-EU-Ywd-view-E6B-Xc-9OZ.nib/runtime.nib ... 
2023-07-17 06:16:12 +0000  15732 bytes for ./SupportSettings.storyboardc/yGj-EU-Ywd-view-E6B-Xc-9OZ.nib/runtime.nib
copying file ./SupportSettings.storyboardc/yGj-EU-Ywd-view-E6B-Xc-9OZ.nib/objects-14.0+.nib ... 
2023-07-17 06:16:12 +0000  14148 bytes for ./SupportSettings.storyboardc/yGj-EU-Ywd-view-E6B-Xc-9OZ.nib/objects-14.0+.nib
2023-07-17 06:16:12 +0000  copying file ./SupportSettings.storyboardc/QLn-2P-Gg0-view-kCU-dK-naG.nib/objects-13.0+.nib ... 
2023-07-17 06:16:12 +0000  7721 bytes for ./SupportSettings.storyboardc/QLn-2P-Gg0-view-kCU-dK-naG.nib/objects-13.0+.nib
2023-07-17 06:16:12 +0000  copying file ./SupportSettings.storyboardc/QLn-2P-Gg0-view-kCU-dK-naG.nib/runtime.nib ... 
2023-07-17 06:16:12 +0000  8174 bytes for ./SupportSettings.storyboardc/QLn-2P-Gg0-view-kCU-dK-naG.nib/runtime.nib
copying file ./SupportSettings.storyboardc/QLn-2P-Gg0-view-kCU-dK-naG.nib/objects-14.0+.nib ... 
2023-07-17 06:16:12 +0000  7721 bytes for ./SupportSettings.storyboardc/QLn-2P-Gg0-view-kCU-dK-naG.nib/objects-14.0+.nib
2023-07-17 06:16:12 +0000  copying file ./SupportSettings.storyboardc/4Gr-iT-thp-view-Q1A-ZB-zfi.nib/objects-13.0+.nib ... 
2023-07-17 06:16:12 +0000  9974 bytes for ./SupportSettings.storyboardc/4Gr-iT-thp-view-Q1A-ZB-zfi.nib/objects-13.0+.nib
copying file ./SupportSettings.storyboardc/4Gr-iT-thp-view-Q1A-ZB-zfi.nib/runtime.nib ... 
2023-07-17 06:16:12 +0000  10901 bytes for ./SupportSettings.storyboardc/4Gr-iT-thp-view-Q1A-ZB-zfi.nib/runtime.nib
copying file ./SupportSettings.storyboardc/4Gr-iT-thp-view-Q1A-ZB-zfi.nib/objects-14.0+.nib ... 
2023-07-17 06:16:12 +0000  9974 bytes for ./SupportSettings.storyboardc/4Gr-iT-thp-view-Q1A-ZB-zfi.nib/objects-14.0+.nib
2023-07-17 06:16:12 +0000  copying file ./SupportSettings.storyboardc/SupportVC.nib/objects-13.0+.nib ... 
2023-07-17 06:16:12 +0000  1006 bytes for ./SupportSettings.storyboardc/SupportVC.nib/objects-13.0+.nib
2023-07-17 06:16:12 +0000  copying file ./SupportSettings.storyboardc/SupportVC.nib/runtime.nib ... 
2023-07-17 06:16:12 +0000  1006 bytes for ./SupportSettings.storyboardc/SupportVC.nib/runtime.nib
copying file ./SupportSettings.storyboardc/SupportVC.nib/objects-14.0+.nib ... 
2023-07-17 06:16:12 +0000  1006 bytes for ./SupportSettings.storyboardc/SupportVC.nib/objects-14.0+.nib
2023-07-17 06:16:12 +0000  copying file ./SupportSettings.storyboardc/SettingsVC.nib/objects-13.0+.nib ... 
2023-07-17 06:16:12 +0000  1009 bytes for ./SupportSettings.storyboardc/SettingsVC.nib/objects-13.0+.nib
2023-07-17 06:16:12 +0000  copying file ./SupportSettings.storyboardc/SettingsVC.nib/runtime.nib ... 
2023-07-17 06:16:12 +0000  1009 bytes for ./SupportSettings.storyboardc/SettingsVC.nib/runtime.nib
2023-07-17 06:16:12 +0000  copying file ./SupportSettings.storyboardc/SettingsVC.nib/objects-14.0+.nib ... 
2023-07-17 06:16:12 +0000  1009 bytes for ./SupportSettings.storyboardc/SettingsVC.nib/objects-14.0+.nib
2023-07-17 06:16:12 +0000  copying file ./SupportSettings.storyboardc/ChatMsgVC.nib/objects-13.0+.nib ... 
2023-07-17 06:16:12 +0000  1006 bytes for ./SupportSettings.storyboardc/ChatMsgVC.nib/objects-13.0+.nib
2023-07-17 06:16:12 +0000  copying file ./SupportSettings.storyboardc/ChatMsgVC.nib/runtime.nib ... 
2023-07-17 06:16:12 +0000  1006 bytes for ./SupportSettings.storyboardc/ChatMsgVC.nib/runtime.nib
2023-07-17 06:16:12 +0000  copying file ./SupportSettings.storyboardc/ChatMsgVC.nib/objects-14.0+.nib ... 
2023-07-17 06:16:12 +0000  1006 bytes for ./SupportSettings.storyboardc/ChatMsgVC.nib/objects-14.0+.nib
2023-07-17 06:16:12 +0000  copying file ./SupportSettings.storyboardc/hRQ-mJ-hFq-view-sYr-Ox-PSn.nib/objects-13.0+.nib ... 
2023-07-17 06:16:12 +0000  9060 bytes for ./SupportSettings.storyboardc/hRQ-mJ-hFq-view-sYr-Ox-PSn.nib/objects-13.0+.nib
copying file ./SupportSettings.storyboardc/hRQ-mJ-hFq-view-sYr-Ox-PSn.nib/runtime.nib ... 
2023-07-17 06:16:12 +0000  9872 bytes for ./SupportSettings.storyboardc/hRQ-mJ-hFq-view-sYr-Ox-PSn.nib/runtime.nib
2023-07-17 06:16:12 +0000  copying file ./SupportSettings.storyboardc/hRQ-mJ-hFq-view-sYr-Ox-PSn.nib/objects-14.0+.nib ... 
2023-07-17 06:16:12 +0000  9060 bytes for ./SupportSettings.storyboardc/hRQ-mJ-hFq-view-sYr-Ox-PSn.nib/objects-14.0+.nib
2023-07-17 06:16:12 +0000  copying file ./SupportSettings.storyboardc/HolidayVC.nib/objects-13.0+.nib ... 
2023-07-17 06:16:12 +0000  1006 bytes for ./SupportSettings.storyboardc/HolidayVC.nib/objects-13.0+.nib
2023-07-17 06:16:12 +0000  copying file ./SupportSettings.storyboardc/HolidayVC.nib/runtime.nib ... 
2023-07-17 06:16:12 +0000  1006 bytes for ./SupportSettings.storyboardc/HolidayVC.nib/runtime.nib
copying file ./SupportSettings.storyboardc/HolidayVC.nib/objects-14.0+.nib ... 
2023-07-17 06:16:12 +0000  1006 bytes for ./SupportSettings.storyboardc/HolidayVC.nib/objects-14.0+.nib
2023-07-17 06:16:12 +0000  copying file ./SupportSettings.storyboardc/ReferVC.nib/objects-13.0+.nib ... 
2023-07-17 06:16:12 +0000  1002 bytes for ./SupportSettings.storyboardc/ReferVC.nib/objects-13.0+.nib
copying file ./SupportSettings.storyboardc/ReferVC.nib/runtime.nib ... 
2023-07-17 06:16:12 +0000  1002 bytes for ./SupportSettings.storyboardc/ReferVC.nib/runtime.nib
copying file ./SupportSettings.storyboardc/ReferVC.nib/objects-14.0+.nib ... 
2023-07-17 06:16:12 +0000  1002 bytes for ./SupportSettings.storyboardc/ReferVC.nib/objects-14.0+.nib
2023-07-17 06:16:12 +0000  copying file ./SupportSettings.storyboardc/PrivacyVC.nib/objects-13.0+.nib ... 
2023-07-17 06:16:12 +0000  1006 bytes for ./SupportSettings.storyboardc/PrivacyVC.nib/objects-13.0+.nib
copying file ./SupportSettings.storyboardc/PrivacyVC.nib/runtime.nib ... 
2023-07-17 06:16:12 +0000  1006 bytes for ./SupportSettings.storyboardc/PrivacyVC.nib/runtime.nib
copying file ./SupportSettings.storyboardc/PrivacyVC.nib/objects-14.0+.nib ... 
2023-07-17 06:16:12 +0000  1006 bytes for ./SupportSettings.storyboardc/PrivacyVC.nib/objects-14.0+.nib
2023-07-17 06:16:12 +0000  copying file ./SupportSettings.storyboardc/CarpoolingVC.nib/objects-13.0+.nib ... 
2023-07-17 06:16:12 +0000  1013 bytes for ./SupportSettings.storyboardc/CarpoolingVC.nib/objects-13.0+.nib
2023-07-17 06:16:12 +0000  copying file ./SupportSettings.storyboardc/CarpoolingVC.nib/runtime.nib ... 
2023-07-17 06:16:12 +0000  1013 bytes for ./SupportSettings.storyboardc/CarpoolingVC.nib/runtime.nib
copying file ./SupportSettings.storyboardc/CarpoolingVC.nib/objects-14.0+.nib ... 
2023-07-17 06:16:12 +0000  1013 bytes for ./SupportSettings.storyboardc/CarpoolingVC.nib/objects-14.0+.nib
2023-07-17 06:16:12 +0000  copying file ./SupportSettings.storyboardc/fmO-HD-aDz-view-eM5-sr-yaf.nib/objects-13.0+.nib ... 
2023-07-17 06:16:12 +0000  6073 bytes for ./SupportSettings.storyboardc/fmO-HD-aDz-view-eM5-sr-yaf.nib/objects-13.0+.nib
copying file ./SupportSettings.storyboardc/fmO-HD-aDz-view-eM5-sr-yaf.nib/runtime.nib ... 
2023-07-17 06:16:12 +0000  6541 bytes for ./SupportSettings.storyboardc/fmO-HD-aDz-view-eM5-sr-yaf.nib/runtime.nib
copying file ./SupportSettings.storyboardc/fmO-HD-aDz-view-eM5-sr-yaf.nib/objects-14.0+.nib ... 
2023-07-17 06:16:12 +0000  6073 bytes for ./SupportSettings.storyboardc/fmO-HD-aDz-view-eM5-sr-yaf.nib/objects-14.0+.nib
2023-07-17 06:16:12 +0000  copying file ./SupportSettings.storyboardc/VerifyOrgVC.nib/objects-13.0+.nib ... 
2023-07-17 06:16:12 +0000  1011 bytes for ./SupportSettings.storyboardc/VerifyOrgVC.nib/objects-13.0+.nib
2023-07-17 06:16:12 +0000  copying file ./SupportSettings.storyboardc/VerifyOrgVC.nib/runtime.nib ... 
2023-07-17 06:16:12 +0000  1011 bytes for ./SupportSettings.storyboardc/VerifyOrgVC.nib/runtime.nib
2023-07-17 06:16:12 +0000  copying file ./SupportSettings.storyboardc/VerifyOrgVC.nib/objects-14.0+.nib ... 
2023-07-17 06:16:12 +0000  1011 bytes for ./SupportSettings.storyboardc/VerifyOrgVC.nib/objects-14.0+.nib
2023-07-17 06:16:12 +0000  copying file ./SupportSettings.storyboardc/SelectAddressVC.nib/objects-13.0+.nib ... 
2023-07-17 06:16:12 +0000  1019 bytes for ./SupportSettings.storyboardc/SelectAddressVC.nib/objects-13.0+.nib
2023-07-17 06:16:12 +0000  copying file ./SupportSettings.storyboardc/SelectAddressVC.nib/runtime.nib ... 
2023-07-17 06:16:12 +0000  1019 bytes for ./SupportSettings.storyboardc/SelectAddressVC.nib/runtime.nib
copying file ./SupportSettings.storyboardc/SelectAddressVC.nib/objects-14.0+.nib ... 
2023-07-17 06:16:12 +0000  1019 bytes for ./SupportSettings.storyboardc/SelectAddressVC.nib/objects-14.0+.nib
2023-07-17 06:16:12 +0000  copying file ./SupportSettings.storyboardc/bYw-2m-Eun-view-thS-Ch-VAt.nib/objects-13.0+.nib ... 
2023-07-17 06:16:12 +0000  6932 bytes for ./SupportSettings.storyboardc/bYw-2m-Eun-view-thS-Ch-VAt.nib/objects-13.0+.nib
copying file ./SupportSettings.storyboardc/bYw-2m-Eun-view-thS-Ch-VAt.nib/runtime.nib ... 
2023-07-17 06:16:12 +0000  7490 bytes for ./SupportSettings.storyboardc/bYw-2m-Eun-view-thS-Ch-VAt.nib/runtime.nib
copying file ./SupportSettings.storyboardc/bYw-2m-Eun-view-thS-Ch-VAt.nib/objects-14.0+.nib ... 
2023-07-17 06:16:12 +0000  6932 bytes for ./SupportSettings.storyboardc/bYw-2m-Eun-view-thS-Ch-VAt.nib/objects-14.0+.nib
2023-07-17 06:16:12 +0000  copying file ./SupportSettings.storyboardc/CompanySearchVC.nib/objects-13.0+.nib ... 
2023-07-17 06:16:12 +0000  1019 bytes for ./SupportSettings.storyboardc/CompanySearchVC.nib/objects-13.0+.nib
copying file ./SupportSettings.storyboardc/CompanySearchVC.nib/runtime.nib ... 
2023-07-17 06:16:12 +0000  1019 bytes for ./SupportSettings.storyboardc/CompanySearchVC.nib/runtime.nib
copying file ./SupportSettings.storyboardc/CompanySearchVC.nib/objects-14.0+.nib ... 
2023-07-17 06:16:12 +0000  1019 bytes for ./SupportSettings.storyboardc/CompanySearchVC.nib/objects-14.0+.nib
2023-07-17 06:16:12 +0000  copying file ./SupportSettings.storyboardc/sPy-qO-qoz-view-W2d-0u-qtP.nib/objects-13.0+.nib ... 
2023-07-17 06:16:12 +0000  6491 bytes for ./SupportSettings.storyboardc/sPy-qO-qoz-view-W2d-0u-qtP.nib/objects-13.0+.nib
2023-07-17 06:16:12 +0000  copying file ./SupportSettings.storyboardc/sPy-qO-qoz-view-W2d-0u-qtP.nib/runtime.nib ... 
2023-07-17 06:16:12 +0000  7198 bytes for ./SupportSettings.storyboardc/sPy-qO-qoz-view-W2d-0u-qtP.nib/runtime.nib
copying file ./SupportSettings.storyboardc/sPy-qO-qoz-view-W2d-0u-qtP.nib/objects-14.0+.nib ... 
2023-07-17 06:16:12 +0000  6491 bytes for ./SupportSettings.storyboardc/sPy-qO-qoz-view-W2d-0u-qtP.nib/objects-14.0+.nib
2023-07-17 06:16:12 +0000  copying file ./SupportSettings.storyboardc/xHv-zp-vkB-view-ixZ-ZF-9AJ.nib/objects-13.0+.nib ... 
2023-07-17 06:16:12 +0000  10484 bytes for ./SupportSettings.storyboardc/xHv-zp-vkB-view-ixZ-ZF-9AJ.nib/objects-13.0+.nib
copying file ./SupportSettings.storyboardc/xHv-zp-vkB-view-ixZ-ZF-9AJ.nib/runtime.nib ... 
2023-07-17 06:16:12 +0000  11015 bytes for ./SupportSettings.storyboardc/xHv-zp-vkB-view-ixZ-ZF-9AJ.nib/runtime.nib
copying file ./SupportSettings.storyboardc/xHv-zp-vkB-view-ixZ-ZF-9AJ.nib/objects-14.0+.nib ... 
2023-07-17 06:16:12 +0000  10484 bytes for ./SupportSettings.storyboardc/xHv-zp-vkB-view-ixZ-ZF-9AJ.nib/objects-14.0+.nib
2023-07-17 06:16:12 +0000  copying file ./SupportSettings.storyboardc/BWI-sT-tVJ-view-o5z-uQ-nIX.nib/objects-13.0+.nib ... 
2023-07-17 06:16:12 +0000  6619 bytes for ./SupportSettings.storyboardc/BWI-sT-tVJ-view-o5z-uQ-nIX.nib/objects-13.0+.nib
2023-07-17 06:16:12 +0000  copying file ./SupportSettings.storyboardc/BWI-sT-tVJ-view-o5z-uQ-nIX.nib/runtime.nib ... 
2023-07-17 06:16:12 +0000  7083 bytes for ./SupportSettings.storyboardc/BWI-sT-tVJ-view-o5z-uQ-nIX.nib/runtime.nib
2023-07-17 06:16:12 +0000  copying file ./SupportSettings.storyboardc/BWI-sT-tVJ-view-o5z-uQ-nIX.nib/objects-14.0+.nib ... 
2023-07-17 06:16:12 +0000  6619 bytes for ./SupportSettings.storyboardc/BWI-sT-tVJ-view-o5z-uQ-nIX.nib/objects-14.0+.nib
2023-07-17 06:16:12 +0000  copying file ./SupportSettings.storyboardc/BlockFavVC.nib/objects-13.0+.nib ... 
2023-07-17 06:16:12 +0000  1009 bytes for ./SupportSettings.storyboardc/BlockFavVC.nib/objects-13.0+.nib
2023-07-17 06:16:12 +0000  copying file ./SupportSettings.storyboardc/BlockFavVC.nib/runtime.nib ... 
2023-07-17 06:16:12 +0000  1009 bytes for ./SupportSettings.storyboardc/BlockFavVC.nib/runtime.nib
2023-07-17 06:16:12 +0000  copying file ./SupportSettings.storyboardc/BlockFavVC.nib/objects-14.0+.nib ... 
2023-07-17 06:16:12 +0000  1009 bytes for ./SupportSettings.storyboardc/BlockFavVC.nib/objects-14.0+.nib
2023-07-17 06:16:12 +0000  copying file ./SupportSettings.storyboardc/OfferVC.nib/objects-13.0+.nib ... 
2023-07-17 06:16:12 +0000  1002 bytes for ./SupportSettings.storyboardc/OfferVC.nib/objects-13.0+.nib
2023-07-17 06:16:12 +0000  copying file ./SupportSettings.storyboardc/OfferVC.nib/runtime.nib ... 
2023-07-17 06:16:12 +0000  1002 bytes for ./SupportSettings.storyboardc/OfferVC.nib/runtime.nib
2023-07-17 06:16:12 +0000  copying file ./SupportSettings.storyboardc/OfferVC.nib/objects-14.0+.nib ... 
2023-07-17 06:16:12 +0000  1002 bytes for ./SupportSettings.storyboardc/OfferVC.nib/objects-14.0+.nib
2023-07-17 06:16:12 +0000  copying file ./SupportSettings.storyboardc/fcw-5Y-OYo-view-Phd-1u-kEg.nib/objects-13.0+.nib ... 
2023-07-17 06:16:12 +0000  8824 bytes for ./SupportSettings.storyboardc/fcw-5Y-OYo-view-Phd-1u-kEg.nib/objects-13.0+.nib
2023-07-17 06:16:12 +0000  copying file ./SupportSettings.storyboardc/fcw-5Y-OYo-view-Phd-1u-kEg.nib/runtime.nib ... 
2023-07-17 06:16:12 +0000  9322 bytes for ./SupportSettings.storyboardc/fcw-5Y-OYo-view-Phd-1u-kEg.nib/runtime.nib
2023-07-17 06:16:12 +0000  copying file ./SupportSettings.storyboardc/fcw-5Y-OYo-view-Phd-1u-kEg.nib/objects-14.0+.nib ... 
2023-07-17 06:16:12 +0000  8824 bytes for ./SupportSettings.storyboardc/fcw-5Y-OYo-view-Phd-1u-kEg.nib/objects-14.0+.nib
2023-07-17 06:16:12 +0000  copying file ./SupportSettings.storyboardc/dbt-kX-jKR-view-kex-JC-zxJ.nib/objects-13.0+.nib ... 
2023-07-17 06:16:12 +0000  7428 bytes for ./SupportSettings.storyboardc/dbt-kX-jKR-view-kex-JC-zxJ.nib/objects-13.0+.nib
2023-07-17 06:16:12 +0000  copying file ./SupportSettings.storyboardc/dbt-kX-jKR-view-kex-JC-zxJ.nib/runtime.nib ... 
2023-07-17 06:16:12 +0000  7993 bytes for ./SupportSettings.storyboardc/dbt-kX-jKR-view-kex-JC-zxJ.nib/runtime.nib
2023-07-17 06:16:12 +0000  copying file ./SupportSettings.storyboardc/dbt-kX-jKR-view-kex-JC-zxJ.nib/objects-14.0+.nib ... 
2023-07-17 06:16:12 +0000  7428 bytes for ./SupportSettings.storyboardc/dbt-kX-jKR-view-kex-JC-zxJ.nib/objects-14.0+.nib
2023-07-17 06:16:12 +0000  copying file ./SupportSettings.storyboardc/ChatVC.nib/objects-13.0+.nib ... 
2023-07-17 06:16:12 +0000  1000 bytes for ./SupportSettings.storyboardc/ChatVC.nib/objects-13.0+.nib
2023-07-17 06:16:12 +0000  copying file ./SupportSettings.storyboardc/ChatVC.nib/runtime.nib ... 
2023-07-17 06:16:12 +0000  1000 bytes for ./SupportSettings.storyboardc/ChatVC.nib/runtime.nib
2023-07-17 06:16:12 +0000  copying file ./SupportSettings.storyboardc/ChatVC.nib/objects-14.0+.nib ... 
2023-07-17 06:16:12 +0000  1000 bytes for ./SupportSettings.storyboardc/ChatVC.nib/objects-14.0+.nib
2023-07-17 06:16:12 +0000  copying file ./SupportSettings.storyboardc/PDY-3X-ezL-view-ctP-Yj-FYk.nib/objects-13.0+.nib ... 
2023-07-17 06:16:12 +0000  17326 bytes for ./SupportSettings.storyboardc/PDY-3X-ezL-view-ctP-Yj-FYk.nib/objects-13.0+.nib
copying file ./SupportSettings.storyboardc/PDY-3X-ezL-view-ctP-Yj-FYk.nib/runtime.nib ... 
2023-07-17 06:16:12 +0000  19757 bytes for ./SupportSettings.storyboardc/PDY-3X-ezL-view-ctP-Yj-FYk.nib/runtime.nib
2023-07-17 06:16:12 +0000  copying file ./SupportSettings.storyboardc/PDY-3X-ezL-view-ctP-Yj-FYk.nib/objects-14.0+.nib ... 
2023-07-17 06:16:12 +0000  17326 bytes for ./SupportSettings.storyboardc/PDY-3X-ezL-view-ctP-Yj-FYk.nib/objects-14.0+.nib
2023-07-17 06:16:12 +0000  copying file ./SupportSettings.storyboardc/Info.plist ... 
2023-07-17 06:16:12 +0000  656 bytes for ./SupportSettings.storyboardc/Info.plist
2023-07-17 06:16:12 +0000  copying file ./OfferCell.nib ... 
2023-07-17 06:16:12 +0000  5836 bytes for ./OfferCell.nib
2023-07-17 06:16:12 +0000  copying file ./PkgInfo ... 
2023-07-17 06:16:12 +0000  8 bytes for ./PkgInfo
2023-07-17 06:16:12 +0000  copying file ./RideInfoCell.nib/objects-13.0+.nib ... 
2023-07-17 06:16:12 +0000  13316 bytes for ./RideInfoCell.nib/objects-13.0+.nib
2023-07-17 06:16:12 +0000  copying file ./RideInfoCell.nib/runtime.nib ... 
2023-07-17 06:16:12 +0000  15116 bytes for ./RideInfoCell.nib/runtime.nib
copying file ./RideInfoCell.nib/objects-14.0+.nib ... 
2023-07-17 06:16:12 +0000  12075 bytes for ./RideInfoCell.nib/objects-14.0+.nib
2023-07-17 06:16:12 +0000  /usr/bin/ditto exited with 0
2023-07-17 06:16:12 +0000  Processing step: IDEDistributionEmbedProfileStep
2023-07-17 06:16:12 +0000  Skipping profile for item: <IDEDistributionItem: 0x60001d124120; bundleID='org.cocoapods.Cosmos', path='<DVTFilePath:0x60001dc28930:'/Users/abservetech/Library/Developer/Xcode/Archives/2023-07-17/eLiift 17-07-23, 11.44 AM.xcarchive/Products/Applications/eLiift.app/Frameworks/Cosmos.framework'>', codeSigningInfo='<_DVTCodeSigningInformation_Path: 0x6000754a2fd0; isSigned='1', isAdHocSigned='0', signingCertificate='<DVTSigningCertificate: 0x6000083a0000; name='Apple Distribution: ABSERVETECH PRIVATE LIMITED (F6G9374LLZ)', hash='6E40B4C79DABAE5AE5961A2B18DA486AEC452F3C', serialNumber='5FC7B8D843904D447006DCCCE84B0656', certificateKinds='(
    "1.2.840.113635.100.6.1.7",
    "1.2.840.113635.100.6.1.4"
), issueDate='2022-11-14 09:25:49 +0000''>', entitlements='(null)', teamID='F6G9374LLZ', identifier='org.cocoapods.Cosmos', executablePath='<DVTFilePath:0x60001d1cd5c0:'/Users/abservetech/Library/Developer/Xcode/Archives/2023-07-17/eLiift 17-07-23, 11.44 AM.xcarchive/Products/Applications/eLiift.app/Frameworks/Cosmos.framework/Cosmos'>', hardenedRuntime='0'>'>
2023-07-17 06:16:12 +0000  Skipping profile for item: <IDEDistributionItem: 0x60001d1025e0; bundleID='org.cocoapods.CountryPickerView', path='<DVTFilePath:0x600011af6700:'/Users/abservetech/Library/Developer/Xcode/Archives/2023-07-17/eLiift 17-07-23, 11.44 AM.xcarchive/Products/Applications/eLiift.app/Frameworks/CountryPickerView.framework'>', codeSigningInfo='<_DVTCodeSigningInformation_Path: 0x6000754a2f80; isSigned='1', isAdHocSigned='0', signingCertificate='<DVTSigningCertificate: 0x6000083a0000; name='Apple Distribution: ABSERVETECH PRIVATE LIMITED (F6G9374LLZ)', hash='6E40B4C79DABAE5AE5961A2B18DA486AEC452F3C', serialNumber='5FC7B8D843904D447006DCCCE84B0656', certificateKinds='(
    "1.2.840.113635.100.6.1.7",
    "1.2.840.113635.100.6.1.4"
), issueDate='2022-11-14 09:25:49 +0000''>', entitlements='(null)', teamID='F6G9374LLZ', identifier='org.cocoapods.CountryPickerView', executablePath='<DVTFilePath:0x60001ddaf6b0:'/Users/abservetech/Library/Developer/Xcode/Archives/2023-07-17/eLiift 17-07-23, 11.44 AM.xcarchive/Products/Applications/eLiift.app/Frameworks/CountryPickerView.framework/CountryPickerView'>', hardenedRuntime='0'>'>
2023-07-17 06:16:12 +0000  Skipping profile for item: <IDEDistributionItem: 0x60001d12fe40; bundleID='org.cocoapods.DropDown', path='<DVTFilePath:0x60001dc47170:'/Users/abservetech/Library/Developer/Xcode/Archives/2023-07-17/eLiift 17-07-23, 11.44 AM.xcarchive/Products/Applications/eLiift.app/Frameworks/DropDown.framework'>', codeSigningInfo='<_DVTCodeSigningInformation_Path: 0x6000754b19f0; isSigned='1', isAdHocSigned='0', signingCertificate='<DVTSigningCertificate: 0x600004067d30; name='Apple Distribution: ABSERVETECH PRIVATE LIMITED (F6G9374LLZ)', hash='6E40B4C79DABAE5AE5961A2B18DA486AEC452F3C', serialNumber='5FC7B8D843904D447006DCCCE84B0656', certificateKinds='(
    "1.2.840.113635.100.6.1.7",
    "1.2.840.113635.100.6.1.4"
), issueDate='2022-11-14 09:25:49 +0000''>', entitlements='(null)', teamID='F6G9374LLZ', identifier='org.cocoapods.DropDown', executablePath='<DVTFilePath:0x60001dc56760:'/Users/abservetech/Library/Developer/Xcode/Archives/2023-07-17/eLiift 17-07-23, 11.44 AM.xcarchive/Products/Applications/eLiift.app/Frameworks/DropDown.framework/DropDown'>', hardenedRuntime='0'>'>
2023-07-17 06:16:12 +0000  Skipping profile for item: <IDEDistributionItem: 0x60001d124f00; bundleID='org.cocoapods.FBLPromises', path='<DVTFilePath:0x60001dc474f0:'/Users/abservetech/Library/Developer/Xcode/Archives/2023-07-17/eLiift 17-07-23, 11.44 AM.xcarchive/Products/Applications/eLiift.app/Frameworks/FBLPromises.framework'>', codeSigningInfo='<_DVTCodeSigningInformation_Path: 0x6000754a01e0; isSigned='1', isAdHocSigned='0', signingCertificate='<DVTSigningCertificate: 0x6000083a0000; name='Apple Distribution: ABSERVETECH PRIVATE LIMITED (F6G9374LLZ)', hash='6E40B4C79DABAE5AE5961A2B18DA486AEC452F3C', serialNumber='5FC7B8D843904D447006DCCCE84B0656', certificateKinds='(
    "1.2.840.113635.100.6.1.7",
    "1.2.840.113635.100.6.1.4"
), issueDate='2022-11-14 09:25:49 +0000''>', entitlements='(null)', teamID='F6G9374LLZ', identifier='org.cocoapods.FBLPromises', executablePath='<DVTFilePath:0x60001dd2cd90:'/Users/abservetech/Library/Developer/Xcode/Archives/2023-07-17/eLiift 17-07-23, 11.44 AM.xcarchive/Products/Applications/eLiift.app/Frameworks/FBLPromises.framework/FBLPromises'>', hardenedRuntime='0'>'>
2023-07-17 06:16:12 +0000  Skipping profile for item: <IDEDistributionItem: 0x60001d07af40; bundleID='org.cocoapods.FirebaseABTesting', path='<DVTFilePath:0x600011abd300:'/Users/abservetech/Library/Developer/Xcode/Archives/2023-07-17/eLiift 17-07-23, 11.44 AM.xcarchive/Products/Applications/eLiift.app/Frameworks/FirebaseABTesting.framework'>', codeSigningInfo='<_DVTCodeSigningInformation_Path: 0x6000757d53b0; isSigned='1', isAdHocSigned='0', signingCertificate='<DVTSigningCertificate: 0x6000083a0000; name='Apple Distribution: ABSERVETECH PRIVATE LIMITED (F6G9374LLZ)', hash='6E40B4C79DABAE5AE5961A2B18DA486AEC452F3C', serialNumber='5FC7B8D843904D447006DCCCE84B0656', certificateKinds='(
    "1.2.840.113635.100.6.1.7",
    "1.2.840.113635.100.6.1.4"
), issueDate='2022-11-14 09:25:49 +0000''>', entitlements='(null)', teamID='F6G9374LLZ', identifier='org.cocoapods.FirebaseABTesting', executablePath='<DVTFilePath:0x60001dd22fb0:'/Users/abservetech/Library/Developer/Xcode/Archives/2023-07-17/eLiift 17-07-23, 11.44 AM.xcarchive/Products/Applications/eLiift.app/Frameworks/FirebaseABTesting.framework/FirebaseABTesting'>', hardenedRuntime='0'>'>
2023-07-17 06:16:12 +0000  Skipping profile for item: <IDEDistributionItem: 0x60001d123d80; bundleID='org.cocoapods.FirebaseCore', path='<DVTFilePath:0x60001dc47aa0:'/Users/abservetech/Library/Developer/Xcode/Archives/2023-07-17/eLiift 17-07-23, 11.44 AM.xcarchive/Products/Applications/eLiift.app/Frameworks/FirebaseCore.framework'>', codeSigningInfo='<_DVTCodeSigningInformation_Path: 0x6000754ae670; isSigned='1', isAdHocSigned='0', signingCertificate='<DVTSigningCertificate: 0x6000083a0000; name='Apple Distribution: ABSERVETECH PRIVATE LIMITED (F6G9374LLZ)', hash='6E40B4C79DABAE5AE5961A2B18DA486AEC452F3C', serialNumber='5FC7B8D843904D447006DCCCE84B0656', certificateKinds='(
    "1.2.840.113635.100.6.1.7",
    "1.2.840.113635.100.6.1.4"
), issueDate='2022-11-14 09:25:49 +0000''>', entitlements='(null)', teamID='F6G9374LLZ', identifier='org.cocoapods.FirebaseCore', executablePath='<DVTFilePath:0x60001ddd7f70:'/Users/abservetech/Library/Developer/Xcode/Archives/2023-07-17/eLiift 17-07-23, 11.44 AM.xcarchive/Products/Applications/eLiift.app/Frameworks/FirebaseCore.framework/FirebaseCore'>', hardenedRuntime='0'>'>
2023-07-17 06:16:12 +0000  Skipping profile for item: <IDEDistributionItem: 0x60001d127060; bundleID='org.cocoapods.FirebaseCoreDiagnostics', path='<DVTFilePath:0x600011abd380:'/Users/abservetech/Library/Developer/Xcode/Archives/2023-07-17/eLiift 17-07-23, 11.44 AM.xcarchive/Products/Applications/eLiift.app/Frameworks/FirebaseCoreDiagnostics.framework'>', codeSigningInfo='<_DVTCodeSigningInformation_Path: 0x6000754e9400; isSigned='1', isAdHocSigned='0', signingCertificate='<DVTSigningCertificate: 0x6000083a0000; name='Apple Distribution: ABSERVETECH PRIVATE LIMITED (F6G9374LLZ)', hash='6E40B4C79DABAE5AE5961A2B18DA486AEC452F3C', serialNumber='5FC7B8D843904D447006DCCCE84B0656', certificateKinds='(
    "1.2.840.113635.100.6.1.7",
    "1.2.840.113635.100.6.1.4"
), issueDate='2022-11-14 09:25:49 +0000''>', entitlements='(null)', teamID='F6G9374LLZ', identifier='org.cocoapods.FirebaseCoreDiagnostics', executablePath='<DVTFilePath:0x60001dd228b0:'/Users/abservetech/Library/Developer/Xcode/Archives/2023-07-17/eLiift 17-07-23, 11.44 AM.xcarchive/Products/Applications/eLiift.app/Frameworks/FirebaseCoreDiagnostics.framework/FirebaseCoreDiagnostics'>', hardenedRuntime='0'>'>
2023-07-17 06:16:12 +0000  Skipping profile for item: <IDEDistributionItem: 0x60001d125500; bundleID='org.cocoapods.FirebaseDatabase', path='<DVTFilePath:0x600011abd400:'/Users/abservetech/Library/Developer/Xcode/Archives/2023-07-17/eLiift 17-07-23, 11.44 AM.xcarchive/Products/Applications/eLiift.app/Frameworks/FirebaseDatabase.framework'>', codeSigningInfo='<_DVTCodeSigningInformation_Path: 0x6000754a1b30; isSigned='1', isAdHocSigned='0', signingCertificate='<DVTSigningCertificate: 0x600004067d30; name='Apple Distribution: ABSERVETECH PRIVATE LIMITED (F6G9374LLZ)', hash='6E40B4C79DABAE5AE5961A2B18DA486AEC452F3C', serialNumber='5FC7B8D843904D447006DCCCE84B0656', certificateKinds='(
    "1.2.840.113635.100.6.1.7",
    "1.2.840.113635.100.6.1.4"
), issueDate='2022-11-14 09:25:49 +0000''>', entitlements='(null)', teamID='F6G9374LLZ', identifier='org.cocoapods.FirebaseDatabase', executablePath='<DVTFilePath:0x60001dda6300:'/Users/abservetech/Library/Developer/Xcode/Archives/2023-07-17/eLiift 17-07-23, 11.44 AM.xcarchive/Products/Applications/eLiift.app/Frameworks/FirebaseDatabase.framework/FirebaseDatabase'>', hardenedRuntime='0'>'>
2023-07-17 06:16:12 +0000  Skipping profile for item: <IDEDistributionItem: 0x60001d123a20; bundleID='org.cocoapods.FirebaseInstallations', path='<DVTFilePath:0x600011abd500:'/Users/abservetech/Library/Developer/Xcode/Archives/2023-07-17/eLiift 17-07-23, 11.44 AM.xcarchive/Products/Applications/eLiift.app/Frameworks/FirebaseInstallations.framework'>', codeSigningInfo='<_DVTCodeSigningInformation_Path: 0x6000754b1b80; isSigned='1', isAdHocSigned='0', signingCertificate='<DVTSigningCertificate: 0x6000083a0000; name='Apple Distribution: ABSERVETECH PRIVATE LIMITED (F6G9374LLZ)', hash='6E40B4C79DABAE5AE5961A2B18DA486AEC452F3C', serialNumber='5FC7B8D843904D447006DCCCE84B0656', certificateKinds='(
    "1.2.840.113635.100.6.1.7",
    "1.2.840.113635.100.6.1.4"
), issueDate='2022-11-14 09:25:49 +0000''>', entitlements='(null)', teamID='F6G9374LLZ', identifier='org.cocoapods.FirebaseInstallations', executablePath='<DVTFilePath:0x60001ddbd730:'/Users/abservetech/Library/Developer/Xcode/Archives/2023-07-17/eLiift 17-07-23, 11.44 AM.xcarchive/Products/Applications/eLiift.app/Frameworks/FirebaseInstallations.framework/FirebaseInstallations'>', hardenedRuntime='0'>'>
2023-07-17 06:16:12 +0000  Skipping profile for item: <IDEDistributionItem: 0x60001d07b420; bundleID='org.cocoapods.FirebaseMessaging', path='<DVTFilePath:0x600011abd580:'/Users/abservetech/Library/Developer/Xcode/Archives/2023-07-17/eLiift 17-07-23, 11.44 AM.xcarchive/Products/Applications/eLiift.app/Frameworks/FirebaseMessaging.framework'>', codeSigningInfo='<_DVTCodeSigningInformation_Path: 0x6000757a95e0; isSigned='1', isAdHocSigned='0', signingCertificate='<DVTSigningCertificate: 0x6000083a0000; name='Apple Distribution: ABSERVETECH PRIVATE LIMITED (F6G9374LLZ)', hash='6E40B4C79DABAE5AE5961A2B18DA486AEC452F3C', serialNumber='5FC7B8D843904D447006DCCCE84B0656', certificateKinds='(
    "1.2.840.113635.100.6.1.7",
    "1.2.840.113635.100.6.1.4"
), issueDate='2022-11-14 09:25:49 +0000''>', entitlements='(null)', teamID='F6G9374LLZ', identifier='org.cocoapods.FirebaseMessaging', executablePath='<DVTFilePath:0x60001dc542a0:'/Users/abservetech/Library/Developer/Xcode/Archives/2023-07-17/eLiift 17-07-23, 11.44 AM.xcarchive/Products/Applications/eLiift.app/Frameworks/FirebaseMessaging.framework/FirebaseMessaging'>', hardenedRuntime='0'>'>
2023-07-17 06:16:12 +0000  Skipping profile for item: <IDEDistributionItem: 0x60001d126160; bundleID='org.cocoapods.FirebaseRemoteConfig', path='<DVTFilePath:0x600011abd600:'/Users/abservetech/Library/Developer/Xcode/Archives/2023-07-17/eLiift 17-07-23, 11.44 AM.xcarchive/Products/Applications/eLiift.app/Frameworks/FirebaseRemoteConfig.framework'>', codeSigningInfo='<_DVTCodeSigningInformation_Path: 0x6000754a52c0; isSigned='1', isAdHocSigned='0', signingCertificate='<DVTSigningCertificate: 0x6000083a0000; name='Apple Distribution: ABSERVETECH PRIVATE LIMITED (F6G9374LLZ)', hash='6E40B4C79DABAE5AE5961A2B18DA486AEC452F3C', serialNumber='5FC7B8D843904D447006DCCCE84B0656', certificateKinds='(
    "1.2.840.113635.100.6.1.7",
    "1.2.840.113635.100.6.1.4"
), issueDate='2022-11-14 09:25:49 +0000''>', entitlements='(null)', teamID='F6G9374LLZ', identifier='org.cocoapods.FirebaseRemoteConfig', executablePath='<DVTFilePath:0x60001ddd4cb0:'/Users/abservetech/Library/Developer/Xcode/Archives/2023-07-17/eLiift 17-07-23, 11.44 AM.xcarchive/Products/Applications/eLiift.app/Frameworks/FirebaseRemoteConfig.framework/FirebaseRemoteConfig'>', hardenedRuntime='0'>'>
2023-07-17 06:16:12 +0000  Skipping profile for item: <IDEDistributionItem: 0x60001d07a100; bundleID='org.cocoapods.GeoFire', path='<DVTFilePath:0x60001dceff00:'/Users/abservetech/Library/Developer/Xcode/Archives/2023-07-17/eLiift 17-07-23, 11.44 AM.xcarchive/Products/Applications/eLiift.app/Frameworks/GeoFire.framework'>', codeSigningInfo='<_DVTCodeSigningInformation_Path: 0x6000754b30c0; isSigned='1', isAdHocSigned='0', signingCertificate='<DVTSigningCertificate: 0x6000083a0000; name='Apple Distribution: ABSERVETECH PRIVATE LIMITED (F6G9374LLZ)', hash='6E40B4C79DABAE5AE5961A2B18DA486AEC452F3C', serialNumber='5FC7B8D843904D447006DCCCE84B0656', certificateKinds='(
    "1.2.840.113635.100.6.1.7",
    "1.2.840.113635.100.6.1.4"
), issueDate='2022-11-14 09:25:49 +0000''>', entitlements='(null)', teamID='F6G9374LLZ', identifier='org.cocoapods.GeoFire', executablePath='<DVTFilePath:0x60001d10b480:'/Users/abservetech/Library/Developer/Xcode/Archives/2023-07-17/eLiift 17-07-23, 11.44 AM.xcarchive/Products/Applications/eLiift.app/Frameworks/GeoFire.framework/GeoFire'>', hardenedRuntime='0'>'>
2023-07-17 06:16:12 +0000  Skipping profile for item: <IDEDistributionItem: 0x60001d10a220; bundleID='org.cocoapods.GoogleDataTransport', path='<DVTFilePath:0x600011abd680:'/Users/abservetech/Library/Developer/Xcode/Archives/2023-07-17/eLiift 17-07-23, 11.44 AM.xcarchive/Products/Applications/eLiift.app/Frameworks/GoogleDataTransport.framework'>', codeSigningInfo='<_DVTCodeSigningInformation_Path: 0x6000754a2530; isSigned='1', isAdHocSigned='0', signingCertificate='<DVTSigningCertificate: 0x6000083a0000; name='Apple Distribution: ABSERVETECH PRIVATE LIMITED (F6G9374LLZ)', hash='6E40B4C79DABAE5AE5961A2B18DA486AEC452F3C', serialNumber='5FC7B8D843904D447006DCCCE84B0656', certificateKinds='(
    "1.2.840.113635.100.6.1.7",
    "1.2.840.113635.100.6.1.4"
), issueDate='2022-11-14 09:25:49 +0000''>', entitlements='(null)', teamID='F6G9374LLZ', identifier='org.cocoapods.GoogleDataTransport', executablePath='<DVTFilePath:0x60001ddcb870:'/Users/abservetech/Library/Developer/Xcode/Archives/2023-07-17/eLiift 17-07-23, 11.44 AM.xcarchive/Products/Applications/eLiift.app/Frameworks/GoogleDataTransport.framework/GoogleDataTransport'>', hardenedRuntime='0'>'>
2023-07-17 06:16:12 +0000  Skipping profile for item: <IDEDistributionItem: 0x60001d123120; bundleID='org.cocoapods.GoogleUtilities', path='<DVTFilePath:0x60000da86900:'/Users/abservetech/Library/Developer/Xcode/Archives/2023-07-17/eLiift 17-07-23, 11.44 AM.xcarchive/Products/Applications/eLiift.app/Frameworks/GoogleUtilities.framework'>', codeSigningInfo='<_DVTCodeSigningInformation_Path: 0x6000754a0b40; isSigned='1', isAdHocSigned='0', signingCertificate='<DVTSigningCertificate: 0x6000083a0000; name='Apple Distribution: ABSERVETECH PRIVATE LIMITED (F6G9374LLZ)', hash='6E40B4C79DABAE5AE5961A2B18DA486AEC452F3C', serialNumber='5FC7B8D843904D447006DCCCE84B0656', certificateKinds='(
    "1.2.840.113635.100.6.1.7",
    "1.2.840.113635.100.6.1.4"
), issueDate='2022-11-14 09:25:49 +0000''>', entitlements='(null)', teamID='F6G9374LLZ', identifier='org.cocoapods.GoogleUtilities', executablePath='<DVTFilePath:0x60001ddd1c70:'/Users/abservetech/Library/Developer/Xcode/Archives/2023-07-17/eLiift 17-07-23, 11.44 AM.xcarchive/Products/Applications/eLiift.app/Frameworks/GoogleUtilities.framework/GoogleUtilities'>', hardenedRuntime='0'>'>
2023-07-17 06:16:12 +0000  Skipping profile for item: <IDEDistributionItem: 0x60001d137f00; bundleID='org.cocoapods.IQKeyboardManagerSwift', path='<DVTFilePath:0x60000da85680:'/Users/abservetech/Library/Developer/Xcode/Archives/2023-07-17/eLiift 17-07-23, 11.44 AM.xcarchive/Products/Applications/eLiift.app/Frameworks/IQKeyboardManagerSwift.framework'>', codeSigningInfo='<_DVTCodeSigningInformation_Path: 0x6000754a2170; isSigned='1', isAdHocSigned='0', signingCertificate='<DVTSigningCertificate: 0x6000083a0000; name='Apple Distribution: ABSERVETECH PRIVATE LIMITED (F6G9374LLZ)', hash='6E40B4C79DABAE5AE5961A2B18DA486AEC452F3C', serialNumber='5FC7B8D843904D447006DCCCE84B0656', certificateKinds='(
    "1.2.840.113635.100.6.1.7",
    "1.2.840.113635.100.6.1.4"
), issueDate='2022-11-14 09:25:49 +0000''>', entitlements='(null)', teamID='F6G9374LLZ', identifier='org.cocoapods.IQKeyboardManagerSwift', executablePath='<DVTFilePath:0x60001dc57f70:'/Users/abservetech/Library/Developer/Xcode/Archives/2023-07-17/eLiift 17-07-23, 11.44 AM.xcarchive/Products/Applications/eLiift.app/Frameworks/IQKeyboardManagerSwift.framework/IQKeyboardManagerSwift'>', hardenedRuntime='0'>'>
2023-07-17 06:16:12 +0000  Skipping profile for item: <IDEDistributionItem: 0x60001d125080; bundleID='org.cocoapods.JWTDecode', path='<DVTFilePath:0x600011f2ed80:'/Users/abservetech/Library/Developer/Xcode/Archives/2023-07-17/eLiift 17-07-23, 11.44 AM.xcarchive/Products/Applications/eLiift.app/Frameworks/JWTDecode.framework'>', codeSigningInfo='<_DVTCodeSigningInformation_Path: 0x6000754b23f0; isSigned='1', isAdHocSigned='0', signingCertificate='<DVTSigningCertificate: 0x6000083a0000; name='Apple Distribution: ABSERVETECH PRIVATE LIMITED (F6G9374LLZ)', hash='6E40B4C79DABAE5AE5961A2B18DA486AEC452F3C', serialNumber='5FC7B8D843904D447006DCCCE84B0656', certificateKinds='(
    "1.2.840.113635.100.6.1.7",
    "1.2.840.113635.100.6.1.4"
), issueDate='2022-11-14 09:25:49 +0000''>', entitlements='(null)', teamID='F6G9374LLZ', identifier='org.cocoapods.JWTDecode', executablePath='<DVTFilePath:0x60001dd37560:'/Users/abservetech/Library/Developer/Xcode/Archives/2023-07-17/eLiift 17-07-23, 11.44 AM.xcarchive/Products/Applications/eLiift.app/Frameworks/JWTDecode.framework/JWTDecode'>', hardenedRuntime='0'>'>
2023-07-17 06:16:12 +0000  Skipping profile for item: <IDEDistributionItem: 0x60001d04d380; bundleID='org.cocoapods.Kingfisher', path='<DVTFilePath:0x600011f2e7d0:'/Users/abservetech/Library/Developer/Xcode/Archives/2023-07-17/eLiift 17-07-23, 11.44 AM.xcarchive/Products/Applications/eLiift.app/Frameworks/Kingfisher.framework'>', codeSigningInfo='<_DVTCodeSigningInformation_Path: 0x6000754ae8a0; isSigned='1', isAdHocSigned='0', signingCertificate='<DVTSigningCertificate: 0x6000083a0000; name='Apple Distribution: ABSERVETECH PRIVATE LIMITED (F6G9374LLZ)', hash='6E40B4C79DABAE5AE5961A2B18DA486AEC452F3C', serialNumber='5FC7B8D843904D447006DCCCE84B0656', certificateKinds='(
    "1.2.840.113635.100.6.1.7",
    "1.2.840.113635.100.6.1.4"
), issueDate='2022-11-14 09:25:49 +0000''>', entitlements='(null)', teamID='F6G9374LLZ', identifier='org.cocoapods.Kingfisher', executablePath='<DVTFilePath:0x60001dd30d20:'/Users/abservetech/Library/Developer/Xcode/Archives/2023-07-17/eLiift 17-07-23, 11.44 AM.xcarchive/Products/Applications/eLiift.app/Frameworks/Kingfisher.framework/Kingfisher'>', hardenedRuntime='0'>'>
2023-07-17 06:16:12 +0000  Skipping profile for item: <IDEDistributionItem: 0x60001d13d7a0; bundleID='org.cocoapods.Lottie', path='<DVTFilePath:0x600011f2c850:'/Users/abservetech/Library/Developer/Xcode/Archives/2023-07-17/eLiift 17-07-23, 11.44 AM.xcarchive/Products/Applications/eLiift.app/Frameworks/Lottie.framework'>', codeSigningInfo='<_DVTCodeSigningInformation_Path: 0x6000754a0960; isSigned='1', isAdHocSigned='0', signingCertificate='<DVTSigningCertificate: 0x600004014e70; name='Apple Distribution: ABSERVETECH PRIVATE LIMITED (F6G9374LLZ)', hash='6E40B4C79DABAE5AE5961A2B18DA486AEC452F3C', serialNumber='5FC7B8D843904D447006DCCCE84B0656', certificateKinds='(
    "1.2.840.113635.100.6.1.7",
    "1.2.840.113635.100.6.1.4"
), issueDate='2022-11-14 09:25:49 +0000''>', entitlements='(null)', teamID='F6G9374LLZ', identifier='org.cocoapods.Lottie', executablePath='<DVTFilePath:0x60001d10fa80:'/Users/abservetech/Library/Developer/Xcode/Archives/2023-07-17/eLiift 17-07-23, 11.44 AM.xcarchive/Products/Applications/eLiift.app/Frameworks/Lottie.framework/Lottie'>', hardenedRuntime='0'>'>
2023-07-17 06:16:12 +0000  Skipping profile for item: <IDEDistributionItem: 0x60001d123840; bundleID='org.cocoapods.MarqueeLabel', path='<DVTFilePath:0x600011f2e990:'/Users/abservetech/Library/Developer/Xcode/Archives/2023-07-17/eLiift 17-07-23, 11.44 AM.xcarchive/Products/Applications/eLiift.app/Frameworks/MarqueeLabel.framework'>', codeSigningInfo='<_DVTCodeSigningInformation_Path: 0x6000754a0a50; isSigned='1', isAdHocSigned='0', signingCertificate='<DVTSigningCertificate: 0x600004014e70; name='Apple Distribution: ABSERVETECH PRIVATE LIMITED (F6G9374LLZ)', hash='6E40B4C79DABAE5AE5961A2B18DA486AEC452F3C', serialNumber='5FC7B8D843904D447006DCCCE84B0656', certificateKinds='(
    "1.2.840.113635.100.6.1.7",
    "1.2.840.113635.100.6.1.4"
), issueDate='2022-11-14 09:25:49 +0000''>', entitlements='(null)', teamID='F6G9374LLZ', identifier='org.cocoapods.MarqueeLabel', executablePath='<DVTFilePath:0x60001dd35b20:'/Users/abservetech/Library/Developer/Xcode/Archives/2023-07-17/eLiift 17-07-23, 11.44 AM.xcarchive/Products/Applications/eLiift.app/Frameworks/MarqueeLabel.framework/MarqueeLabel'>', hardenedRuntime='0'>'>
2023-07-17 06:16:12 +0000  Skipping profile for item: <IDEDistributionItem: 0x60001d04ab80; bundleID='org.cocoapods.PINCache', path='<DVTFilePath:0x60001dc9a530:'/Users/abservetech/Library/Developer/Xcode/Archives/2023-07-17/eLiift 17-07-23, 11.44 AM.xcarchive/Products/Applications/eLiift.app/Frameworks/PINCache.framework'>', codeSigningInfo='<_DVTCodeSigningInformation_Path: 0x6000754b0500; isSigned='1', isAdHocSigned='0', signingCertificate='<DVTSigningCertificate: 0x600004067d30; name='Apple Distribution: ABSERVETECH PRIVATE LIMITED (F6G9374LLZ)', hash='6E40B4C79DABAE5AE5961A2B18DA486AEC452F3C', serialNumber='5FC7B8D843904D447006DCCCE84B0656', certificateKinds='(
    "1.2.840.113635.100.6.1.7",
    "1.2.840.113635.100.6.1.4"
), issueDate='2022-11-14 09:25:49 +0000''>', entitlements='(null)', teamID='F6G9374LLZ', identifier='org.cocoapods.PINCache', executablePath='<DVTFilePath:0x60001dd0e450:'/Users/abservetech/Library/Developer/Xcode/Archives/2023-07-17/eLiift 17-07-23, 11.44 AM.xcarchive/Products/Applications/eLiift.app/Frameworks/PINCache.framework/PINCache'>', hardenedRuntime='0'>'>
2023-07-17 06:16:12 +0000  Skipping profile for item: <IDEDistributionItem: 0x60001d12fde0; bundleID='org.cocoapods.PINOperation', path='<DVTFilePath:0x60001dc80d90:'/Users/abservetech/Library/Developer/Xcode/Archives/2023-07-17/eLiift 17-07-23, 11.44 AM.xcarchive/Products/Applications/eLiift.app/Frameworks/PINOperation.framework'>', codeSigningInfo='<_DVTCodeSigningInformation_Path: 0x6000754acdc0; isSigned='1', isAdHocSigned='0', signingCertificate='<DVTSigningCertificate: 0x600004014e70; name='Apple Distribution: ABSERVETECH PRIVATE LIMITED (F6G9374LLZ)', hash='6E40B4C79DABAE5AE5961A2B18DA486AEC452F3C', serialNumber='5FC7B8D843904D447006DCCCE84B0656', certificateKinds='(
    "1.2.840.113635.100.6.1.7",
    "1.2.840.113635.100.6.1.4"
), issueDate='2022-11-14 09:25:49 +0000''>', entitlements='(null)', teamID='F6G9374LLZ', identifier='org.cocoapods.PINOperation', executablePath='<DVTFilePath:0x60001dd31b20:'/Users/abservetech/Library/Developer/Xcode/Archives/2023-07-17/eLiift 17-07-23, 11.44 AM.xcarchive/Products/Applications/eLiift.app/Frameworks/PINOperation.framework/PINOperation'>', hardenedRuntime='0'>'>
2023-07-17 06:16:12 +0000  Skipping profile for item: <IDEDistributionItem: 0x60001d10e160; bundleID='org.cocoapods.PINRemoteImage', path='<DVTFilePath:0x600011abd480:'/Users/abservetech/Library/Developer/Xcode/Archives/2023-07-17/eLiift 17-07-23, 11.44 AM.xcarchive/Products/Applications/eLiift.app/Frameworks/PINRemoteImage.framework'>', codeSigningInfo='<_DVTCodeSigningInformation_Path: 0x6000754a08c0; isSigned='1', isAdHocSigned='0', signingCertificate='<DVTSigningCertificate: 0x6000083a0000; name='Apple Distribution: ABSERVETECH PRIVATE LIMITED (F6G9374LLZ)', hash='6E40B4C79DABAE5AE5961A2B18DA486AEC452F3C', serialNumber='5FC7B8D843904D447006DCCCE84B0656', certificateKinds='(
    "1.2.840.113635.100.6.1.7",
    "1.2.840.113635.100.6.1.4"
), issueDate='2022-11-14 09:25:49 +0000''>', entitlements='(null)', teamID='F6G9374LLZ', identifier='org.cocoapods.PINRemoteImage', executablePath='<DVTFilePath:0x60001dd33950:'/Users/abservetech/Library/Developer/Xcode/Archives/2023-07-17/eLiift 17-07-23, 11.44 AM.xcarchive/Products/Applications/eLiift.app/Frameworks/PINRemoteImage.framework/PINRemoteImage'>', hardenedRuntime='0'>'>
2023-07-17 06:16:12 +0000  Skipping profile for item: <IDEDistributionItem: 0x60001d127e40; bundleID='com.razorpay.CheckoutOtpelf', path='<DVTFilePath:0x600011f2dff0:'/Users/abservetech/Library/Developer/Xcode/Archives/2023-07-17/eLiift 17-07-23, 11.44 AM.xcarchive/Products/Applications/eLiift.app/Frameworks/Razorpay.framework'>', codeSigningInfo='<_DVTCodeSigningInformation_Path: 0x6000754a2350; isSigned='1', isAdHocSigned='0', signingCertificate='<DVTSigningCertificate: 0x6000083a0000; name='Apple Distribution: ABSERVETECH PRIVATE LIMITED (F6G9374LLZ)', hash='6E40B4C79DABAE5AE5961A2B18DA486AEC452F3C', serialNumber='5FC7B8D843904D447006DCCCE84B0656', certificateKinds='(
    "1.2.840.113635.100.6.1.7",
    "1.2.840.113635.100.6.1.4"
), issueDate='2022-11-14 09:25:49 +0000''>', entitlements='(null)', teamID='F6G9374LLZ', identifier='com.razorpay.CheckoutOtpelf', executablePath='<DVTFilePath:0x60001ddc0540:'/Users/abservetech/Library/Developer/Xcode/Archives/2023-07-17/eLiift 17-07-23, 11.44 AM.xcarchive/Products/Applications/eLiift.app/Frameworks/Razorpay.framework/Razorpay'>', hardenedRuntime='0'>'>
2023-07-17 06:16:12 +0000  Skipping profile for item: <IDEDistributionItem: 0x60001d10cfc0; bundleID='org.cocoapods.RxCocoa', path='<DVTFilePath:0x600011f29810:'/Users/abservetech/Library/Developer/Xcode/Archives/2023-07-17/eLiift 17-07-23, 11.44 AM.xcarchive/Products/Applications/eLiift.app/Frameworks/RxCocoa.framework'>', codeSigningInfo='<_DVTCodeSigningInformation_Path: 0x6000754b1db0; isSigned='1', isAdHocSigned='0', signingCertificate='<DVTSigningCertificate: 0x600004014e70; name='Apple Distribution: ABSERVETECH PRIVATE LIMITED (F6G9374LLZ)', hash='6E40B4C79DABAE5AE5961A2B18DA486AEC452F3C', serialNumber='5FC7B8D843904D447006DCCCE84B0656', certificateKinds='(
    "1.2.840.113635.100.6.1.7",
    "1.2.840.113635.100.6.1.4"
), issueDate='2022-11-14 09:25:49 +0000''>', entitlements='(null)', teamID='F6G9374LLZ', identifier='org.cocoapods.RxCocoa', executablePath='<DVTFilePath:0x60001d1df5a0:'/Users/abservetech/Library/Developer/Xcode/Archives/2023-07-17/eLiift 17-07-23, 11.44 AM.xcarchive/Products/Applications/eLiift.app/Frameworks/RxCocoa.framework/RxCocoa'>', hardenedRuntime='0'>'>
2023-07-17 06:16:12 +0000  Skipping profile for item: <IDEDistributionItem: 0x60001d10f780; bundleID='org.cocoapods.RxRelay', path='<DVTFilePath:0x600011f2bc60:'/Users/abservetech/Library/Developer/Xcode/Archives/2023-07-17/eLiift 17-07-23, 11.44 AM.xcarchive/Products/Applications/eLiift.app/Frameworks/RxRelay.framework'>', codeSigningInfo='<_DVTCodeSigningInformation_Path: 0x6000754a0820; isSigned='1', isAdHocSigned='0', signingCertificate='<DVTSigningCertificate: 0x6000083a0000; name='Apple Distribution: ABSERVETECH PRIVATE LIMITED (F6G9374LLZ)', hash='6E40B4C79DABAE5AE5961A2B18DA486AEC452F3C', serialNumber='5FC7B8D843904D447006DCCCE84B0656', certificateKinds='(
    "1.2.840.113635.100.6.1.7",
    "1.2.840.113635.100.6.1.4"
), issueDate='2022-11-14 09:25:49 +0000''>', entitlements='(null)', teamID='F6G9374LLZ', identifier='org.cocoapods.RxRelay', executablePath='<DVTFilePath:0x60001d1d5aa0:'/Users/abservetech/Library/Developer/Xcode/Archives/2023-07-17/eLiift 17-07-23, 11.44 AM.xcarchive/Products/Applications/eLiift.app/Frameworks/RxRelay.framework/RxRelay'>', hardenedRuntime='0'>'>
2023-07-17 06:16:12 +0000  Skipping profile for item: <IDEDistributionItem: 0x60001d13d5c0; bundleID='org.cocoapods.RxSwift', path='<DVTFilePath:0x60001dc80540:'/Users/abservetech/Library/Developer/Xcode/Archives/2023-07-17/eLiift 17-07-23, 11.44 AM.xcarchive/Products/Applications/eLiift.app/Frameworks/RxSwift.framework'>', codeSigningInfo='<_DVTCodeSigningInformation_Path: 0x6000754aea80; isSigned='1', isAdHocSigned='0', signingCertificate='<DVTSigningCertificate: 0x6000083a0000; name='Apple Distribution: ABSERVETECH PRIVATE LIMITED (F6G9374LLZ)', hash='6E40B4C79DABAE5AE5961A2B18DA486AEC452F3C', serialNumber='5FC7B8D843904D447006DCCCE84B0656', certificateKinds='(
    "1.2.840.113635.100.6.1.7",
    "1.2.840.113635.100.6.1.4"
), issueDate='2022-11-14 09:25:49 +0000''>', entitlements='(null)', teamID='F6G9374LLZ', identifier='org.cocoapods.RxSwift', executablePath='<DVTFilePath:0x60001d1e05a0:'/Users/abservetech/Library/Developer/Xcode/Archives/2023-07-17/eLiift 17-07-23, 11.44 AM.xcarchive/Products/Applications/eLiift.app/Frameworks/RxSwift.framework/RxSwift'>', hardenedRuntime='0'>'>
2023-07-17 06:16:12 +0000  Skipping profile for item: <IDEDistributionItem: 0x60001d077c00; bundleID='org.cocoapods.SideMenuSwift', path='<DVTFilePath:0x60001dc825a0:'/Users/abservetech/Library/Developer/Xcode/Archives/2023-07-17/eLiift 17-07-23, 11.44 AM.xcarchive/Products/Applications/eLiift.app/Frameworks/SideMenuSwift.framework'>', codeSigningInfo='<_DVTCodeSigningInformation_Path: 0x600075757a70; isSigned='1', isAdHocSigned='0', signingCertificate='<DVTSigningCertificate: 0x6000083a0000; name='Apple Distribution: ABSERVETECH PRIVATE LIMITED (F6G9374LLZ)', hash='6E40B4C79DABAE5AE5961A2B18DA486AEC452F3C', serialNumber='5FC7B8D843904D447006DCCCE84B0656', certificateKinds='(
    "1.2.840.113635.100.6.1.7",
    "1.2.840.113635.100.6.1.4"
), issueDate='2022-11-14 09:25:49 +0000''>', entitlements='(null)', teamID='F6G9374LLZ', identifier='org.cocoapods.SideMenuSwift', executablePath='<DVTFilePath:0x60001dd89340:'/Users/abservetech/Library/Developer/Xcode/Archives/2023-07-17/eLiift 17-07-23, 11.44 AM.xcarchive/Products/Applications/eLiift.app/Frameworks/SideMenuSwift.framework/SideMenuSwift'>', hardenedRuntime='0'>'>
2023-07-17 06:16:12 +0000  Skipping profile for item: <IDEDistributionItem: 0x60001d048720; bundleID='org.cocoapods.SkyFloatingLabelTextField', path='<DVTFilePath:0x60000da84c00:'/Users/abservetech/Library/Developer/Xcode/Archives/2023-07-17/eLiift 17-07-23, 11.44 AM.xcarchive/Products/Applications/eLiift.app/Frameworks/SkyFloatingLabelTextField.framework'>', codeSigningInfo='<_DVTCodeSigningInformation_Path: 0x600075757520; isSigned='1', isAdHocSigned='0', signingCertificate='<DVTSigningCertificate: 0x6000083a0000; name='Apple Distribution: ABSERVETECH PRIVATE LIMITED (F6G9374LLZ)', hash='6E40B4C79DABAE5AE5961A2B18DA486AEC452F3C', serialNumber='5FC7B8D843904D447006DCCCE84B0656', certificateKinds='(
    "1.2.840.113635.100.6.1.7",
    "1.2.840.113635.100.6.1.4"
), issueDate='2022-11-14 09:25:49 +0000''>', entitlements='(null)', teamID='F6G9374LLZ', identifier='org.cocoapods.SkyFloatingLabelTextField', executablePath='<DVTFilePath:0x60000da80f00:'/Users/abservetech/Library/Developer/Xcode/Archives/2023-07-17/eLiift 17-07-23, 11.44 AM.xcarchive/Products/Applications/eLiift.app/Frameworks/SkyFloatingLabelTextField.framework/SkyFloatingLabelTextField'>', hardenedRuntime='0'>'>
2023-07-17 06:16:12 +0000  Skipping profile for item: <IDEDistributionItem: 0x60001d121aa0; bundleID='org.cocoapods.SocketIO', path='<DVTFilePath:0x60001dc8e450:'/Users/abservetech/Library/Developer/Xcode/Archives/2023-07-17/eLiift 17-07-23, 11.44 AM.xcarchive/Products/Applications/eLiift.app/Frameworks/SocketIO.framework'>', codeSigningInfo='<_DVTCodeSigningInformation_Path: 0x6000754a1630; isSigned='1', isAdHocSigned='0', signingCertificate='<DVTSigningCertificate: 0x6000083a0000; name='Apple Distribution: ABSERVETECH PRIVATE LIMITED (F6G9374LLZ)', hash='6E40B4C79DABAE5AE5961A2B18DA486AEC452F3C', serialNumber='5FC7B8D843904D447006DCCCE84B0656', certificateKinds='(
    "1.2.840.113635.100.6.1.7",
    "1.2.840.113635.100.6.1.4"
), issueDate='2022-11-14 09:25:49 +0000''>', entitlements='(null)', teamID='F6G9374LLZ', identifier='org.cocoapods.SocketIO', executablePath='<DVTFilePath:0x60001dd828b0:'/Users/abservetech/Library/Developer/Xcode/Archives/2023-07-17/eLiift 17-07-23, 11.44 AM.xcarchive/Products/Applications/eLiift.app/Frameworks/SocketIO.framework/SocketIO'>', hardenedRuntime='0'>'>
2023-07-17 06:16:12 +0000  Skipping profile for item: <IDEDistributionItem: 0x60001d124a80; bundleID='org.cocoapods.StarscreamSocketIO', path='<DVTFilePath:0x600009a8fb00:'/Users/abservetech/Library/Developer/Xcode/Archives/2023-07-17/eLiift 17-07-23, 11.44 AM.xcarchive/Products/Applications/eLiift.app/Frameworks/StarscreamSocketIO.framework'>', codeSigningInfo='<_DVTCodeSigningInformation_Path: 0x6000754a3570; isSigned='1', isAdHocSigned='0', signingCertificate='<DVTSigningCertificate: 0x600004014e70; name='Apple Distribution: ABSERVETECH PRIVATE LIMITED (F6G9374LLZ)', hash='6E40B4C79DABAE5AE5961A2B18DA486AEC452F3C', serialNumber='5FC7B8D843904D447006DCCCE84B0656', certificateKinds='(
    "1.2.840.113635.100.6.1.7",
    "1.2.840.113635.100.6.1.4"
), issueDate='2022-11-14 09:25:49 +0000''>', entitlements='(null)', teamID='F6G9374LLZ', identifier='org.cocoapods.StarscreamSocketIO', executablePath='<DVTFilePath:0x60001dd37870:'/Users/abservetech/Library/Developer/Xcode/Archives/2023-07-17/eLiift 17-07-23, 11.44 AM.xcarchive/Products/Applications/eLiift.app/Frameworks/StarscreamSocketIO.framework/StarscreamSocketIO'>', hardenedRuntime='0'>'>
2023-07-17 06:16:12 +0000  Skipping profile for item: <IDEDistributionItem: 0x60001d120000; bundleID='org.cocoapods.StepSlider', path='<DVTFilePath:0x60001dc438e0:'/Users/abservetech/Library/Developer/Xcode/Archives/2023-07-17/eLiift 17-07-23, 11.44 AM.xcarchive/Products/Applications/eLiift.app/Frameworks/StepSlider.framework'>', codeSigningInfo='<_DVTCodeSigningInformation_Path: 0x6000754ac6e0; isSigned='1', isAdHocSigned='0', signingCertificate='<DVTSigningCertificate: 0x6000083a0000; name='Apple Distribution: ABSERVETECH PRIVATE LIMITED (F6G9374LLZ)', hash='6E40B4C79DABAE5AE5961A2B18DA486AEC452F3C', serialNumber='5FC7B8D843904D447006DCCCE84B0656', certificateKinds='(
    "1.2.840.113635.100.6.1.7",
    "1.2.840.113635.100.6.1.4"
), issueDate='2022-11-14 09:25:49 +0000''>', entitlements='(null)', teamID='F6G9374LLZ', identifier='org.cocoapods.StepSlider', executablePath='<DVTFilePath:0x600011f2efb0:'/Users/abservetech/Library/Developer/Xcode/Archives/2023-07-17/eLiift 17-07-23, 11.44 AM.xcarchive/Products/Applications/eLiift.app/Frameworks/StepSlider.framework/StepSlider'>', hardenedRuntime='0'>'>
2023-07-17 06:16:12 +0000  Skipping profile for item: <IDEDistributionItem: 0x60001d10fcc0; bundleID='org.cocoapods.Stripe', path='<DVTFilePath:0x60001dc8ad10:'/Users/abservetech/Library/Developer/Xcode/Archives/2023-07-17/eLiift 17-07-23, 11.44 AM.xcarchive/Products/Applications/eLiift.app/Frameworks/Stripe.framework'>', codeSigningInfo='<_DVTCodeSigningInformation_Path: 0x6000754e63f0; isSigned='1', isAdHocSigned='0', signingCertificate='<DVTSigningCertificate: 0x6000083a0000; name='Apple Distribution: ABSERVETECH PRIVATE LIMITED (F6G9374LLZ)', hash='6E40B4C79DABAE5AE5961A2B18DA486AEC452F3C', serialNumber='5FC7B8D843904D447006DCCCE84B0656', certificateKinds='(
    "1.2.840.113635.100.6.1.7",
    "1.2.840.113635.100.6.1.4"
), issueDate='2022-11-14 09:25:49 +0000''>', entitlements='(null)', teamID='F6G9374LLZ', identifier='org.cocoapods.Stripe', executablePath='<DVTFilePath:0x60001d10fae0:'/Users/abservetech/Library/Developer/Xcode/Archives/2023-07-17/eLiift 17-07-23, 11.44 AM.xcarchive/Products/Applications/eLiift.app/Frameworks/Stripe.framework/Stripe'>', hardenedRuntime='0'>'>
2023-07-17 06:16:12 +0000  Skipping profile for item: <IDEDistributionItem: 0x60001d12c4e0; bundleID='org.cocoapods.SwiftEventBus', path='<DVTFilePath:0x600011f22990:'/Users/abservetech/Library/Developer/Xcode/Archives/2023-07-17/eLiift 17-07-23, 11.44 AM.xcarchive/Products/Applications/eLiift.app/Frameworks/SwiftEventBus.framework'>', codeSigningInfo='<_DVTCodeSigningInformation_Path: 0x6000754aeb70; isSigned='1', isAdHocSigned='0', signingCertificate='<DVTSigningCertificate: 0x6000083a0000; name='Apple Distribution: ABSERVETECH PRIVATE LIMITED (F6G9374LLZ)', hash='6E40B4C79DABAE5AE5961A2B18DA486AEC452F3C', serialNumber='5FC7B8D843904D447006DCCCE84B0656', certificateKinds='(
    "1.2.840.113635.100.6.1.7",
    "1.2.840.113635.100.6.1.4"
), issueDate='2022-11-14 09:25:49 +0000''>', entitlements='(null)', teamID='F6G9374LLZ', identifier='org.cocoapods.SwiftEventBus', executablePath='<DVTFilePath:0x60001dd2fcd0:'/Users/abservetech/Library/Developer/Xcode/Archives/2023-07-17/eLiift 17-07-23, 11.44 AM.xcarchive/Products/Applications/eLiift.app/Frameworks/SwiftEventBus.framework/SwiftEventBus'>', hardenedRuntime='0'>'>
2023-07-17 06:16:12 +0000  Skipping profile for item: <IDEDistributionItem: 0x60001d075f80; bundleID='org.cocoapods.SwiftyJSON', path='<DVTFilePath:0x60001dc59030:'/Users/abservetech/Library/Developer/Xcode/Archives/2023-07-17/eLiift 17-07-23, 11.44 AM.xcarchive/Products/Applications/eLiift.app/Frameworks/SwiftyJSON.framework'>', codeSigningInfo='<_DVTCodeSigningInformation_Path: 0x6000754b0870; isSigned='1', isAdHocSigned='0', signingCertificate='<DVTSigningCertificate: 0x6000083a0000; name='Apple Distribution: ABSERVETECH PRIVATE LIMITED (F6G9374LLZ)', hash='6E40B4C79DABAE5AE5961A2B18DA486AEC452F3C', serialNumber='5FC7B8D843904D447006DCCCE84B0656', certificateKinds='(
    "1.2.840.113635.100.6.1.7",
    "1.2.840.113635.100.6.1.4"
), issueDate='2022-11-14 09:25:49 +0000''>', entitlements='(null)', teamID='F6G9374LLZ', identifier='org.cocoapods.SwiftyJSON', executablePath='<DVTFilePath:0x60001ddc7f70:'/Users/abservetech/Library/Developer/Xcode/Archives/2023-07-17/eLiift 17-07-23, 11.44 AM.xcarchive/Products/Applications/eLiift.app/Frameworks/SwiftyJSON.framework/SwiftyJSON'>', hardenedRuntime='0'>'>
2023-07-17 06:16:12 +0000  Skipping profile for item: <IDEDistributionItem: 0x60001d077780; bundleID='org.cocoapods.leveldb', path='<DVTFilePath:0x600011f2ea00:'/Users/abservetech/Library/Developer/Xcode/Archives/2023-07-17/eLiift 17-07-23, 11.44 AM.xcarchive/Products/Applications/eLiift.app/Frameworks/leveldb.framework'>', codeSigningInfo='<_DVTCodeSigningInformation_Path: 0x600075757570; isSigned='1', isAdHocSigned='0', signingCertificate='<DVTSigningCertificate: 0x6000083a0000; name='Apple Distribution: ABSERVETECH PRIVATE LIMITED (F6G9374LLZ)', hash='6E40B4C79DABAE5AE5961A2B18DA486AEC452F3C', serialNumber='5FC7B8D843904D447006DCCCE84B0656', certificateKinds='(
    "1.2.840.113635.100.6.1.7",
    "1.2.840.113635.100.6.1.4"
), issueDate='2022-11-14 09:25:49 +0000''>', entitlements='(null)', teamID='F6G9374LLZ', identifier='org.cocoapods.leveldb', executablePath='<DVTFilePath:0x60001d04c960:'/Users/abservetech/Library/Developer/Xcode/Archives/2023-07-17/eLiift 17-07-23, 11.44 AM.xcarchive/Products/Applications/eLiift.app/Frameworks/leveldb.framework/leveldb'>', hardenedRuntime='0'>'>
2023-07-17 06:16:12 +0000  Skipping profile for item: <IDEDistributionItem: 0x60001d10d740; bundleID='com.apple.dt.runtime.swiftConcurrency', path='<DVTFilePath:0x600011a57d80:'/Users/abservetech/Library/Developer/Xcode/Archives/2023-07-17/eLiift 17-07-23, 11.44 AM.xcarchive/Products/Applications/eLiift.app/Frameworks/libswift_Concurrency.dylib'>', codeSigningInfo='<_DVTCodeSigningInformation_Path: 0x6000754e6170; isSigned='1', isAdHocSigned='0', signingCertificate='<DVTSigningCertificate: 0x6000083a0000; name='Apple Distribution: ABSERVETECH PRIVATE LIMITED (F6G9374LLZ)', hash='6E40B4C79DABAE5AE5961A2B18DA486AEC452F3C', serialNumber='5FC7B8D843904D447006DCCCE84B0656', certificateKinds='(
    "1.2.840.113635.100.6.1.7",
    "1.2.840.113635.100.6.1.4"
), issueDate='2022-11-14 09:25:49 +0000''>', entitlements='(null)', teamID='F6G9374LLZ', identifier='com.apple.dt.runtime.swiftConcurrency', executablePath='<DVTFilePath:0x600011a57d80:'/Users/abservetech/Library/Developer/Xcode/Archives/2023-07-17/eLiift 17-07-23, 11.44 AM.xcarchive/Products/Applications/eLiift.app/Frameworks/libswift_Concurrency.dylib'>', hardenedRuntime='0'>'>
2023-07-17 06:16:12 +0000  Skipping profile for item: <IDEDistributionItem: 0x60001d1dfb40; bundleID='org.cocoapods.nanopb', path='<DVTFilePath:0x60001dc90700:'/Users/abservetech/Library/Developer/Xcode/Archives/2023-07-17/eLiift 17-07-23, 11.44 AM.xcarchive/Products/Applications/eLiift.app/Frameworks/nanopb.framework'>', codeSigningInfo='<_DVTCodeSigningInformation_Path: 0x6000754b2300; isSigned='1', isAdHocSigned='0', signingCertificate='<DVTSigningCertificate: 0x6000083a0000; name='Apple Distribution: ABSERVETECH PRIVATE LIMITED (F6G9374LLZ)', hash='6E40B4C79DABAE5AE5961A2B18DA486AEC452F3C', serialNumber='5FC7B8D843904D447006DCCCE84B0656', certificateKinds='(
    "1.2.840.113635.100.6.1.7",
    "1.2.840.113635.100.6.1.4"
), issueDate='2022-11-14 09:25:49 +0000''>', entitlements='(null)', teamID='F6G9374LLZ', identifier='org.cocoapods.nanopb', executablePath='<DVTFilePath:0x6000190b8ea0:'/Users/abservetech/Library/Developer/Xcode/Archives/2023-07-17/eLiift 17-07-23, 11.44 AM.xcarchive/Products/Applications/eLiift.app/Frameworks/nanopb.framework/nanopb'>', hardenedRuntime='0'>'>
2023-07-17 06:16:12 +0000  Processing step: IDEDistributionInfoPlistStep
2023-07-17 06:16:12 +0000  Skipping step: IDEDistributionInfoPlistStep because it said so
2023-07-17 06:16:12 +0000  Skipping step: IDEDistributionInfoPlistStep because it said so
2023-07-17 06:16:12 +0000  Skipping step: IDEDistributionInfoPlistStep because it said so
2023-07-17 06:16:12 +0000  Skipping step: IDEDistributionInfoPlistStep because it said so
2023-07-17 06:16:12 +0000  Skipping step: IDEDistributionInfoPlistStep because it said so
2023-07-17 06:16:12 +0000  Skipping step: IDEDistributionInfoPlistStep because it said so
2023-07-17 06:16:12 +0000  Skipping step: IDEDistributionInfoPlistStep because it said so
2023-07-17 06:16:12 +0000  Skipping step: IDEDistributionInfoPlistStep because it said so
2023-07-17 06:16:12 +0000  Skipping step: IDEDistributionInfoPlistStep because it said so
2023-07-17 06:16:12 +0000  Skipping step: IDEDistributionInfoPlistStep because it said so
2023-07-17 06:16:12 +0000  Skipping step: IDEDistributionInfoPlistStep because it said so
2023-07-17 06:16:12 +0000  Skipping step: IDEDistributionInfoPlistStep because it said so
2023-07-17 06:16:12 +0000  Skipping step: IDEDistributionInfoPlistStep because it said so
2023-07-17 06:16:12 +0000  Skipping step: IDEDistributionInfoPlistStep because it said so
2023-07-17 06:16:12 +0000  Skipping step: IDEDistributionInfoPlistStep because it said so
2023-07-17 06:16:12 +0000  Skipping step: IDEDistributionInfoPlistStep because it said so
2023-07-17 06:16:12 +0000  Skipping step: IDEDistributionInfoPlistStep because it said so
2023-07-17 06:16:12 +0000  Skipping step: IDEDistributionInfoPlistStep because it said so
2023-07-17 06:16:12 +0000  Skipping step: IDEDistributionInfoPlistStep because it said so
2023-07-17 06:16:12 +0000  Skipping step: IDEDistributionInfoPlistStep because it said so
2023-07-17 06:16:12 +0000  Skipping step: IDEDistributionInfoPlistStep because it said so
2023-07-17 06:16:12 +0000  Skipping step: IDEDistributionInfoPlistStep because it said so
2023-07-17 06:16:12 +0000  Skipping step: IDEDistributionInfoPlistStep because it said so
2023-07-17 06:16:12 +0000  Skipping step: IDEDistributionInfoPlistStep because it said so
2023-07-17 06:16:12 +0000  Skipping step: IDEDistributionInfoPlistStep because it said so
2023-07-17 06:16:12 +0000  Skipping step: IDEDistributionInfoPlistStep because it said so
2023-07-17 06:16:12 +0000  Skipping step: IDEDistributionInfoPlistStep because it said so
2023-07-17 06:16:12 +0000  Skipping step: IDEDistributionInfoPlistStep because it said so
2023-07-17 06:16:12 +0000  Skipping step: IDEDistributionInfoPlistStep because it said so
2023-07-17 06:16:12 +0000  Skipping step: IDEDistributionInfoPlistStep because it said so
2023-07-17 06:16:12 +0000  Skipping step: IDEDistributionInfoPlistStep because it said so
2023-07-17 06:16:12 +0000  Skipping step: IDEDistributionInfoPlistStep because it said so
2023-07-17 06:16:12 +0000  Skipping step: IDEDistributionInfoPlistStep because it said so
2023-07-17 06:16:12 +0000  Skipping step: IDEDistributionInfoPlistStep because it said so
2023-07-17 06:16:12 +0000  Skipping step: IDEDistributionInfoPlistStep because it said so
2023-07-17 06:16:12 +0000  Skipping step: IDEDistributionInfoPlistStep because it said so
2023-07-17 06:16:12 +0000  Skipping step: IDEDistributionInfoPlistStep because it said so
2023-07-17 06:16:12 +0000  Skipping step: IDEDistributionInfoPlistStep because it said so
2023-07-17 06:16:12 +0000  Processing step: IDEDistributionAppThinningPlistStep
2023-07-17 06:16:12 +0000  Processing step: IDEDistributionCompileBitcodeStep
2023-07-17 06:16:12 +0000  Skipping step: IDEDistributionCompileBitcodeStep because it said so
2023-07-17 06:16:12 +0000  Processing step: IDEDistributionCodeSlimmingStep
2023-07-17 06:16:12 +0000  Running /Applications/Xcode.app/Contents/Developer/Toolchains/XcodeDefault.xctoolchain/usr/bin/bitcode_strip '/var/folders/jk/cq_68h790_s6pqybtrp646840000gn/T/XcodeDistPipeline.~~~AFayZA/Root/Payload/eLiift.app/Frameworks/Razorpay.framework/Razorpay' '-r' '-keep_cs' '-o' '/var/folders/jk/cq_68h790_s6pqybtrp646840000gn/T/XcodeDistPipeline.~~~AFayZA/Root/Payload/eLiift.app/Frameworks/Razorpay.framework/Razorpay'
2023-07-17 06:16:12 +0000  /Applications/Xcode.app/Contents/Developer/Toolchains/XcodeDefault.xctoolchain/usr/bin/bitcode_strip exited with 0
2023-07-17 06:16:12 +0000  Processing step: IDEDistributionCopyBCSymbolMapsStep
2023-07-17 06:16:12 +0000  Skipping step: IDEDistributionCopyBCSymbolMapsStep because it said so
2023-07-17 06:16:12 +0000  Skipping step: IDEDistributionCopyBCSymbolMapsStep because it said so
2023-07-17 06:16:12 +0000  Skipping step: IDEDistributionCopyBCSymbolMapsStep because it said so
2023-07-17 06:16:12 +0000  Skipping step: IDEDistributionCopyBCSymbolMapsStep because it said so
2023-07-17 06:16:12 +0000  Skipping step: IDEDistributionCopyBCSymbolMapsStep because it said so
2023-07-17 06:16:12 +0000  Skipping step: IDEDistributionCopyBCSymbolMapsStep because it said so
2023-07-17 06:16:12 +0000  Skipping step: IDEDistributionCopyBCSymbolMapsStep because it said so
2023-07-17 06:16:12 +0000  Skipping step: IDEDistributionCopyBCSymbolMapsStep because it said so
2023-07-17 06:16:12 +0000  Skipping step: IDEDistributionCopyBCSymbolMapsStep because it said so
2023-07-17 06:16:12 +0000  Skipping step: IDEDistributionCopyBCSymbolMapsStep because it said so
2023-07-17 06:16:12 +0000  Skipping step: IDEDistributionCopyBCSymbolMapsStep because it said so
2023-07-17 06:16:12 +0000  Skipping step: IDEDistributionCopyBCSymbolMapsStep because it said so
2023-07-17 06:16:12 +0000  Skipping step: IDEDistributionCopyBCSymbolMapsStep because it said so
2023-07-17 06:16:12 +0000  Skipping step: IDEDistributionCopyBCSymbolMapsStep because it said so
2023-07-17 06:16:12 +0000  Skipping step: IDEDistributionCopyBCSymbolMapsStep because it said so
2023-07-17 06:16:12 +0000  Skipping step: IDEDistributionCopyBCSymbolMapsStep because it said so
2023-07-17 06:16:12 +0000  Skipping step: IDEDistributionCopyBCSymbolMapsStep because it said so
2023-07-17 06:16:12 +0000  Skipping step: IDEDistributionCopyBCSymbolMapsStep because it said so
2023-07-17 06:16:12 +0000  Skipping step: IDEDistributionCopyBCSymbolMapsStep because it said so
2023-07-17 06:16:12 +0000  Skipping step: IDEDistributionCopyBCSymbolMapsStep because it said so
2023-07-17 06:16:12 +0000  Skipping step: IDEDistributionCopyBCSymbolMapsStep because it said so
2023-07-17 06:16:12 +0000  Skipping step: IDEDistributionCopyBCSymbolMapsStep because it said so
2023-07-17 06:16:12 +0000  Skipping step: IDEDistributionCopyBCSymbolMapsStep because it said so
2023-07-17 06:16:12 +0000  Skipping step: IDEDistributionCopyBCSymbolMapsStep because it said so
2023-07-17 06:16:12 +0000  Skipping step: IDEDistributionCopyBCSymbolMapsStep because it said so
2023-07-17 06:16:12 +0000  Skipping step: IDEDistributionCopyBCSymbolMapsStep because it said so
2023-07-17 06:16:12 +0000  Skipping step: IDEDistributionCopyBCSymbolMapsStep because it said so
2023-07-17 06:16:12 +0000  Skipping step: IDEDistributionCopyBCSymbolMapsStep because it said so
2023-07-17 06:16:12 +0000  Skipping step: IDEDistributionCopyBCSymbolMapsStep because it said so
2023-07-17 06:16:12 +0000  Skipping step: IDEDistributionCopyBCSymbolMapsStep because it said so
2023-07-17 06:16:12 +0000  Skipping step: IDEDistributionCopyBCSymbolMapsStep because it said so
2023-07-17 06:16:12 +0000  Skipping step: IDEDistributionCopyBCSymbolMapsStep because it said so
2023-07-17 06:16:12 +0000  Skipping step: IDEDistributionCopyBCSymbolMapsStep because it said so
2023-07-17 06:16:12 +0000  Skipping step: IDEDistributionCopyBCSymbolMapsStep because it said so
2023-07-17 06:16:12 +0000  Skipping step: IDEDistributionCopyBCSymbolMapsStep because it said so
2023-07-17 06:16:12 +0000  Skipping step: IDEDistributionCopyBCSymbolMapsStep because it said so
2023-07-17 06:16:12 +0000  Skipping step: IDEDistributionCopyBCSymbolMapsStep because it said so
2023-07-17 06:16:12 +0000  Skipping step: IDEDistributionCopyBCSymbolMapsStep because it said so
2023-07-17 06:16:12 +0000  Processing step: IDEDistributionSymbolsStep
2023-07-17 06:16:12 +0000  Skipping step: IDEDistributionSymbolsStep because it said so
2023-07-17 06:16:12 +0000  Skipping step: IDEDistributionSymbolsStep because it said so
2023-07-17 06:16:12 +0000  Skipping step: IDEDistributionSymbolsStep because it said so
2023-07-17 06:16:12 +0000  Skipping step: IDEDistributionSymbolsStep because it said so
2023-07-17 06:16:12 +0000  Skipping step: IDEDistributionSymbolsStep because it said so
2023-07-17 06:16:12 +0000  Skipping step: IDEDistributionSymbolsStep because it said so
2023-07-17 06:16:12 +0000  Skipping step: IDEDistributionSymbolsStep because it said so
2023-07-17 06:16:12 +0000  Skipping step: IDEDistributionSymbolsStep because it said so
2023-07-17 06:16:12 +0000  Skipping step: IDEDistributionSymbolsStep because it said so
2023-07-17 06:16:12 +0000  Skipping step: IDEDistributionSymbolsStep because it said so
2023-07-17 06:16:12 +0000  Skipping step: IDEDistributionSymbolsStep because it said so
2023-07-17 06:16:12 +0000  Skipping step: IDEDistributionSymbolsStep because it said so
2023-07-17 06:16:12 +0000  Skipping step: IDEDistributionSymbolsStep because it said so
2023-07-17 06:16:12 +0000  Skipping step: IDEDistributionSymbolsStep because it said so
2023-07-17 06:16:12 +0000  Skipping step: IDEDistributionSymbolsStep because it said so
2023-07-17 06:16:12 +0000  Skipping step: IDEDistributionSymbolsStep because it said so
2023-07-17 06:16:12 +0000  Skipping step: IDEDistributionSymbolsStep because it said so
2023-07-17 06:16:12 +0000  Skipping step: IDEDistributionSymbolsStep because it said so
2023-07-17 06:16:12 +0000  Skipping step: IDEDistributionSymbolsStep because it said so
2023-07-17 06:16:12 +0000  Skipping step: IDEDistributionSymbolsStep because it said so
2023-07-17 06:16:12 +0000  Skipping step: IDEDistributionSymbolsStep because it said so
2023-07-17 06:16:12 +0000  Skipping step: IDEDistributionSymbolsStep because it said so
2023-07-17 06:16:12 +0000  Skipping step: IDEDistributionSymbolsStep because it said so
2023-07-17 06:16:12 +0000  Skipping step: IDEDistributionSymbolsStep because it said so
2023-07-17 06:16:12 +0000  Skipping step: IDEDistributionSymbolsStep because it said so
2023-07-17 06:16:12 +0000  Skipping step: IDEDistributionSymbolsStep because it said so
2023-07-17 06:16:12 +0000  Skipping step: IDEDistributionSymbolsStep because it said so
2023-07-17 06:16:12 +0000  Skipping step: IDEDistributionSymbolsStep because it said so
2023-07-17 06:16:12 +0000  Skipping step: IDEDistributionSymbolsStep because it said so
2023-07-17 06:16:12 +0000  Skipping step: IDEDistributionSymbolsStep because it said so
2023-07-17 06:16:12 +0000  Skipping step: IDEDistributionSymbolsStep because it said so
2023-07-17 06:16:12 +0000  Skipping step: IDEDistributionSymbolsStep because it said so
2023-07-17 06:16:12 +0000  Skipping step: IDEDistributionSymbolsStep because it said so
2023-07-17 06:16:12 +0000  Skipping step: IDEDistributionSymbolsStep because it said so
2023-07-17 06:16:12 +0000  Skipping step: IDEDistributionSymbolsStep because it said so
2023-07-17 06:16:12 +0000  Skipping step: IDEDistributionSymbolsStep because it said so
2023-07-17 06:16:12 +0000  Skipping step: IDEDistributionSymbolsStep because it said so
2023-07-17 06:16:12 +0000  Skipping step: IDEDistributionSymbolsStep because it said so
2023-07-17 06:16:12 +0000  Processing step: IDEDistributionAppThinningStep
2023-07-17 06:16:12 +0000  Skipping step: IDEDistributionAppThinningStep because it said so
2023-07-17 06:16:12 +0000  Processing step: IDEDistributionArchThinningStep
2023-07-17 06:16:12 +0000  Running /Applications/Xcode.app/Contents/Developer/Toolchains/XcodeDefault.xctoolchain/usr/bin/lipo '/var/folders/jk/cq_68h790_s6pqybtrp646840000gn/T/XcodeDistPipeline.~~~AFayZA/Root/Payload/eLiift.app/Frameworks/Cosmos.framework/Cosmos' '-verify_arch' 'arm64e'
2023-07-17 06:16:12 +0000  /Applications/Xcode.app/Contents/Developer/Toolchains/XcodeDefault.xctoolchain/usr/bin/lipo exited with 1
2023-07-17 06:16:12 +0000  Skipping architecture thinning for item "Cosmos" because arch "arm64e" wasn't found
2023-07-17 06:16:12 +0000  Running /Applications/Xcode.app/Contents/Developer/Toolchains/XcodeDefault.xctoolchain/usr/bin/lipo '/var/folders/jk/cq_68h790_s6pqybtrp646840000gn/T/XcodeDistPipeline.~~~AFayZA/Root/Payload/eLiift.app/Frameworks/CountryPickerView.framework/CountryPickerView' '-verify_arch' 'arm64e'
2023-07-17 06:16:12 +0000  /Applications/Xcode.app/Contents/Developer/Toolchains/XcodeDefault.xctoolchain/usr/bin/lipo exited with 1
2023-07-17 06:16:12 +0000  Skipping architecture thinning for item "CountryPickerView" because arch "arm64e" wasn't found
2023-07-17 06:16:12 +0000  Running /Applications/Xcode.app/Contents/Developer/Toolchains/XcodeDefault.xctoolchain/usr/bin/lipo '/var/folders/jk/cq_68h790_s6pqybtrp646840000gn/T/XcodeDistPipeline.~~~AFayZA/Root/Payload/eLiift.app/Frameworks/DropDown.framework/DropDown' '-verify_arch' 'arm64e'
2023-07-17 06:16:12 +0000  /Applications/Xcode.app/Contents/Developer/Toolchains/XcodeDefault.xctoolchain/usr/bin/lipo exited with 1
2023-07-17 06:16:12 +0000  Skipping architecture thinning for item "DropDown" because arch "arm64e" wasn't found
2023-07-17 06:16:12 +0000  Running /Applications/Xcode.app/Contents/Developer/Toolchains/XcodeDefault.xctoolchain/usr/bin/lipo '/var/folders/jk/cq_68h790_s6pqybtrp646840000gn/T/XcodeDistPipeline.~~~AFayZA/Root/Payload/eLiift.app/Frameworks/FBLPromises.framework/FBLPromises' '-verify_arch' 'arm64e'
2023-07-17 06:16:12 +0000  /Applications/Xcode.app/Contents/Developer/Toolchains/XcodeDefault.xctoolchain/usr/bin/lipo exited with 1
2023-07-17 06:16:12 +0000  Skipping architecture thinning for item "FBLPromises" because arch "arm64e" wasn't found
2023-07-17 06:16:12 +0000  Running /Applications/Xcode.app/Contents/Developer/Toolchains/XcodeDefault.xctoolchain/usr/bin/lipo '/var/folders/jk/cq_68h790_s6pqybtrp646840000gn/T/XcodeDistPipeline.~~~AFayZA/Root/Payload/eLiift.app/Frameworks/FirebaseABTesting.framework/FirebaseABTesting' '-verify_arch' 'arm64e'
2023-07-17 06:16:12 +0000  /Applications/Xcode.app/Contents/Developer/Toolchains/XcodeDefault.xctoolchain/usr/bin/lipo exited with 1
2023-07-17 06:16:12 +0000  Skipping architecture thinning for item "FirebaseABTesting" because arch "arm64e" wasn't found
2023-07-17 06:16:12 +0000  Running /Applications/Xcode.app/Contents/Developer/Toolchains/XcodeDefault.xctoolchain/usr/bin/lipo '/var/folders/jk/cq_68h790_s6pqybtrp646840000gn/T/XcodeDistPipeline.~~~AFayZA/Root/Payload/eLiift.app/Frameworks/FirebaseCore.framework/FirebaseCore' '-verify_arch' 'arm64e'
2023-07-17 06:16:12 +0000  /Applications/Xcode.app/Contents/Developer/Toolchains/XcodeDefault.xctoolchain/usr/bin/lipo exited with 1
2023-07-17 06:16:12 +0000  Skipping architecture thinning for item "FirebaseCore" because arch "arm64e" wasn't found
2023-07-17 06:16:12 +0000  Running /Applications/Xcode.app/Contents/Developer/Toolchains/XcodeDefault.xctoolchain/usr/bin/lipo '/var/folders/jk/cq_68h790_s6pqybtrp646840000gn/T/XcodeDistPipeline.~~~AFayZA/Root/Payload/eLiift.app/Frameworks/FirebaseCoreDiagnostics.framework/FirebaseCoreDiagnostics' '-verify_arch' 'arm64e'
2023-07-17 06:16:12 +0000  /Applications/Xcode.app/Contents/Developer/Toolchains/XcodeDefault.xctoolchain/usr/bin/lipo exited with 1
2023-07-17 06:16:12 +0000  Skipping architecture thinning for item "FirebaseCoreDiagnostics" because arch "arm64e" wasn't found
2023-07-17 06:16:12 +0000  Running /Applications/Xcode.app/Contents/Developer/Toolchains/XcodeDefault.xctoolchain/usr/bin/lipo '/var/folders/jk/cq_68h790_s6pqybtrp646840000gn/T/XcodeDistPipeline.~~~AFayZA/Root/Payload/eLiift.app/Frameworks/FirebaseDatabase.framework/FirebaseDatabase' '-verify_arch' 'arm64e'
2023-07-17 06:16:12 +0000  /Applications/Xcode.app/Contents/Developer/Toolchains/XcodeDefault.xctoolchain/usr/bin/lipo exited with 1
2023-07-17 06:16:12 +0000  Skipping architecture thinning for item "FirebaseDatabase" because arch "arm64e" wasn't found
2023-07-17 06:16:12 +0000  Running /Applications/Xcode.app/Contents/Developer/Toolchains/XcodeDefault.xctoolchain/usr/bin/lipo '/var/folders/jk/cq_68h790_s6pqybtrp646840000gn/T/XcodeDistPipeline.~~~AFayZA/Root/Payload/eLiift.app/Frameworks/FirebaseInstallations.framework/FirebaseInstallations' '-verify_arch' 'arm64e'
2023-07-17 06:16:12 +0000  /Applications/Xcode.app/Contents/Developer/Toolchains/XcodeDefault.xctoolchain/usr/bin/lipo exited with 1
2023-07-17 06:16:12 +0000  Skipping architecture thinning for item "FirebaseInstallations" because arch "arm64e" wasn't found
2023-07-17 06:16:12 +0000  Running /Applications/Xcode.app/Contents/Developer/Toolchains/XcodeDefault.xctoolchain/usr/bin/lipo '/var/folders/jk/cq_68h790_s6pqybtrp646840000gn/T/XcodeDistPipeline.~~~AFayZA/Root/Payload/eLiift.app/Frameworks/FirebaseMessaging.framework/FirebaseMessaging' '-verify_arch' 'arm64e'
2023-07-17 06:16:12 +0000  /Applications/Xcode.app/Contents/Developer/Toolchains/XcodeDefault.xctoolchain/usr/bin/lipo exited with 1
2023-07-17 06:16:12 +0000  Skipping architecture thinning for item "FirebaseMessaging" because arch "arm64e" wasn't found
2023-07-17 06:16:12 +0000  Running /Applications/Xcode.app/Contents/Developer/Toolchains/XcodeDefault.xctoolchain/usr/bin/lipo '/var/folders/jk/cq_68h790_s6pqybtrp646840000gn/T/XcodeDistPipeline.~~~AFayZA/Root/Payload/eLiift.app/Frameworks/FirebaseRemoteConfig.framework/FirebaseRemoteConfig' '-verify_arch' 'arm64e'
2023-07-17 06:16:12 +0000  /Applications/Xcode.app/Contents/Developer/Toolchains/XcodeDefault.xctoolchain/usr/bin/lipo exited with 1
2023-07-17 06:16:12 +0000  Skipping architecture thinning for item "FirebaseRemoteConfig" because arch "arm64e" wasn't found
2023-07-17 06:16:12 +0000  Running /Applications/Xcode.app/Contents/Developer/Toolchains/XcodeDefault.xctoolchain/usr/bin/lipo '/var/folders/jk/cq_68h790_s6pqybtrp646840000gn/T/XcodeDistPipeline.~~~AFayZA/Root/Payload/eLiift.app/Frameworks/GeoFire.framework/GeoFire' '-verify_arch' 'arm64e'
2023-07-17 06:16:12 +0000  /Applications/Xcode.app/Contents/Developer/Toolchains/XcodeDefault.xctoolchain/usr/bin/lipo exited with 1
2023-07-17 06:16:12 +0000  Skipping architecture thinning for item "GeoFire" because arch "arm64e" wasn't found
2023-07-17 06:16:12 +0000  Running /Applications/Xcode.app/Contents/Developer/Toolchains/XcodeDefault.xctoolchain/usr/bin/lipo '/var/folders/jk/cq_68h790_s6pqybtrp646840000gn/T/XcodeDistPipeline.~~~AFayZA/Root/Payload/eLiift.app/Frameworks/GoogleDataTransport.framework/GoogleDataTransport' '-verify_arch' 'arm64e'
2023-07-17 06:16:12 +0000  /Applications/Xcode.app/Contents/Developer/Toolchains/XcodeDefault.xctoolchain/usr/bin/lipo exited with 1
2023-07-17 06:16:12 +0000  Skipping architecture thinning for item "GoogleDataTransport" because arch "arm64e" wasn't found
2023-07-17 06:16:12 +0000  Running /Applications/Xcode.app/Contents/Developer/Toolchains/XcodeDefault.xctoolchain/usr/bin/lipo '/var/folders/jk/cq_68h790_s6pqybtrp646840000gn/T/XcodeDistPipeline.~~~AFayZA/Root/Payload/eLiift.app/Frameworks/GoogleUtilities.framework/GoogleUtilities' '-verify_arch' 'arm64e'
2023-07-17 06:16:12 +0000  /Applications/Xcode.app/Contents/Developer/Toolchains/XcodeDefault.xctoolchain/usr/bin/lipo exited with 1
2023-07-17 06:16:12 +0000  Skipping architecture thinning for item "GoogleUtilities" because arch "arm64e" wasn't found
2023-07-17 06:16:12 +0000  Running /Applications/Xcode.app/Contents/Developer/Toolchains/XcodeDefault.xctoolchain/usr/bin/lipo '/var/folders/jk/cq_68h790_s6pqybtrp646840000gn/T/XcodeDistPipeline.~~~AFayZA/Root/Payload/eLiift.app/Frameworks/IQKeyboardManagerSwift.framework/IQKeyboardManagerSwift' '-verify_arch' 'arm64e'
2023-07-17 06:16:12 +0000  /Applications/Xcode.app/Contents/Developer/Toolchains/XcodeDefault.xctoolchain/usr/bin/lipo exited with 1
2023-07-17 06:16:12 +0000  Skipping architecture thinning for item "IQKeyboardManagerSwift" because arch "arm64e" wasn't found
2023-07-17 06:16:12 +0000  Running /Applications/Xcode.app/Contents/Developer/Toolchains/XcodeDefault.xctoolchain/usr/bin/lipo '/var/folders/jk/cq_68h790_s6pqybtrp646840000gn/T/XcodeDistPipeline.~~~AFayZA/Root/Payload/eLiift.app/Frameworks/JWTDecode.framework/JWTDecode' '-verify_arch' 'arm64e'
2023-07-17 06:16:12 +0000  /Applications/Xcode.app/Contents/Developer/Toolchains/XcodeDefault.xctoolchain/usr/bin/lipo exited with 1
2023-07-17 06:16:12 +0000  Skipping architecture thinning for item "JWTDecode" because arch "arm64e" wasn't found
2023-07-17 06:16:12 +0000  Running /Applications/Xcode.app/Contents/Developer/Toolchains/XcodeDefault.xctoolchain/usr/bin/lipo '/var/folders/jk/cq_68h790_s6pqybtrp646840000gn/T/XcodeDistPipeline.~~~AFayZA/Root/Payload/eLiift.app/Frameworks/Kingfisher.framework/Kingfisher' '-verify_arch' 'arm64e'
2023-07-17 06:16:12 +0000  /Applications/Xcode.app/Contents/Developer/Toolchains/XcodeDefault.xctoolchain/usr/bin/lipo exited with 1
2023-07-17 06:16:12 +0000  Skipping architecture thinning for item "Kingfisher" because arch "arm64e" wasn't found
2023-07-17 06:16:12 +0000  Running /Applications/Xcode.app/Contents/Developer/Toolchains/XcodeDefault.xctoolchain/usr/bin/lipo '/var/folders/jk/cq_68h790_s6pqybtrp646840000gn/T/XcodeDistPipeline.~~~AFayZA/Root/Payload/eLiift.app/Frameworks/Lottie.framework/Lottie' '-verify_arch' 'arm64e'
2023-07-17 06:16:12 +0000  /Applications/Xcode.app/Contents/Developer/Toolchains/XcodeDefault.xctoolchain/usr/bin/lipo exited with 1
2023-07-17 06:16:12 +0000  Skipping architecture thinning for item "Lottie" because arch "arm64e" wasn't found
2023-07-17 06:16:12 +0000  Running /Applications/Xcode.app/Contents/Developer/Toolchains/XcodeDefault.xctoolchain/usr/bin/lipo '/var/folders/jk/cq_68h790_s6pqybtrp646840000gn/T/XcodeDistPipeline.~~~AFayZA/Root/Payload/eLiift.app/Frameworks/MarqueeLabel.framework/MarqueeLabel' '-verify_arch' 'arm64e'
2023-07-17 06:16:12 +0000  /Applications/Xcode.app/Contents/Developer/Toolchains/XcodeDefault.xctoolchain/usr/bin/lipo exited with 1
2023-07-17 06:16:12 +0000  Skipping architecture thinning for item "MarqueeLabel" because arch "arm64e" wasn't found
2023-07-17 06:16:12 +0000  Running /Applications/Xcode.app/Contents/Developer/Toolchains/XcodeDefault.xctoolchain/usr/bin/lipo '/var/folders/jk/cq_68h790_s6pqybtrp646840000gn/T/XcodeDistPipeline.~~~AFayZA/Root/Payload/eLiift.app/Frameworks/PINCache.framework/PINCache' '-verify_arch' 'arm64e'
2023-07-17 06:16:12 +0000  /Applications/Xcode.app/Contents/Developer/Toolchains/XcodeDefault.xctoolchain/usr/bin/lipo exited with 1
2023-07-17 06:16:12 +0000  Skipping architecture thinning for item "PINCache" because arch "arm64e" wasn't found
2023-07-17 06:16:12 +0000  Running /Applications/Xcode.app/Contents/Developer/Toolchains/XcodeDefault.xctoolchain/usr/bin/lipo '/var/folders/jk/cq_68h790_s6pqybtrp646840000gn/T/XcodeDistPipeline.~~~AFayZA/Root/Payload/eLiift.app/Frameworks/PINOperation.framework/PINOperation' '-verify_arch' 'arm64e'
2023-07-17 06:16:12 +0000  /Applications/Xcode.app/Contents/Developer/Toolchains/XcodeDefault.xctoolchain/usr/bin/lipo exited with 1
2023-07-17 06:16:12 +0000  Skipping architecture thinning for item "PINOperation" because arch "arm64e" wasn't found
2023-07-17 06:16:12 +0000  Running /Applications/Xcode.app/Contents/Developer/Toolchains/XcodeDefault.xctoolchain/usr/bin/lipo '/var/folders/jk/cq_68h790_s6pqybtrp646840000gn/T/XcodeDistPipeline.~~~AFayZA/Root/Payload/eLiift.app/Frameworks/PINRemoteImage.framework/PINRemoteImage' '-verify_arch' 'arm64e'
2023-07-17 06:16:12 +0000  /Applications/Xcode.app/Contents/Developer/Toolchains/XcodeDefault.xctoolchain/usr/bin/lipo exited with 1
2023-07-17 06:16:12 +0000  Skipping architecture thinning for item "PINRemoteImage" because arch "arm64e" wasn't found
2023-07-17 06:16:12 +0000  Running /Applications/Xcode.app/Contents/Developer/Toolchains/XcodeDefault.xctoolchain/usr/bin/lipo '/var/folders/jk/cq_68h790_s6pqybtrp646840000gn/T/XcodeDistPipeline.~~~AFayZA/Root/Payload/eLiift.app/Frameworks/Razorpay.framework/Razorpay' '-verify_arch' 'arm64e'
2023-07-17 06:16:12 +0000  /Applications/Xcode.app/Contents/Developer/Toolchains/XcodeDefault.xctoolchain/usr/bin/lipo exited with 1
2023-07-17 06:16:12 +0000  Skipping architecture thinning for item "Razorpay" because arch "arm64e" wasn't found
2023-07-17 06:16:12 +0000  Running /Applications/Xcode.app/Contents/Developer/Toolchains/XcodeDefault.xctoolchain/usr/bin/lipo '/var/folders/jk/cq_68h790_s6pqybtrp646840000gn/T/XcodeDistPipeline.~~~AFayZA/Root/Payload/eLiift.app/Frameworks/RxCocoa.framework/RxCocoa' '-verify_arch' 'arm64e'
2023-07-17 06:16:12 +0000  /Applications/Xcode.app/Contents/Developer/Toolchains/XcodeDefault.xctoolchain/usr/bin/lipo exited with 1
2023-07-17 06:16:12 +0000  Skipping architecture thinning for item "RxCocoa" because arch "arm64e" wasn't found
2023-07-17 06:16:12 +0000  Running /Applications/Xcode.app/Contents/Developer/Toolchains/XcodeDefault.xctoolchain/usr/bin/lipo '/var/folders/jk/cq_68h790_s6pqybtrp646840000gn/T/XcodeDistPipeline.~~~AFayZA/Root/Payload/eLiift.app/Frameworks/RxRelay.framework/RxRelay' '-verify_arch' 'arm64e'
2023-07-17 06:16:12 +0000  /Applications/Xcode.app/Contents/Developer/Toolchains/XcodeDefault.xctoolchain/usr/bin/lipo exited with 1
2023-07-17 06:16:12 +0000  Skipping architecture thinning for item "RxRelay" because arch "arm64e" wasn't found
2023-07-17 06:16:12 +0000  Running /Applications/Xcode.app/Contents/Developer/Toolchains/XcodeDefault.xctoolchain/usr/bin/lipo '/var/folders/jk/cq_68h790_s6pqybtrp646840000gn/T/XcodeDistPipeline.~~~AFayZA/Root/Payload/eLiift.app/Frameworks/RxSwift.framework/RxSwift' '-verify_arch' 'arm64e'
2023-07-17 06:16:12 +0000  /Applications/Xcode.app/Contents/Developer/Toolchains/XcodeDefault.xctoolchain/usr/bin/lipo exited with 1
2023-07-17 06:16:12 +0000  Skipping architecture thinning for item "RxSwift" because arch "arm64e" wasn't found
2023-07-17 06:16:12 +0000  Running /Applications/Xcode.app/Contents/Developer/Toolchains/XcodeDefault.xctoolchain/usr/bin/lipo '/var/folders/jk/cq_68h790_s6pqybtrp646840000gn/T/XcodeDistPipeline.~~~AFayZA/Root/Payload/eLiift.app/Frameworks/SideMenuSwift.framework/SideMenuSwift' '-verify_arch' 'arm64e'
2023-07-17 06:16:12 +0000  /Applications/Xcode.app/Contents/Developer/Toolchains/XcodeDefault.xctoolchain/usr/bin/lipo exited with 1
2023-07-17 06:16:12 +0000  Skipping architecture thinning for item "SideMenuSwift" because arch "arm64e" wasn't found
2023-07-17 06:16:12 +0000  Running /Applications/Xcode.app/Contents/Developer/Toolchains/XcodeDefault.xctoolchain/usr/bin/lipo '/var/folders/jk/cq_68h790_s6pqybtrp646840000gn/T/XcodeDistPipeline.~~~AFayZA/Root/Payload/eLiift.app/Frameworks/SkyFloatingLabelTextField.framework/SkyFloatingLabelTextField' '-verify_arch' 'arm64e'
2023-07-17 06:16:12 +0000  /Applications/Xcode.app/Contents/Developer/Toolchains/XcodeDefault.xctoolchain/usr/bin/lipo exited with 1
2023-07-17 06:16:12 +0000  Skipping architecture thinning for item "SkyFloatingLabelTextField" because arch "arm64e" wasn't found
2023-07-17 06:16:12 +0000  Running /Applications/Xcode.app/Contents/Developer/Toolchains/XcodeDefault.xctoolchain/usr/bin/lipo '/var/folders/jk/cq_68h790_s6pqybtrp646840000gn/T/XcodeDistPipeline.~~~AFayZA/Root/Payload/eLiift.app/Frameworks/SocketIO.framework/SocketIO' '-verify_arch' 'arm64e'
2023-07-17 06:16:12 +0000  /Applications/Xcode.app/Contents/Developer/Toolchains/XcodeDefault.xctoolchain/usr/bin/lipo exited with 1
2023-07-17 06:16:12 +0000  Skipping architecture thinning for item "SocketIO" because arch "arm64e" wasn't found
2023-07-17 06:16:12 +0000  Running /Applications/Xcode.app/Contents/Developer/Toolchains/XcodeDefault.xctoolchain/usr/bin/lipo '/var/folders/jk/cq_68h790_s6pqybtrp646840000gn/T/XcodeDistPipeline.~~~AFayZA/Root/Payload/eLiift.app/Frameworks/StarscreamSocketIO.framework/StarscreamSocketIO' '-verify_arch' 'arm64e'
2023-07-17 06:16:12 +0000  /Applications/Xcode.app/Contents/Developer/Toolchains/XcodeDefault.xctoolchain/usr/bin/lipo exited with 1
2023-07-17 06:16:12 +0000  Skipping architecture thinning for item "StarscreamSocketIO" because arch "arm64e" wasn't found
2023-07-17 06:16:12 +0000  Running /Applications/Xcode.app/Contents/Developer/Toolchains/XcodeDefault.xctoolchain/usr/bin/lipo '/var/folders/jk/cq_68h790_s6pqybtrp646840000gn/T/XcodeDistPipeline.~~~AFayZA/Root/Payload/eLiift.app/Frameworks/StepSlider.framework/StepSlider' '-verify_arch' 'arm64e'
2023-07-17 06:16:12 +0000  /Applications/Xcode.app/Contents/Developer/Toolchains/XcodeDefault.xctoolchain/usr/bin/lipo exited with 1
2023-07-17 06:16:12 +0000  Skipping architecture thinning for item "StepSlider" because arch "arm64e" wasn't found
2023-07-17 06:16:12 +0000  Running /Applications/Xcode.app/Contents/Developer/Toolchains/XcodeDefault.xctoolchain/usr/bin/lipo '/var/folders/jk/cq_68h790_s6pqybtrp646840000gn/T/XcodeDistPipeline.~~~AFayZA/Root/Payload/eLiift.app/Frameworks/Stripe.framework/Stripe' '-verify_arch' 'arm64e'
2023-07-17 06:16:12 +0000  /Applications/Xcode.app/Contents/Developer/Toolchains/XcodeDefault.xctoolchain/usr/bin/lipo exited with 1
2023-07-17 06:16:12 +0000  Skipping architecture thinning for item "Stripe" because arch "arm64e" wasn't found
2023-07-17 06:16:12 +0000  Running /Applications/Xcode.app/Contents/Developer/Toolchains/XcodeDefault.xctoolchain/usr/bin/lipo '/var/folders/jk/cq_68h790_s6pqybtrp646840000gn/T/XcodeDistPipeline.~~~AFayZA/Root/Payload/eLiift.app/Frameworks/SwiftEventBus.framework/SwiftEventBus' '-verify_arch' 'arm64e'
2023-07-17 06:16:12 +0000  /Applications/Xcode.app/Contents/Developer/Toolchains/XcodeDefault.xctoolchain/usr/bin/lipo exited with 1
2023-07-17 06:16:12 +0000  Skipping architecture thinning for item "SwiftEventBus" because arch "arm64e" wasn't found
2023-07-17 06:16:12 +0000  Running /Applications/Xcode.app/Contents/Developer/Toolchains/XcodeDefault.xctoolchain/usr/bin/lipo '/var/folders/jk/cq_68h790_s6pqybtrp646840000gn/T/XcodeDistPipeline.~~~AFayZA/Root/Payload/eLiift.app/Frameworks/SwiftyJSON.framework/SwiftyJSON' '-verify_arch' 'arm64e'
2023-07-17 06:16:12 +0000  /Applications/Xcode.app/Contents/Developer/Toolchains/XcodeDefault.xctoolchain/usr/bin/lipo exited with 1
2023-07-17 06:16:12 +0000  Skipping architecture thinning for item "SwiftyJSON" because arch "arm64e" wasn't found
2023-07-17 06:16:12 +0000  Running /Applications/Xcode.app/Contents/Developer/Toolchains/XcodeDefault.xctoolchain/usr/bin/lipo '/var/folders/jk/cq_68h790_s6pqybtrp646840000gn/T/XcodeDistPipeline.~~~AFayZA/Root/Payload/eLiift.app/Frameworks/leveldb.framework/leveldb' '-verify_arch' 'arm64e'
2023-07-17 06:16:12 +0000  /Applications/Xcode.app/Contents/Developer/Toolchains/XcodeDefault.xctoolchain/usr/bin/lipo exited with 1
2023-07-17 06:16:12 +0000  Skipping architecture thinning for item "leveldb" because arch "arm64e" wasn't found
2023-07-17 06:16:12 +0000  Running /Applications/Xcode.app/Contents/Developer/Toolchains/XcodeDefault.xctoolchain/usr/bin/lipo '/var/folders/jk/cq_68h790_s6pqybtrp646840000gn/T/XcodeDistPipeline.~~~AFayZA/Root/Payload/eLiift.app/Frameworks/libswift_Concurrency.dylib' '-verify_arch' 'arm64e'
2023-07-17 06:16:12 +0000  /Applications/Xcode.app/Contents/Developer/Toolchains/XcodeDefault.xctoolchain/usr/bin/lipo exited with 1
2023-07-17 06:16:12 +0000  Skipping architecture thinning for item "libswift_Concurrency.dylib" because arch "arm64e" wasn't found
2023-07-17 06:16:12 +0000  Running /Applications/Xcode.app/Contents/Developer/Toolchains/XcodeDefault.xctoolchain/usr/bin/lipo '/var/folders/jk/cq_68h790_s6pqybtrp646840000gn/T/XcodeDistPipeline.~~~AFayZA/Root/Payload/eLiift.app/Frameworks/nanopb.framework/nanopb' '-verify_arch' 'arm64e'
2023-07-17 06:16:12 +0000  /Applications/Xcode.app/Contents/Developer/Toolchains/XcodeDefault.xctoolchain/usr/bin/lipo exited with 1
2023-07-17 06:16:12 +0000  Skipping architecture thinning for item "nanopb" because arch "arm64e" wasn't found
2023-07-17 06:16:12 +0000  Running /Applications/Xcode.app/Contents/Developer/Toolchains/XcodeDefault.xctoolchain/usr/bin/lipo '/var/folders/jk/cq_68h790_s6pqybtrp646840000gn/T/XcodeDistPipeline.~~~AFayZA/Root/Payload/eLiift.app/eLiift' '-verify_arch' 'arm64e'
2023-07-17 06:16:12 +0000  /Applications/Xcode.app/Contents/Developer/Toolchains/XcodeDefault.xctoolchain/usr/bin/lipo exited with 1
2023-07-17 06:16:12 +0000  Skipping architecture thinning for item "eLiift" because arch "arm64e" wasn't found
2023-07-17 06:16:12 +0000  Processing step: IDEDistributionODRStep
2023-07-17 06:16:12 +0000  Processing step: IDEDistributionStripXattrsStep
2023-07-17 06:16:12 +0000  Skipping stripping extended attributes of item: <IDEDistributionItem: 0x60001d124120; bundleID='org.cocoapods.Cosmos', path='<DVTFilePath:0x60001dc28930:'/Users/abservetech/Library/Developer/Xcode/Archives/2023-07-17/eLiift 17-07-23, 11.44 AM.xcarchive/Products/Applications/eLiift.app/Frameworks/Cosmos.framework'>', codeSigningInfo='<_DVTCodeSigningInformation_Path: 0x6000754a2fd0; isSigned='1', isAdHocSigned='0', signingCertificate='<DVTSigningCertificate: 0x600004067e90; name='Apple Distribution: ABSERVETECH PRIVATE LIMITED (F6G9374LLZ)', hash='6E40B4C79DABAE5AE5961A2B18DA486AEC452F3C', serialNumber='5FC7B8D843904D447006DCCCE84B0656', certificateKinds='(
    "1.2.840.113635.100.6.1.7",
    "1.2.840.113635.100.6.1.4"
), issueDate='2022-11-14 09:25:49 +0000''>', entitlements='(null)', teamID='F6G9374LLZ', identifier='org.cocoapods.Cosmos', executablePath='<DVTFilePath:0x60001d1cd5c0:'/Users/abservetech/Library/Developer/Xcode/Archives/2023-07-17/eLiift 17-07-23, 11.44 AM.xcarchive/Products/Applications/eLiift.app/Frameworks/Cosmos.framework/Cosmos'>', hardenedRuntime='0'>'>
2023-07-17 06:16:12 +0000  Skipping stripping extended attributes of item: <IDEDistributionItem: 0x60001d1025e0; bundleID='org.cocoapods.CountryPickerView', path='<DVTFilePath:0x600011af6700:'/Users/abservetech/Library/Developer/Xcode/Archives/2023-07-17/eLiift 17-07-23, 11.44 AM.xcarchive/Products/Applications/eLiift.app/Frameworks/CountryPickerView.framework'>', codeSigningInfo='<_DVTCodeSigningInformation_Path: 0x6000754a2f80; isSigned='1', isAdHocSigned='0', signingCertificate='<DVTSigningCertificate: 0x6000083ac210; name='Apple Distribution: ABSERVETECH PRIVATE LIMITED (F6G9374LLZ)', hash='6E40B4C79DABAE5AE5961A2B18DA486AEC452F3C', serialNumber='5FC7B8D843904D447006DCCCE84B0656', certificateKinds='(
    "1.2.840.113635.100.6.1.7",
    "1.2.840.113635.100.6.1.4"
), issueDate='2022-11-14 09:25:49 +0000''>', entitlements='(null)', teamID='F6G9374LLZ', identifier='org.cocoapods.CountryPickerView', executablePath='<DVTFilePath:0x60001ddaf6b0:'/Users/abservetech/Library/Developer/Xcode/Archives/2023-07-17/eLiift 17-07-23, 11.44 AM.xcarchive/Products/Applications/eLiift.app/Frameworks/CountryPickerView.framework/CountryPickerView'>', hardenedRuntime='0'>'>
2023-07-17 06:16:12 +0000  Skipping stripping extended attributes of item: <IDEDistributionItem: 0x60001d12fe40; bundleID='org.cocoapods.DropDown', path='<DVTFilePath:0x60001dc47170:'/Users/abservetech/Library/Developer/Xcode/Archives/2023-07-17/eLiift 17-07-23, 11.44 AM.xcarchive/Products/Applications/eLiift.app/Frameworks/DropDown.framework'>', codeSigningInfo='<_DVTCodeSigningInformation_Path: 0x6000754b19f0; isSigned='1', isAdHocSigned='0', signingCertificate='<DVTSigningCertificate: 0x6000083ac210; name='Apple Distribution: ABSERVETECH PRIVATE LIMITED (F6G9374LLZ)', hash='6E40B4C79DABAE5AE5961A2B18DA486AEC452F3C', serialNumber='5FC7B8D843904D447006DCCCE84B0656', certificateKinds='(
    "1.2.840.113635.100.6.1.7",
    "1.2.840.113635.100.6.1.4"
), issueDate='2022-11-14 09:25:49 +0000''>', entitlements='(null)', teamID='F6G9374LLZ', identifier='org.cocoapods.DropDown', executablePath='<DVTFilePath:0x60001dc56760:'/Users/abservetech/Library/Developer/Xcode/Archives/2023-07-17/eLiift 17-07-23, 11.44 AM.xcarchive/Products/Applications/eLiift.app/Frameworks/DropDown.framework/DropDown'>', hardenedRuntime='0'>'>
2023-07-17 06:16:12 +0000  Skipping stripping extended attributes of item: <IDEDistributionItem: 0x60001d124f00; bundleID='org.cocoapods.FBLPromises', path='<DVTFilePath:0x60001dc474f0:'/Users/abservetech/Library/Developer/Xcode/Archives/2023-07-17/eLiift 17-07-23, 11.44 AM.xcarchive/Products/Applications/eLiift.app/Frameworks/FBLPromises.framework'>', codeSigningInfo='<_DVTCodeSigningInformation_Path: 0x6000754a01e0; isSigned='1', isAdHocSigned='0', signingCertificate='<DVTSigningCertificate: 0x6000083ac210; name='Apple Distribution: ABSERVETECH PRIVATE LIMITED (F6G9374LLZ)', hash='6E40B4C79DABAE5AE5961A2B18DA486AEC452F3C', serialNumber='5FC7B8D843904D447006DCCCE84B0656', certificateKinds='(
    "1.2.840.113635.100.6.1.7",
    "1.2.840.113635.100.6.1.4"
), issueDate='2022-11-14 09:25:49 +0000''>', entitlements='(null)', teamID='F6G9374LLZ', identifier='org.cocoapods.FBLPromises', executablePath='<DVTFilePath:0x60001dd2cd90:'/Users/abservetech/Library/Developer/Xcode/Archives/2023-07-17/eLiift 17-07-23, 11.44 AM.xcarchive/Products/Applications/eLiift.app/Frameworks/FBLPromises.framework/FBLPromises'>', hardenedRuntime='0'>'>
2023-07-17 06:16:12 +0000  Skipping stripping extended attributes of item: <IDEDistributionItem: 0x60001d07af40; bundleID='org.cocoapods.FirebaseABTesting', path='<DVTFilePath:0x600011abd300:'/Users/abservetech/Library/Developer/Xcode/Archives/2023-07-17/eLiift 17-07-23, 11.44 AM.xcarchive/Products/Applications/eLiift.app/Frameworks/FirebaseABTesting.framework'>', codeSigningInfo='<_DVTCodeSigningInformation_Path: 0x6000757d53b0; isSigned='1', isAdHocSigned='0', signingCertificate='<DVTSigningCertificate: 0x6000083ac210; name='Apple Distribution: ABSERVETECH PRIVATE LIMITED (F6G9374LLZ)', hash='6E40B4C79DABAE5AE5961A2B18DA486AEC452F3C', serialNumber='5FC7B8D843904D447006DCCCE84B0656', certificateKinds='(
    "1.2.840.113635.100.6.1.7",
    "1.2.840.113635.100.6.1.4"
), issueDate='2022-11-14 09:25:49 +0000''>', entitlements='(null)', teamID='F6G9374LLZ', identifier='org.cocoapods.FirebaseABTesting', executablePath='<DVTFilePath:0x60001dd22fb0:'/Users/abservetech/Library/Developer/Xcode/Archives/2023-07-17/eLiift 17-07-23, 11.44 AM.xcarchive/Products/Applications/eLiift.app/Frameworks/FirebaseABTesting.framework/FirebaseABTesting'>', hardenedRuntime='0'>'>
2023-07-17 06:16:12 +0000  Skipping stripping extended attributes of item: <IDEDistributionItem: 0x60001d123d80; bundleID='org.cocoapods.FirebaseCore', path='<DVTFilePath:0x60001dc47aa0:'/Users/abservetech/Library/Developer/Xcode/Archives/2023-07-17/eLiift 17-07-23, 11.44 AM.xcarchive/Products/Applications/eLiift.app/Frameworks/FirebaseCore.framework'>', codeSigningInfo='<_DVTCodeSigningInformation_Path: 0x6000754ae670; isSigned='1', isAdHocSigned='0', signingCertificate='<DVTSigningCertificate: 0x6000083ac210; name='Apple Distribution: ABSERVETECH PRIVATE LIMITED (F6G9374LLZ)', hash='6E40B4C79DABAE5AE5961A2B18DA486AEC452F3C', serialNumber='5FC7B8D843904D447006DCCCE84B0656', certificateKinds='(
    "1.2.840.113635.100.6.1.7",
    "1.2.840.113635.100.6.1.4"
), issueDate='2022-11-14 09:25:49 +0000''>', entitlements='(null)', teamID='F6G9374LLZ', identifier='org.cocoapods.FirebaseCore', executablePath='<DVTFilePath:0x60001ddd7f70:'/Users/abservetech/Library/Developer/Xcode/Archives/2023-07-17/eLiift 17-07-23, 11.44 AM.xcarchive/Products/Applications/eLiift.app/Frameworks/FirebaseCore.framework/FirebaseCore'>', hardenedRuntime='0'>'>
2023-07-17 06:16:12 +0000  Skipping stripping extended attributes of item: <IDEDistributionItem: 0x60001d127060; bundleID='org.cocoapods.FirebaseCoreDiagnostics', path='<DVTFilePath:0x600011abd380:'/Users/abservetech/Library/Developer/Xcode/Archives/2023-07-17/eLiift 17-07-23, 11.44 AM.xcarchive/Products/Applications/eLiift.app/Frameworks/FirebaseCoreDiagnostics.framework'>', codeSigningInfo='<_DVTCodeSigningInformation_Path: 0x6000754e9400; isSigned='1', isAdHocSigned='0', signingCertificate='<DVTSigningCertificate: 0x6000083ac210; name='Apple Distribution: ABSERVETECH PRIVATE LIMITED (F6G9374LLZ)', hash='6E40B4C79DABAE5AE5961A2B18DA486AEC452F3C', serialNumber='5FC7B8D843904D447006DCCCE84B0656', certificateKinds='(
    "1.2.840.113635.100.6.1.7",
    "1.2.840.113635.100.6.1.4"
), issueDate='2022-11-14 09:25:49 +0000''>', entitlements='(null)', teamID='F6G9374LLZ', identifier='org.cocoapods.FirebaseCoreDiagnostics', executablePath='<DVTFilePath:0x60001dd228b0:'/Users/abservetech/Library/Developer/Xcode/Archives/2023-07-17/eLiift 17-07-23, 11.44 AM.xcarchive/Products/Applications/eLiift.app/Frameworks/FirebaseCoreDiagnostics.framework/FirebaseCoreDiagnostics'>', hardenedRuntime='0'>'>
2023-07-17 06:16:12 +0000  Skipping stripping extended attributes of item: <IDEDistributionItem: 0x60001d125500; bundleID='org.cocoapods.FirebaseDatabase', path='<DVTFilePath:0x600011abd400:'/Users/abservetech/Library/Developer/Xcode/Archives/2023-07-17/eLiift 17-07-23, 11.44 AM.xcarchive/Products/Applications/eLiift.app/Frameworks/FirebaseDatabase.framework'>', codeSigningInfo='<_DVTCodeSigningInformation_Path: 0x6000754a1b30; isSigned='1', isAdHocSigned='0', signingCertificate='<DVTSigningCertificate: 0x6000083ac210; name='Apple Distribution: ABSERVETECH PRIVATE LIMITED (F6G9374LLZ)', hash='6E40B4C79DABAE5AE5961A2B18DA486AEC452F3C', serialNumber='5FC7B8D843904D447006DCCCE84B0656', certificateKinds='(
    "1.2.840.113635.100.6.1.7",
    "1.2.840.113635.100.6.1.4"
), issueDate='2022-11-14 09:25:49 +0000''>', entitlements='(null)', teamID='F6G9374LLZ', identifier='org.cocoapods.FirebaseDatabase', executablePath='<DVTFilePath:0x60001dda6300:'/Users/abservetech/Library/Developer/Xcode/Archives/2023-07-17/eLiift 17-07-23, 11.44 AM.xcarchive/Products/Applications/eLiift.app/Frameworks/FirebaseDatabase.framework/FirebaseDatabase'>', hardenedRuntime='0'>'>
2023-07-17 06:16:12 +0000  Skipping stripping extended attributes of item: <IDEDistributionItem: 0x60001d123a20; bundleID='org.cocoapods.FirebaseInstallations', path='<DVTFilePath:0x600011abd500:'/Users/abservetech/Library/Developer/Xcode/Archives/2023-07-17/eLiift 17-07-23, 11.44 AM.xcarchive/Products/Applications/eLiift.app/Frameworks/FirebaseInstallations.framework'>', codeSigningInfo='<_DVTCodeSigningInformation_Path: 0x6000754b1b80; isSigned='1', isAdHocSigned='0', signingCertificate='<DVTSigningCertificate: 0x600004029d90; name='Apple Distribution: ABSERVETECH PRIVATE LIMITED (F6G9374LLZ)', hash='6E40B4C79DABAE5AE5961A2B18DA486AEC452F3C', serialNumber='5FC7B8D843904D447006DCCCE84B0656', certificateKinds='(
    "1.2.840.113635.100.6.1.7",
    "1.2.840.113635.100.6.1.4"
), issueDate='2022-11-14 09:25:49 +0000''>', entitlements='(null)', teamID='F6G9374LLZ', identifier='org.cocoapods.FirebaseInstallations', executablePath='<DVTFilePath:0x60001ddbd730:'/Users/abservetech/Library/Developer/Xcode/Archives/2023-07-17/eLiift 17-07-23, 11.44 AM.xcarchive/Products/Applications/eLiift.app/Frameworks/FirebaseInstallations.framework/FirebaseInstallations'>', hardenedRuntime='0'>'>
2023-07-17 06:16:12 +0000  Skipping stripping extended attributes of item: <IDEDistributionItem: 0x60001d07b420; bundleID='org.cocoapods.FirebaseMessaging', path='<DVTFilePath:0x600011abd580:'/Users/abservetech/Library/Developer/Xcode/Archives/2023-07-17/eLiift 17-07-23, 11.44 AM.xcarchive/Products/Applications/eLiift.app/Frameworks/FirebaseMessaging.framework'>', codeSigningInfo='<_DVTCodeSigningInformation_Path: 0x6000757a95e0; isSigned='1', isAdHocSigned='0', signingCertificate='<DVTSigningCertificate: 0x6000083ac210; name='Apple Distribution: ABSERVETECH PRIVATE LIMITED (F6G9374LLZ)', hash='6E40B4C79DABAE5AE5961A2B18DA486AEC452F3C', serialNumber='5FC7B8D843904D447006DCCCE84B0656', certificateKinds='(
    "1.2.840.113635.100.6.1.7",
    "1.2.840.113635.100.6.1.4"
), issueDate='2022-11-14 09:25:49 +0000''>', entitlements='(null)', teamID='F6G9374LLZ', identifier='org.cocoapods.FirebaseMessaging', executablePath='<DVTFilePath:0x60001dc542a0:'/Users/abservetech/Library/Developer/Xcode/Archives/2023-07-17/eLiift 17-07-23, 11.44 AM.xcarchive/Products/Applications/eLiift.app/Frameworks/FirebaseMessaging.framework/FirebaseMessaging'>', hardenedRuntime='0'>'>
2023-07-17 06:16:12 +0000  Skipping stripping extended attributes of item: <IDEDistributionItem: 0x60001d126160; bundleID='org.cocoapods.FirebaseRemoteConfig', path='<DVTFilePath:0x600011abd600:'/Users/abservetech/Library/Developer/Xcode/Archives/2023-07-17/eLiift 17-07-23, 11.44 AM.xcarchive/Products/Applications/eLiift.app/Frameworks/FirebaseRemoteConfig.framework'>', codeSigningInfo='<_DVTCodeSigningInformation_Path: 0x6000754a52c0; isSigned='1', isAdHocSigned='0', signingCertificate='<DVTSigningCertificate: 0x600004060210; name='Apple Distribution: ABSERVETECH PRIVATE LIMITED (F6G9374LLZ)', hash='6E40B4C79DABAE5AE5961A2B18DA486AEC452F3C', serialNumber='5FC7B8D843904D447006DCCCE84B0656', certificateKinds='(
    "1.2.840.113635.100.6.1.7",
    "1.2.840.113635.100.6.1.4"
), issueDate='2022-11-14 09:25:49 +0000''>', entitlements='(null)', teamID='F6G9374LLZ', identifier='org.cocoapods.FirebaseRemoteConfig', executablePath='<DVTFilePath:0x60001ddd4cb0:'/Users/abservetech/Library/Developer/Xcode/Archives/2023-07-17/eLiift 17-07-23, 11.44 AM.xcarchive/Products/Applications/eLiift.app/Frameworks/FirebaseRemoteConfig.framework/FirebaseRemoteConfig'>', hardenedRuntime='0'>'>
2023-07-17 06:16:12 +0000  Skipping stripping extended attributes of item: <IDEDistributionItem: 0x60001d07a100; bundleID='org.cocoapods.GeoFire', path='<DVTFilePath:0x60001dceff00:'/Users/abservetech/Library/Developer/Xcode/Archives/2023-07-17/eLiift 17-07-23, 11.44 AM.xcarchive/Products/Applications/eLiift.app/Frameworks/GeoFire.framework'>', codeSigningInfo='<_DVTCodeSigningInformation_Path: 0x6000754b30c0; isSigned='1', isAdHocSigned='0', signingCertificate='<DVTSigningCertificate: 0x6000083ac210; name='Apple Distribution: ABSERVETECH PRIVATE LIMITED (F6G9374LLZ)', hash='6E40B4C79DABAE5AE5961A2B18DA486AEC452F3C', serialNumber='5FC7B8D843904D447006DCCCE84B0656', certificateKinds='(
    "1.2.840.113635.100.6.1.7",
    "1.2.840.113635.100.6.1.4"
), issueDate='2022-11-14 09:25:49 +0000''>', entitlements='(null)', teamID='F6G9374LLZ', identifier='org.cocoapods.GeoFire', executablePath='<DVTFilePath:0x60001d10b480:'/Users/abservetech/Library/Developer/Xcode/Archives/2023-07-17/eLiift 17-07-23, 11.44 AM.xcarchive/Products/Applications/eLiift.app/Frameworks/GeoFire.framework/GeoFire'>', hardenedRuntime='0'>'>
2023-07-17 06:16:12 +0000  Skipping stripping extended attributes of item: <IDEDistributionItem: 0x60001d10a220; bundleID='org.cocoapods.GoogleDataTransport', path='<DVTFilePath:0x600011abd680:'/Users/abservetech/Library/Developer/Xcode/Archives/2023-07-17/eLiift 17-07-23, 11.44 AM.xcarchive/Products/Applications/eLiift.app/Frameworks/GoogleDataTransport.framework'>', codeSigningInfo='<_DVTCodeSigningInformation_Path: 0x6000754a2530; isSigned='1', isAdHocSigned='0', signingCertificate='<DVTSigningCertificate: 0x6000083ac210; name='Apple Distribution: ABSERVETECH PRIVATE LIMITED (F6G9374LLZ)', hash='6E40B4C79DABAE5AE5961A2B18DA486AEC452F3C', serialNumber='5FC7B8D843904D447006DCCCE84B0656', certificateKinds='(
    "1.2.840.113635.100.6.1.7",
    "1.2.840.113635.100.6.1.4"
), issueDate='2022-11-14 09:25:49 +0000''>', entitlements='(null)', teamID='F6G9374LLZ', identifier='org.cocoapods.GoogleDataTransport', executablePath='<DVTFilePath:0x60001ddcb870:'/Users/abservetech/Library/Developer/Xcode/Archives/2023-07-17/eLiift 17-07-23, 11.44 AM.xcarchive/Products/Applications/eLiift.app/Frameworks/GoogleDataTransport.framework/GoogleDataTransport'>', hardenedRuntime='0'>'>
2023-07-17 06:16:12 +0000  Skipping stripping extended attributes of item: <IDEDistributionItem: 0x60001d123120; bundleID='org.cocoapods.GoogleUtilities', path='<DVTFilePath:0x60000da86900:'/Users/abservetech/Library/Developer/Xcode/Archives/2023-07-17/eLiift 17-07-23, 11.44 AM.xcarchive/Products/Applications/eLiift.app/Frameworks/GoogleUtilities.framework'>', codeSigningInfo='<_DVTCodeSigningInformation_Path: 0x6000754a0b40; isSigned='1', isAdHocSigned='0', signingCertificate='<DVTSigningCertificate: 0x6000083ac210; name='Apple Distribution: ABSERVETECH PRIVATE LIMITED (F6G9374LLZ)', hash='6E40B4C79DABAE5AE5961A2B18DA486AEC452F3C', serialNumber='5FC7B8D843904D447006DCCCE84B0656', certificateKinds='(
    "1.2.840.113635.100.6.1.7",
    "1.2.840.113635.100.6.1.4"
), issueDate='2022-11-14 09:25:49 +0000''>', entitlements='(null)', teamID='F6G9374LLZ', identifier='org.cocoapods.GoogleUtilities', executablePath='<DVTFilePath:0x60001ddd1c70:'/Users/abservetech/Library/Developer/Xcode/Archives/2023-07-17/eLiift 17-07-23, 11.44 AM.xcarchive/Products/Applications/eLiift.app/Frameworks/GoogleUtilities.framework/GoogleUtilities'>', hardenedRuntime='0'>'>
2023-07-17 06:16:12 +0000  Skipping stripping extended attributes of item: <IDEDistributionItem: 0x60001d137f00; bundleID='org.cocoapods.IQKeyboardManagerSwift', path='<DVTFilePath:0x60000da85680:'/Users/abservetech/Library/Developer/Xcode/Archives/2023-07-17/eLiift 17-07-23, 11.44 AM.xcarchive/Products/Applications/eLiift.app/Frameworks/IQKeyboardManagerSwift.framework'>', codeSigningInfo='<_DVTCodeSigningInformation_Path: 0x6000754a2170; isSigned='1', isAdHocSigned='0', signingCertificate='<DVTSigningCertificate: 0x600004029d90; name='Apple Distribution: ABSERVETECH PRIVATE LIMITED (F6G9374LLZ)', hash='6E40B4C79DABAE5AE5961A2B18DA486AEC452F3C', serialNumber='5FC7B8D843904D447006DCCCE84B0656', certificateKinds='(
    "1.2.840.113635.100.6.1.7",
    "1.2.840.113635.100.6.1.4"
), issueDate='2022-11-14 09:25:49 +0000''>', entitlements='(null)', teamID='F6G9374LLZ', identifier='org.cocoapods.IQKeyboardManagerSwift', executablePath='<DVTFilePath:0x60001dc57f70:'/Users/abservetech/Library/Developer/Xcode/Archives/2023-07-17/eLiift 17-07-23, 11.44 AM.xcarchive/Products/Applications/eLiift.app/Frameworks/IQKeyboardManagerSwift.framework/IQKeyboardManagerSwift'>', hardenedRuntime='0'>'>
2023-07-17 06:16:12 +0000  Skipping stripping extended attributes of item: <IDEDistributionItem: 0x60001d125080; bundleID='org.cocoapods.JWTDecode', path='<DVTFilePath:0x600011f2ed80:'/Users/abservetech/Library/Developer/Xcode/Archives/2023-07-17/eLiift 17-07-23, 11.44 AM.xcarchive/Products/Applications/eLiift.app/Frameworks/JWTDecode.framework'>', codeSigningInfo='<_DVTCodeSigningInformation_Path: 0x6000754b23f0; isSigned='1', isAdHocSigned='0', signingCertificate='<DVTSigningCertificate: 0x6000083ac210; name='Apple Distribution: ABSERVETECH PRIVATE LIMITED (F6G9374LLZ)', hash='6E40B4C79DABAE5AE5961A2B18DA486AEC452F3C', serialNumber='5FC7B8D843904D447006DCCCE84B0656', certificateKinds='(
    "1.2.840.113635.100.6.1.7",
    "1.2.840.113635.100.6.1.4"
), issueDate='2022-11-14 09:25:49 +0000''>', entitlements='(null)', teamID='F6G9374LLZ', identifier='org.cocoapods.JWTDecode', executablePath='<DVTFilePath:0x60001dd37560:'/Users/abservetech/Library/Developer/Xcode/Archives/2023-07-17/eLiift 17-07-23, 11.44 AM.xcarchive/Products/Applications/eLiift.app/Frameworks/JWTDecode.framework/JWTDecode'>', hardenedRuntime='0'>'>
2023-07-17 06:16:12 +0000  Skipping stripping extended attributes of item: <IDEDistributionItem: 0x60001d04d380; bundleID='org.cocoapods.Kingfisher', path='<DVTFilePath:0x600011f2e7d0:'/Users/abservetech/Library/Developer/Xcode/Archives/2023-07-17/eLiift 17-07-23, 11.44 AM.xcarchive/Products/Applications/eLiift.app/Frameworks/Kingfisher.framework'>', codeSigningInfo='<_DVTCodeSigningInformation_Path: 0x6000754ae8a0; isSigned='1', isAdHocSigned='0', signingCertificate='<DVTSigningCertificate: 0x6000083ac210; name='Apple Distribution: ABSERVETECH PRIVATE LIMITED (F6G9374LLZ)', hash='6E40B4C79DABAE5AE5961A2B18DA486AEC452F3C', serialNumber='5FC7B8D843904D447006DCCCE84B0656', certificateKinds='(
    "1.2.840.113635.100.6.1.7",
    "1.2.840.113635.100.6.1.4"
), issueDate='2022-11-14 09:25:49 +0000''>', entitlements='(null)', teamID='F6G9374LLZ', identifier='org.cocoapods.Kingfisher', executablePath='<DVTFilePath:0x60001dd30d20:'/Users/abservetech/Library/Developer/Xcode/Archives/2023-07-17/eLiift 17-07-23, 11.44 AM.xcarchive/Products/Applications/eLiift.app/Frameworks/Kingfisher.framework/Kingfisher'>', hardenedRuntime='0'>'>
2023-07-17 06:16:12 +0000  Skipping stripping extended attributes of item: <IDEDistributionItem: 0x60001d13d7a0; bundleID='org.cocoapods.Lottie', path='<DVTFilePath:0x600011f2c850:'/Users/abservetech/Library/Developer/Xcode/Archives/2023-07-17/eLiift 17-07-23, 11.44 AM.xcarchive/Products/Applications/eLiift.app/Frameworks/Lottie.framework'>', codeSigningInfo='<_DVTCodeSigningInformation_Path: 0x6000754a0960; isSigned='1', isAdHocSigned='0', signingCertificate='<DVTSigningCertificate: 0x6000083ac210; name='Apple Distribution: ABSERVETECH PRIVATE LIMITED (F6G9374LLZ)', hash='6E40B4C79DABAE5AE5961A2B18DA486AEC452F3C', serialNumber='5FC7B8D843904D447006DCCCE84B0656', certificateKinds='(
    "1.2.840.113635.100.6.1.7",
    "1.2.840.113635.100.6.1.4"
), issueDate='2022-11-14 09:25:49 +0000''>', entitlements='(null)', teamID='F6G9374LLZ', identifier='org.cocoapods.Lottie', executablePath='<DVTFilePath:0x60001d10fa80:'/Users/abservetech/Library/Developer/Xcode/Archives/2023-07-17/eLiift 17-07-23, 11.44 AM.xcarchive/Products/Applications/eLiift.app/Frameworks/Lottie.framework/Lottie'>', hardenedRuntime='0'>'>
2023-07-17 06:16:12 +0000  Skipping stripping extended attributes of item: <IDEDistributionItem: 0x60001d123840; bundleID='org.cocoapods.MarqueeLabel', path='<DVTFilePath:0x600011f2e990:'/Users/abservetech/Library/Developer/Xcode/Archives/2023-07-17/eLiift 17-07-23, 11.44 AM.xcarchive/Products/Applications/eLiift.app/Frameworks/MarqueeLabel.framework'>', codeSigningInfo='<_DVTCodeSigningInformation_Path: 0x6000754a0a50; isSigned='1', isAdHocSigned='0', signingCertificate='<DVTSigningCertificate: 0x6000083ac210; name='Apple Distribution: ABSERVETECH PRIVATE LIMITED (F6G9374LLZ)', hash='6E40B4C79DABAE5AE5961A2B18DA486AEC452F3C', serialNumber='5FC7B8D843904D447006DCCCE84B0656', certificateKinds='(
    "1.2.840.113635.100.6.1.7",
    "1.2.840.113635.100.6.1.4"
), issueDate='2022-11-14 09:25:49 +0000''>', entitlements='(null)', teamID='F6G9374LLZ', identifier='org.cocoapods.MarqueeLabel', executablePath='<DVTFilePath:0x60001dd35b20:'/Users/abservetech/Library/Developer/Xcode/Archives/2023-07-17/eLiift 17-07-23, 11.44 AM.xcarchive/Products/Applications/eLiift.app/Frameworks/MarqueeLabel.framework/MarqueeLabel'>', hardenedRuntime='0'>'>
2023-07-17 06:16:12 +0000  Skipping stripping extended attributes of item: <IDEDistributionItem: 0x60001d04ab80; bundleID='org.cocoapods.PINCache', path='<DVTFilePath:0x60001dc9a530:'/Users/abservetech/Library/Developer/Xcode/Archives/2023-07-17/eLiift 17-07-23, 11.44 AM.xcarchive/Products/Applications/eLiift.app/Frameworks/PINCache.framework'>', codeSigningInfo='<_DVTCodeSigningInformation_Path: 0x6000754b0500; isSigned='1', isAdHocSigned='0', signingCertificate='<DVTSigningCertificate: 0x6000083ac210; name='Apple Distribution: ABSERVETECH PRIVATE LIMITED (F6G9374LLZ)', hash='6E40B4C79DABAE5AE5961A2B18DA486AEC452F3C', serialNumber='5FC7B8D843904D447006DCCCE84B0656', certificateKinds='(
    "1.2.840.113635.100.6.1.7",
    "1.2.840.113635.100.6.1.4"
), issueDate='2022-11-14 09:25:49 +0000''>', entitlements='(null)', teamID='F6G9374LLZ', identifier='org.cocoapods.PINCache', executablePath='<DVTFilePath:0x60001dd0e450:'/Users/abservetech/Library/Developer/Xcode/Archives/2023-07-17/eLiift 17-07-23, 11.44 AM.xcarchive/Products/Applications/eLiift.app/Frameworks/PINCache.framework/PINCache'>', hardenedRuntime='0'>'>
2023-07-17 06:16:12 +0000  Skipping stripping extended attributes of item: <IDEDistributionItem: 0x60001d12fde0; bundleID='org.cocoapods.PINOperation', path='<DVTFilePath:0x60001dc80d90:'/Users/abservetech/Library/Developer/Xcode/Archives/2023-07-17/eLiift 17-07-23, 11.44 AM.xcarchive/Products/Applications/eLiift.app/Frameworks/PINOperation.framework'>', codeSigningInfo='<_DVTCodeSigningInformation_Path: 0x6000754acdc0; isSigned='1', isAdHocSigned='0', signingCertificate='<DVTSigningCertificate: 0x6000083ac210; name='Apple Distribution: ABSERVETECH PRIVATE LIMITED (F6G9374LLZ)', hash='6E40B4C79DABAE5AE5961A2B18DA486AEC452F3C', serialNumber='5FC7B8D843904D447006DCCCE84B0656', certificateKinds='(
    "1.2.840.113635.100.6.1.7",
    "1.2.840.113635.100.6.1.4"
), issueDate='2022-11-14 09:25:49 +0000''>', entitlements='(null)', teamID='F6G9374LLZ', identifier='org.cocoapods.PINOperation', executablePath='<DVTFilePath:0x60001dd31b20:'/Users/abservetech/Library/Developer/Xcode/Archives/2023-07-17/eLiift 17-07-23, 11.44 AM.xcarchive/Products/Applications/eLiift.app/Frameworks/PINOperation.framework/PINOperation'>', hardenedRuntime='0'>'>
2023-07-17 06:16:12 +0000  Skipping stripping extended attributes of item: <IDEDistributionItem: 0x60001d10e160; bundleID='org.cocoapods.PINRemoteImage', path='<DVTFilePath:0x600011abd480:'/Users/abservetech/Library/Developer/Xcode/Archives/2023-07-17/eLiift 17-07-23, 11.44 AM.xcarchive/Products/Applications/eLiift.app/Frameworks/PINRemoteImage.framework'>', codeSigningInfo='<_DVTCodeSigningInformation_Path: 0x6000754a08c0; isSigned='1', isAdHocSigned='0', signingCertificate='<DVTSigningCertificate: 0x6000083ac210; name='Apple Distribution: ABSERVETECH PRIVATE LIMITED (F6G9374LLZ)', hash='6E40B4C79DABAE5AE5961A2B18DA486AEC452F3C', serialNumber='5FC7B8D843904D447006DCCCE84B0656', certificateKinds='(
    "1.2.840.113635.100.6.1.7",
    "1.2.840.113635.100.6.1.4"
), issueDate='2022-11-14 09:25:49 +0000''>', entitlements='(null)', teamID='F6G9374LLZ', identifier='org.cocoapods.PINRemoteImage', executablePath='<DVTFilePath:0x60001dd33950:'/Users/abservetech/Library/Developer/Xcode/Archives/2023-07-17/eLiift 17-07-23, 11.44 AM.xcarchive/Products/Applications/eLiift.app/Frameworks/PINRemoteImage.framework/PINRemoteImage'>', hardenedRuntime='0'>'>
2023-07-17 06:16:12 +0000  Skipping stripping extended attributes of item: <IDEDistributionItem: 0x60001d127e40; bundleID='com.razorpay.CheckoutOtpelf', path='<DVTFilePath:0x600011f2dff0:'/Users/abservetech/Library/Developer/Xcode/Archives/2023-07-17/eLiift 17-07-23, 11.44 AM.xcarchive/Products/Applications/eLiift.app/Frameworks/Razorpay.framework'>', codeSigningInfo='<_DVTCodeSigningInformation_Path: 0x6000754a2350; isSigned='1', isAdHocSigned='0', signingCertificate='<DVTSigningCertificate: 0x6000083ac210; name='Apple Distribution: ABSERVETECH PRIVATE LIMITED (F6G9374LLZ)', hash='6E40B4C79DABAE5AE5961A2B18DA486AEC452F3C', serialNumber='5FC7B8D843904D447006DCCCE84B0656', certificateKinds='(
    "1.2.840.113635.100.6.1.7",
    "1.2.840.113635.100.6.1.4"
), issueDate='2022-11-14 09:25:49 +0000''>', entitlements='(null)', teamID='F6G9374LLZ', identifier='com.razorpay.CheckoutOtpelf', executablePath='<DVTFilePath:0x60001ddc0540:'/Users/abservetech/Library/Developer/Xcode/Archives/2023-07-17/eLiift 17-07-23, 11.44 AM.xcarchive/Products/Applications/eLiift.app/Frameworks/Razorpay.framework/Razorpay'>', hardenedRuntime='0'>'>
2023-07-17 06:16:12 +0000  Skipping stripping extended attributes of item: <IDEDistributionItem: 0x60001d10cfc0; bundleID='org.cocoapods.RxCocoa', path='<DVTFilePath:0x600011f29810:'/Users/abservetech/Library/Developer/Xcode/Archives/2023-07-17/eLiift 17-07-23, 11.44 AM.xcarchive/Products/Applications/eLiift.app/Frameworks/RxCocoa.framework'>', codeSigningInfo='<_DVTCodeSigningInformation_Path: 0x6000754b1db0; isSigned='1', isAdHocSigned='0', signingCertificate='<DVTSigningCertificate: 0x6000083ac210; name='Apple Distribution: ABSERVETECH PRIVATE LIMITED (F6G9374LLZ)', hash='6E40B4C79DABAE5AE5961A2B18DA486AEC452F3C', serialNumber='5FC7B8D843904D447006DCCCE84B0656', certificateKinds='(
    "1.2.840.113635.100.6.1.7",
    "1.2.840.113635.100.6.1.4"
), issueDate='2022-11-14 09:25:49 +0000''>', entitlements='(null)', teamID='F6G9374LLZ', identifier='org.cocoapods.RxCocoa', executablePath='<DVTFilePath:0x60001d1df5a0:'/Users/abservetech/Library/Developer/Xcode/Archives/2023-07-17/eLiift 17-07-23, 11.44 AM.xcarchive/Products/Applications/eLiift.app/Frameworks/RxCocoa.framework/RxCocoa'>', hardenedRuntime='0'>'>
2023-07-17 06:16:12 +0000  Skipping stripping extended attributes of item: <IDEDistributionItem: 0x60001d10f780; bundleID='org.cocoapods.RxRelay', path='<DVTFilePath:0x600011f2bc60:'/Users/abservetech/Library/Developer/Xcode/Archives/2023-07-17/eLiift 17-07-23, 11.44 AM.xcarchive/Products/Applications/eLiift.app/Frameworks/RxRelay.framework'>', codeSigningInfo='<_DVTCodeSigningInformation_Path: 0x6000754a0820; isSigned='1', isAdHocSigned='0', signingCertificate='<DVTSigningCertificate: 0x6000083ac210; name='Apple Distribution: ABSERVETECH PRIVATE LIMITED (F6G9374LLZ)', hash='6E40B4C79DABAE5AE5961A2B18DA486AEC452F3C', serialNumber='5FC7B8D843904D447006DCCCE84B0656', certificateKinds='(
    "1.2.840.113635.100.6.1.7",
    "1.2.840.113635.100.6.1.4"
), issueDate='2022-11-14 09:25:49 +0000''>', entitlements='(null)', teamID='F6G9374LLZ', identifier='org.cocoapods.RxRelay', executablePath='<DVTFilePath:0x60001d1d5aa0:'/Users/abservetech/Library/Developer/Xcode/Archives/2023-07-17/eLiift 17-07-23, 11.44 AM.xcarchive/Products/Applications/eLiift.app/Frameworks/RxRelay.framework/RxRelay'>', hardenedRuntime='0'>'>
2023-07-17 06:16:12 +0000  Skipping stripping extended attributes of item: <IDEDistributionItem: 0x60001d13d5c0; bundleID='org.cocoapods.RxSwift', path='<DVTFilePath:0x60001dc80540:'/Users/abservetech/Library/Developer/Xcode/Archives/2023-07-17/eLiift 17-07-23, 11.44 AM.xcarchive/Products/Applications/eLiift.app/Frameworks/RxSwift.framework'>', codeSigningInfo='<_DVTCodeSigningInformation_Path: 0x6000754aea80; isSigned='1', isAdHocSigned='0', signingCertificate='<DVTSigningCertificate: 0x6000083ac210; name='Apple Distribution: ABSERVETECH PRIVATE LIMITED (F6G9374LLZ)', hash='6E40B4C79DABAE5AE5961A2B18DA486AEC452F3C', serialNumber='5FC7B8D843904D447006DCCCE84B0656', certificateKinds='(
    "1.2.840.113635.100.6.1.7",
    "1.2.840.113635.100.6.1.4"
), issueDate='2022-11-14 09:25:49 +0000''>', entitlements='(null)', teamID='F6G9374LLZ', identifier='org.cocoapods.RxSwift', executablePath='<DVTFilePath:0x60001d1e05a0:'/Users/abservetech/Library/Developer/Xcode/Archives/2023-07-17/eLiift 17-07-23, 11.44 AM.xcarchive/Products/Applications/eLiift.app/Frameworks/RxSwift.framework/RxSwift'>', hardenedRuntime='0'>'>
2023-07-17 06:16:12 +0000  Skipping stripping extended attributes of item: <IDEDistributionItem: 0x60001d077c00; bundleID='org.cocoapods.SideMenuSwift', path='<DVTFilePath:0x60001dc825a0:'/Users/abservetech/Library/Developer/Xcode/Archives/2023-07-17/eLiift 17-07-23, 11.44 AM.xcarchive/Products/Applications/eLiift.app/Frameworks/SideMenuSwift.framework'>', codeSigningInfo='<_DVTCodeSigningInformation_Path: 0x600075757a70; isSigned='1', isAdHocSigned='0', signingCertificate='<DVTSigningCertificate: 0x6000083ac210; name='Apple Distribution: ABSERVETECH PRIVATE LIMITED (F6G9374LLZ)', hash='6E40B4C79DABAE5AE5961A2B18DA486AEC452F3C', serialNumber='5FC7B8D843904D447006DCCCE84B0656', certificateKinds='(
    "1.2.840.113635.100.6.1.7",
    "1.2.840.113635.100.6.1.4"
), issueDate='2022-11-14 09:25:49 +0000''>', entitlements='(null)', teamID='F6G9374LLZ', identifier='org.cocoapods.SideMenuSwift', executablePath='<DVTFilePath:0x60001dd89340:'/Users/abservetech/Library/Developer/Xcode/Archives/2023-07-17/eLiift 17-07-23, 11.44 AM.xcarchive/Products/Applications/eLiift.app/Frameworks/SideMenuSwift.framework/SideMenuSwift'>', hardenedRuntime='0'>'>
2023-07-17 06:16:12 +0000  Skipping stripping extended attributes of item: <IDEDistributionItem: 0x60001d048720; bundleID='org.cocoapods.SkyFloatingLabelTextField', path='<DVTFilePath:0x60000da84c00:'/Users/abservetech/Library/Developer/Xcode/Archives/2023-07-17/eLiift 17-07-23, 11.44 AM.xcarchive/Products/Applications/eLiift.app/Frameworks/SkyFloatingLabelTextField.framework'>', codeSigningInfo='<_DVTCodeSigningInformation_Path: 0x600075757520; isSigned='1', isAdHocSigned='0', signingCertificate='<DVTSigningCertificate: 0x6000083ac210; name='Apple Distribution: ABSERVETECH PRIVATE LIMITED (F6G9374LLZ)', hash='6E40B4C79DABAE5AE5961A2B18DA486AEC452F3C', serialNumber='5FC7B8D843904D447006DCCCE84B0656', certificateKinds='(
    "1.2.840.113635.100.6.1.7",
    "1.2.840.113635.100.6.1.4"
), issueDate='2022-11-14 09:25:49 +0000''>', entitlements='(null)', teamID='F6G9374LLZ', identifier='org.cocoapods.SkyFloatingLabelTextField', executablePath='<DVTFilePath:0x60000da80f00:'/Users/abservetech/Library/Developer/Xcode/Archives/2023-07-17/eLiift 17-07-23, 11.44 AM.xcarchive/Products/Applications/eLiift.app/Frameworks/SkyFloatingLabelTextField.framework/SkyFloatingLabelTextField'>', hardenedRuntime='0'>'>
2023-07-17 06:16:12 +0000  Skipping stripping extended attributes of item: <IDEDistributionItem: 0x60001d121aa0; bundleID='org.cocoapods.SocketIO', path='<DVTFilePath:0x60001dc8e450:'/Users/abservetech/Library/Developer/Xcode/Archives/2023-07-17/eLiift 17-07-23, 11.44 AM.xcarchive/Products/Applications/eLiift.app/Frameworks/SocketIO.framework'>', codeSigningInfo='<_DVTCodeSigningInformation_Path: 0x6000754a1630; isSigned='1', isAdHocSigned='0', signingCertificate='<DVTSigningCertificate: 0x6000083ac210; name='Apple Distribution: ABSERVETECH PRIVATE LIMITED (F6G9374LLZ)', hash='6E40B4C79DABAE5AE5961A2B18DA486AEC452F3C', serialNumber='5FC7B8D843904D447006DCCCE84B0656', certificateKinds='(
    "1.2.840.113635.100.6.1.7",
    "1.2.840.113635.100.6.1.4"
), issueDate='2022-11-14 09:25:49 +0000''>', entitlements='(null)', teamID='F6G9374LLZ', identifier='org.cocoapods.SocketIO', executablePath='<DVTFilePath:0x60001dd828b0:'/Users/abservetech/Library/Developer/Xcode/Archives/2023-07-17/eLiift 17-07-23, 11.44 AM.xcarchive/Products/Applications/eLiift.app/Frameworks/SocketIO.framework/SocketIO'>', hardenedRuntime='0'>'>
2023-07-17 06:16:12 +0000  Skipping stripping extended attributes of item: <IDEDistributionItem: 0x60001d124a80; bundleID='org.cocoapods.StarscreamSocketIO', path='<DVTFilePath:0x600009a8fb00:'/Users/abservetech/Library/Developer/Xcode/Archives/2023-07-17/eLiift 17-07-23, 11.44 AM.xcarchive/Products/Applications/eLiift.app/Frameworks/StarscreamSocketIO.framework'>', codeSigningInfo='<_DVTCodeSigningInformation_Path: 0x6000754a3570; isSigned='1', isAdHocSigned='0', signingCertificate='<DVTSigningCertificate: 0x6000083ac210; name='Apple Distribution: ABSERVETECH PRIVATE LIMITED (F6G9374LLZ)', hash='6E40B4C79DABAE5AE5961A2B18DA486AEC452F3C', serialNumber='5FC7B8D843904D447006DCCCE84B0656', certificateKinds='(
    "1.2.840.113635.100.6.1.7",
    "1.2.840.113635.100.6.1.4"
), issueDate='2022-11-14 09:25:49 +0000''>', entitlements='(null)', teamID='F6G9374LLZ', identifier='org.cocoapods.StarscreamSocketIO', executablePath='<DVTFilePath:0x60001dd37870:'/Users/abservetech/Library/Developer/Xcode/Archives/2023-07-17/eLiift 17-07-23, 11.44 AM.xcarchive/Products/Applications/eLiift.app/Frameworks/StarscreamSocketIO.framework/StarscreamSocketIO'>', hardenedRuntime='0'>'>
2023-07-17 06:16:12 +0000  Skipping stripping extended attributes of item: <IDEDistributionItem: 0x60001d120000; bundleID='org.cocoapods.StepSlider', path='<DVTFilePath:0x60001dc438e0:'/Users/abservetech/Library/Developer/Xcode/Archives/2023-07-17/eLiift 17-07-23, 11.44 AM.xcarchive/Products/Applications/eLiift.app/Frameworks/StepSlider.framework'>', codeSigningInfo='<_DVTCodeSigningInformation_Path: 0x6000754ac6e0; isSigned='1', isAdHocSigned='0', signingCertificate='<DVTSigningCertificate: 0x6000083ac210; name='Apple Distribution: ABSERVETECH PRIVATE LIMITED (F6G9374LLZ)', hash='6E40B4C79DABAE5AE5961A2B18DA486AEC452F3C', serialNumber='5FC7B8D843904D447006DCCCE84B0656', certificateKinds='(
    "1.2.840.113635.100.6.1.7",
    "1.2.840.113635.100.6.1.4"
), issueDate='2022-11-14 09:25:49 +0000''>', entitlements='(null)', teamID='F6G9374LLZ', identifier='org.cocoapods.StepSlider', executablePath='<DVTFilePath:0x600011f2efb0:'/Users/abservetech/Library/Developer/Xcode/Archives/2023-07-17/eLiift 17-07-23, 11.44 AM.xcarchive/Products/Applications/eLiift.app/Frameworks/StepSlider.framework/StepSlider'>', hardenedRuntime='0'>'>
2023-07-17 06:16:12 +0000  Skipping stripping extended attributes of item: <IDEDistributionItem: 0x60001d10fcc0; bundleID='org.cocoapods.Stripe', path='<DVTFilePath:0x60001dc8ad10:'/Users/abservetech/Library/Developer/Xcode/Archives/2023-07-17/eLiift 17-07-23, 11.44 AM.xcarchive/Products/Applications/eLiift.app/Frameworks/Stripe.framework'>', codeSigningInfo='<_DVTCodeSigningInformation_Path: 0x6000754e63f0; isSigned='1', isAdHocSigned='0', signingCertificate='<DVTSigningCertificate: 0x6000083ac210; name='Apple Distribution: ABSERVETECH PRIVATE LIMITED (F6G9374LLZ)', hash='6E40B4C79DABAE5AE5961A2B18DA486AEC452F3C', serialNumber='5FC7B8D843904D447006DCCCE84B0656', certificateKinds='(
    "1.2.840.113635.100.6.1.7",
    "1.2.840.113635.100.6.1.4"
), issueDate='2022-11-14 09:25:49 +0000''>', entitlements='(null)', teamID='F6G9374LLZ', identifier='org.cocoapods.Stripe', executablePath='<DVTFilePath:0x60001d10fae0:'/Users/abservetech/Library/Developer/Xcode/Archives/2023-07-17/eLiift 17-07-23, 11.44 AM.xcarchive/Products/Applications/eLiift.app/Frameworks/Stripe.framework/Stripe'>', hardenedRuntime='0'>'>
2023-07-17 06:16:12 +0000  Skipping stripping extended attributes of item: <IDEDistributionItem: 0x60001d12c4e0; bundleID='org.cocoapods.SwiftEventBus', path='<DVTFilePath:0x600011f22990:'/Users/abservetech/Library/Developer/Xcode/Archives/2023-07-17/eLiift 17-07-23, 11.44 AM.xcarchive/Products/Applications/eLiift.app/Frameworks/SwiftEventBus.framework'>', codeSigningInfo='<_DVTCodeSigningInformation_Path: 0x6000754aeb70; isSigned='1', isAdHocSigned='0', signingCertificate='<DVTSigningCertificate: 0x6000083ac210; name='Apple Distribution: ABSERVETECH PRIVATE LIMITED (F6G9374LLZ)', hash='6E40B4C79DABAE5AE5961A2B18DA486AEC452F3C', serialNumber='5FC7B8D843904D447006DCCCE84B0656', certificateKinds='(
    "1.2.840.113635.100.6.1.7",
    "1.2.840.113635.100.6.1.4"
), issueDate='2022-11-14 09:25:49 +0000''>', entitlements='(null)', teamID='F6G9374LLZ', identifier='org.cocoapods.SwiftEventBus', executablePath='<DVTFilePath:0x60001dd2fcd0:'/Users/abservetech/Library/Developer/Xcode/Archives/2023-07-17/eLiift 17-07-23, 11.44 AM.xcarchive/Products/Applications/eLiift.app/Frameworks/SwiftEventBus.framework/SwiftEventBus'>', hardenedRuntime='0'>'>
2023-07-17 06:16:12 +0000  Skipping stripping extended attributes of item: <IDEDistributionItem: 0x60001d075f80; bundleID='org.cocoapods.SwiftyJSON', path='<DVTFilePath:0x60001dc59030:'/Users/abservetech/Library/Developer/Xcode/Archives/2023-07-17/eLiift 17-07-23, 11.44 AM.xcarchive/Products/Applications/eLiift.app/Frameworks/SwiftyJSON.framework'>', codeSigningInfo='<_DVTCodeSigningInformation_Path: 0x6000754b0870; isSigned='1', isAdHocSigned='0', signingCertificate='<DVTSigningCertificate: 0x6000083ac210; name='Apple Distribution: ABSERVETECH PRIVATE LIMITED (F6G9374LLZ)', hash='6E40B4C79DABAE5AE5961A2B18DA486AEC452F3C', serialNumber='5FC7B8D843904D447006DCCCE84B0656', certificateKinds='(
    "1.2.840.113635.100.6.1.7",
    "1.2.840.113635.100.6.1.4"
), issueDate='2022-11-14 09:25:49 +0000''>', entitlements='(null)', teamID='F6G9374LLZ', identifier='org.cocoapods.SwiftyJSON', executablePath='<DVTFilePath:0x60001ddc7f70:'/Users/abservetech/Library/Developer/Xcode/Archives/2023-07-17/eLiift 17-07-23, 11.44 AM.xcarchive/Products/Applications/eLiift.app/Frameworks/SwiftyJSON.framework/SwiftyJSON'>', hardenedRuntime='0'>'>
2023-07-17 06:16:12 +0000  Skipping stripping extended attributes of item: <IDEDistributionItem: 0x60001d077780; bundleID='org.cocoapods.leveldb', path='<DVTFilePath:0x600011f2ea00:'/Users/abservetech/Library/Developer/Xcode/Archives/2023-07-17/eLiift 17-07-23, 11.44 AM.xcarchive/Products/Applications/eLiift.app/Frameworks/leveldb.framework'>', codeSigningInfo='<_DVTCodeSigningInformation_Path: 0x600075757570; isSigned='1', isAdHocSigned='0', signingCertificate='<DVTSigningCertificate: 0x6000083ac210; name='Apple Distribution: ABSERVETECH PRIVATE LIMITED (F6G9374LLZ)', hash='6E40B4C79DABAE5AE5961A2B18DA486AEC452F3C', serialNumber='5FC7B8D843904D447006DCCCE84B0656', certificateKinds='(
    "1.2.840.113635.100.6.1.7",
    "1.2.840.113635.100.6.1.4"
), issueDate='2022-11-14 09:25:49 +0000''>', entitlements='(null)', teamID='F6G9374LLZ', identifier='org.cocoapods.leveldb', executablePath='<DVTFilePath:0x60001d04c960:'/Users/abservetech/Library/Developer/Xcode/Archives/2023-07-17/eLiift 17-07-23, 11.44 AM.xcarchive/Products/Applications/eLiift.app/Frameworks/leveldb.framework/leveldb'>', hardenedRuntime='0'>'>
2023-07-17 06:16:12 +0000  Skipping stripping extended attributes of item: <IDEDistributionItem: 0x60001d10d740; bundleID='com.apple.dt.runtime.swiftConcurrency', path='<DVTFilePath:0x600011a57d80:'/Users/abservetech/Library/Developer/Xcode/Archives/2023-07-17/eLiift 17-07-23, 11.44 AM.xcarchive/Products/Applications/eLiift.app/Frameworks/libswift_Concurrency.dylib'>', codeSigningInfo='<_DVTCodeSigningInformation_Path: 0x6000754e6170; isSigned='1', isAdHocSigned='0', signingCertificate='<DVTSigningCertificate: 0x600004060210; name='Apple Distribution: ABSERVETECH PRIVATE LIMITED (F6G9374LLZ)', hash='6E40B4C79DABAE5AE5961A2B18DA486AEC452F3C', serialNumber='5FC7B8D843904D447006DCCCE84B0656', certificateKinds='(
    "1.2.840.113635.100.6.1.7",
    "1.2.840.113635.100.6.1.4"
), issueDate='2022-11-14 09:25:49 +0000''>', entitlements='(null)', teamID='F6G9374LLZ', identifier='com.apple.dt.runtime.swiftConcurrency', executablePath='<DVTFilePath:0x600011a57d80:'/Users/abservetech/Library/Developer/Xcode/Archives/2023-07-17/eLiift 17-07-23, 11.44 AM.xcarchive/Products/Applications/eLiift.app/Frameworks/libswift_Concurrency.dylib'>', hardenedRuntime='0'>'>
2023-07-17 06:16:12 +0000  Skipping stripping extended attributes of item: <IDEDistributionItem: 0x60001d1dfb40; bundleID='org.cocoapods.nanopb', path='<DVTFilePath:0x60001dc90700:'/Users/abservetech/Library/Developer/Xcode/Archives/2023-07-17/eLiift 17-07-23, 11.44 AM.xcarchive/Products/Applications/eLiift.app/Frameworks/nanopb.framework'>', codeSigningInfo='<_DVTCodeSigningInformation_Path: 0x6000754b2300; isSigned='1', isAdHocSigned='0', signingCertificate='<DVTSigningCertificate: 0x6000083ac210; name='Apple Distribution: ABSERVETECH PRIVATE LIMITED (F6G9374LLZ)', hash='6E40B4C79DABAE5AE5961A2B18DA486AEC452F3C', serialNumber='5FC7B8D843904D447006DCCCE84B0656', certificateKinds='(
    "1.2.840.113635.100.6.1.7",
    "1.2.840.113635.100.6.1.4"
), issueDate='2022-11-14 09:25:49 +0000''>', entitlements='(null)', teamID='F6G9374LLZ', identifier='org.cocoapods.nanopb', executablePath='<DVTFilePath:0x6000190b8ea0:'/Users/abservetech/Library/Developer/Xcode/Archives/2023-07-17/eLiift 17-07-23, 11.44 AM.xcarchive/Products/Applications/eLiift.app/Frameworks/nanopb.framework/nanopb'>', hardenedRuntime='0'>'>
2023-07-17 06:16:12 +0000  Running /usr/bin/xattr '-crs' '/var/folders/jk/cq_68h790_s6pqybtrp646840000gn/T/XcodeDistPipeline.~~~AFayZA/Root/Payload/eLiift.app'
2023-07-17 06:16:12 +0000  /usr/bin/xattr exited with 0
2023-07-17 06:16:12 +0000  Processing step: IDEDistributionCodesignStep
2023-07-17 06:16:12 +0000  Entitlements for <IDEDistributionItem: 0x60001d124120; bundleID='org.cocoapods.Cosmos', path='<DVTFilePath:0x60001dc28930:'/Users/abservetech/Library/Developer/Xcode/Archives/2023-07-17/eLiift 17-07-23, 11.44 AM.xcarchive/Products/Applications/eLiift.app/Frameworks/Cosmos.framework'>', codeSigningInfo='<_DVTCodeSigningInformation_Path: 0x6000754a2fd0; isSigned='1', isAdHocSigned='0', signingCertificate='<DVTSigningCertificate: 0x6000083ac210; name='Apple Distribution: ABSERVETECH PRIVATE LIMITED (F6G9374LLZ)', hash='6E40B4C79DABAE5AE5961A2B18DA486AEC452F3C', serialNumber='5FC7B8D843904D447006DCCCE84B0656', certificateKinds='(
    "1.2.840.113635.100.6.1.7",
    "1.2.840.113635.100.6.1.4"
), issueDate='2022-11-14 09:25:49 +0000''>', entitlements='(null)', teamID='F6G9374LLZ', identifier='org.cocoapods.Cosmos', executablePath='<DVTFilePath:0x60001d1cd5c0:'/Users/abservetech/Library/Developer/Xcode/Archives/2023-07-17/eLiift 17-07-23, 11.44 AM.xcarchive/Products/Applications/eLiift.app/Frameworks/Cosmos.framework/Cosmos'>', hardenedRuntime='0'>'>: {
}
2023-07-17 06:16:12 +0000  Entitlements for <IDEDistributionItem: 0x60001d124120; bundleID='org.cocoapods.Cosmos', path='<DVTFilePath:0x60001dc28930:'/Users/abservetech/Library/Developer/Xcode/Archives/2023-07-17/eLiift 17-07-23, 11.44 AM.xcarchive/Products/Applications/eLiift.app/Frameworks/Cosmos.framework'>', codeSigningInfo='<_DVTCodeSigningInformation_Path: 0x6000754a2fd0; isSigned='1', isAdHocSigned='0', signingCertificate='<DVTSigningCertificate: 0x6000083ae7e0; name='Apple Distribution: ABSERVETECH PRIVATE LIMITED (F6G9374LLZ)', hash='6E40B4C79DABAE5AE5961A2B18DA486AEC452F3C', serialNumber='5FC7B8D843904D447006DCCCE84B0656', certificateKinds='(
    "1.2.840.113635.100.6.1.7",
    "1.2.840.113635.100.6.1.4"
), issueDate='2022-11-14 09:25:49 +0000''>', entitlements='(null)', teamID='F6G9374LLZ', identifier='org.cocoapods.Cosmos', executablePath='<DVTFilePath:0x60001d1cd5c0:'/Users/abservetech/Library/Developer/Xcode/Archives/2023-07-17/eLiift 17-07-23, 11.44 AM.xcarchive/Products/Applications/eLiift.app/Frameworks/Cosmos.framework/Cosmos'>', hardenedRuntime='0'>'> are: {
}
2023-07-17 06:16:12 +0000  Writing entitlements for <IDEDistributionItem: 0x60001d124120; bundleID='org.cocoapods.Cosmos', path='<DVTFilePath:0x60001dc28930:'/Users/abservetech/Library/Developer/Xcode/Archives/2023-07-17/eLiift 17-07-23, 11.44 AM.xcarchive/Products/Applications/eLiift.app/Frameworks/Cosmos.framework'>', codeSigningInfo='<_DVTCodeSigningInformation_Path: 0x6000754a2fd0; isSigned='1', isAdHocSigned='0', signingCertificate='<DVTSigningCertificate: 0x6000083ace70; name='Apple Distribution: ABSERVETECH PRIVATE LIMITED (F6G9374LLZ)', hash='6E40B4C79DABAE5AE5961A2B18DA486AEC452F3C', serialNumber='5FC7B8D843904D447006DCCCE84B0656', certificateKinds='(
    "1.2.840.113635.100.6.1.7",
    "1.2.840.113635.100.6.1.4"
), issueDate='2022-11-14 09:25:49 +0000''>', entitlements='(null)', teamID='F6G9374LLZ', identifier='org.cocoapods.Cosmos', executablePath='<DVTFilePath:0x60001d1cd5c0:'/Users/abservetech/Library/Developer/Xcode/Archives/2023-07-17/eLiift 17-07-23, 11.44 AM.xcarchive/Products/Applications/eLiift.app/Frameworks/Cosmos.framework/Cosmos'>', hardenedRuntime='0'>'> to: /var/folders/jk/cq_68h790_s6pqybtrp646840000gn/T/XcodeDistPipeline.~~~AFayZA/entitlements~~~39jWgf
2023-07-17 06:16:12 +0000  Running /usr/bin/codesign '-vvv' '--force' '--sign' '6E40B4C79DABAE5AE5961A2B18DA486AEC452F3C' '--entitlements' '/var/folders/jk/cq_68h790_s6pqybtrp646840000gn/T/XcodeDistPipeline.~~~AFayZA/entitlements~~~39jWgf' '--generate-entitlement-der' '--preserve-metadata=identifier,flags,runtime' '/var/folders/jk/cq_68h790_s6pqybtrp646840000gn/T/XcodeDistPipeline.~~~AFayZA/Root/Payload/eLiift.app/Frameworks/Cosmos.framework'
2023-07-17 06:16:12 +0000  /var/folders/jk/cq_68h790_s6pqybtrp646840000gn/T/XcodeDistPipeline.~~~AFayZA/Root/Payload/eLiift.app/Frameworks/Cosmos.framework: replacing existing signature
2023-07-17 06:16:12 +0000  /var/folders/jk/cq_68h790_s6pqybtrp646840000gn/T/XcodeDistPipeline.~~~AFayZA/Root/Payload/eLiift.app/Frameworks/Cosmos.framework: signed bundle with Mach-O thin (arm64) [org.cocoapods.Cosmos]
2023-07-17 06:16:12 +0000  /usr/bin/codesign exited with 0
2023-07-17 06:16:12 +0000  Entitlements for <IDEDistributionItem: 0x60001d1025e0; bundleID='org.cocoapods.CountryPickerView', path='<DVTFilePath:0x600011af6700:'/Users/abservetech/Library/Developer/Xcode/Archives/2023-07-17/eLiift 17-07-23, 11.44 AM.xcarchive/Products/Applications/eLiift.app/Frameworks/CountryPickerView.framework'>', codeSigningInfo='<_DVTCodeSigningInformation_Path: 0x6000754a2f80; isSigned='1', isAdHocSigned='0', signingCertificate='<DVTSigningCertificate: 0x6000083ac210; name='Apple Distribution: ABSERVETECH PRIVATE LIMITED (F6G9374LLZ)', hash='6E40B4C79DABAE5AE5961A2B18DA486AEC452F3C', serialNumber='5FC7B8D843904D447006DCCCE84B0656', certificateKinds='(
    "1.2.840.113635.100.6.1.7",
    "1.2.840.113635.100.6.1.4"
), issueDate='2022-11-14 09:25:49 +0000''>', entitlements='(null)', teamID='F6G9374LLZ', identifier='org.cocoapods.CountryPickerView', executablePath='<DVTFilePath:0x60001ddaf6b0:'/Users/abservetech/Library/Developer/Xcode/Archives/2023-07-17/eLiift 17-07-23, 11.44 AM.xcarchive/Products/Applications/eLiift.app/Frameworks/CountryPickerView.framework/CountryPickerView'>', hardenedRuntime='0'>'>: {
}
2023-07-17 06:16:12 +0000  Entitlements for <IDEDistributionItem: 0x60001d1025e0; bundleID='org.cocoapods.CountryPickerView', path='<DVTFilePath:0x600011af6700:'/Users/abservetech/Library/Developer/Xcode/Archives/2023-07-17/eLiift 17-07-23, 11.44 AM.xcarchive/Products/Applications/eLiift.app/Frameworks/CountryPickerView.framework'>', codeSigningInfo='<_DVTCodeSigningInformation_Path: 0x6000754a2f80; isSigned='1', isAdHocSigned='0', signingCertificate='<DVTSigningCertificate: 0x6000083ae7e0; name='Apple Distribution: ABSERVETECH PRIVATE LIMITED (F6G9374LLZ)', hash='6E40B4C79DABAE5AE5961A2B18DA486AEC452F3C', serialNumber='5FC7B8D843904D447006DCCCE84B0656', certificateKinds='(
    "1.2.840.113635.100.6.1.7",
    "1.2.840.113635.100.6.1.4"
), issueDate='2022-11-14 09:25:49 +0000''>', entitlements='(null)', teamID='F6G9374LLZ', identifier='org.cocoapods.CountryPickerView', executablePath='<DVTFilePath:0x60001ddaf6b0:'/Users/abservetech/Library/Developer/Xcode/Archives/2023-07-17/eLiift 17-07-23, 11.44 AM.xcarchive/Products/Applications/eLiift.app/Frameworks/CountryPickerView.framework/CountryPickerView'>', hardenedRuntime='0'>'> are: {
}
2023-07-17 06:16:12 +0000  Writing entitlements for <IDEDistributionItem: 0x60001d1025e0; bundleID='org.cocoapods.CountryPickerView', path='<DVTFilePath:0x600011af6700:'/Users/abservetech/Library/Developer/Xcode/Archives/2023-07-17/eLiift 17-07-23, 11.44 AM.xcarchive/Products/Applications/eLiift.app/Frameworks/CountryPickerView.framework'>', codeSigningInfo='<_DVTCodeSigningInformation_Path: 0x6000754a2f80; isSigned='1', isAdHocSigned='0', signingCertificate='<DVTSigningCertificate: 0x6000083ace70; name='Apple Distribution: ABSERVETECH PRIVATE LIMITED (F6G9374LLZ)', hash='6E40B4C79DABAE5AE5961A2B18DA486AEC452F3C', serialNumber='5FC7B8D843904D447006DCCCE84B0656', certificateKinds='(
    "1.2.840.113635.100.6.1.7",
    "1.2.840.113635.100.6.1.4"
), issueDate='2022-11-14 09:25:49 +0000''>', entitlements='(null)', teamID='F6G9374LLZ', identifier='org.cocoapods.CountryPickerView', executablePath='<DVTFilePath:0x60001ddaf6b0:'/Users/abservetech/Library/Developer/Xcode/Archives/2023-07-17/eLiift 17-07-23, 11.44 AM.xcarchive/Products/Applications/eLiift.app/Frameworks/CountryPickerView.framework/CountryPickerView'>', hardenedRuntime='0'>'> to: /var/folders/jk/cq_68h790_s6pqybtrp646840000gn/T/XcodeDistPipeline.~~~AFayZA/entitlements~~~WbD6St
2023-07-17 06:16:12 +0000  Running /usr/bin/codesign '-vvv' '--force' '--sign' '6E40B4C79DABAE5AE5961A2B18DA486AEC452F3C' '--entitlements' '/var/folders/jk/cq_68h790_s6pqybtrp646840000gn/T/XcodeDistPipeline.~~~AFayZA/entitlements~~~WbD6St' '--generate-entitlement-der' '--preserve-metadata=identifier,flags,runtime' '/var/folders/jk/cq_68h790_s6pqybtrp646840000gn/T/XcodeDistPipeline.~~~AFayZA/Root/Payload/eLiift.app/Frameworks/CountryPickerView.framework'
2023-07-17 06:16:12 +0000  /var/folders/jk/cq_68h790_s6pqybtrp646840000gn/T/XcodeDistPipeline.~~~AFayZA/Root/Payload/eLiift.app/Frameworks/CountryPickerView.framework: replacing existing signature
2023-07-17 06:16:13 +0000  /var/folders/jk/cq_68h790_s6pqybtrp646840000gn/T/XcodeDistPipeline.~~~AFayZA/Root/Payload/eLiift.app/Frameworks/CountryPickerView.framework: signed bundle with Mach-O thin (arm64) [org.cocoapods.CountryPickerView]
2023-07-17 06:16:13 +0000  /usr/bin/codesign exited with 0
2023-07-17 06:16:13 +0000  Entitlements for <IDEDistributionItem: 0x60001d12fe40; bundleID='org.cocoapods.DropDown', path='<DVTFilePath:0x60001dc47170:'/Users/abservetech/Library/Developer/Xcode/Archives/2023-07-17/eLiift 17-07-23, 11.44 AM.xcarchive/Products/Applications/eLiift.app/Frameworks/DropDown.framework'>', codeSigningInfo='<_DVTCodeSigningInformation_Path: 0x6000754b19f0; isSigned='1', isAdHocSigned='0', signingCertificate='<DVTSigningCertificate: 0x600004067e90; name='Apple Distribution: ABSERVETECH PRIVATE LIMITED (F6G9374LLZ)', hash='6E40B4C79DABAE5AE5961A2B18DA486AEC452F3C', serialNumber='5FC7B8D843904D447006DCCCE84B0656', certificateKinds='(
    "1.2.840.113635.100.6.1.7",
    "1.2.840.113635.100.6.1.4"
), issueDate='2022-11-14 09:25:49 +0000''>', entitlements='(null)', teamID='F6G9374LLZ', identifier='org.cocoapods.DropDown', executablePath='<DVTFilePath:0x60001dc56760:'/Users/abservetech/Library/Developer/Xcode/Archives/2023-07-17/eLiift 17-07-23, 11.44 AM.xcarchive/Products/Applications/eLiift.app/Frameworks/DropDown.framework/DropDown'>', hardenedRuntime='0'>'>: {
}
2023-07-17 06:16:13 +0000  Entitlements for <IDEDistributionItem: 0x60001d12fe40; bundleID='org.cocoapods.DropDown', path='<DVTFilePath:0x60001dc47170:'/Users/abservetech/Library/Developer/Xcode/Archives/2023-07-17/eLiift 17-07-23, 11.44 AM.xcarchive/Products/Applications/eLiift.app/Frameworks/DropDown.framework'>', codeSigningInfo='<_DVTCodeSigningInformation_Path: 0x6000754b19f0; isSigned='1', isAdHocSigned='0', signingCertificate='<DVTSigningCertificate: 0x600004029ce0; name='Apple Distribution: ABSERVETECH PRIVATE LIMITED (F6G9374LLZ)', hash='6E40B4C79DABAE5AE5961A2B18DA486AEC452F3C', serialNumber='5FC7B8D843904D447006DCCCE84B0656', certificateKinds='(
    "1.2.840.113635.100.6.1.7",
    "1.2.840.113635.100.6.1.4"
), issueDate='2022-11-14 09:25:49 +0000''>', entitlements='(null)', teamID='F6G9374LLZ', identifier='org.cocoapods.DropDown', executablePath='<DVTFilePath:0x60001dc56760:'/Users/abservetech/Library/Developer/Xcode/Archives/2023-07-17/eLiift 17-07-23, 11.44 AM.xcarchive/Products/Applications/eLiift.app/Frameworks/DropDown.framework/DropDown'>', hardenedRuntime='0'>'> are: {
}
2023-07-17 06:16:13 +0000  Writing entitlements for <IDEDistributionItem: 0x60001d12fe40; bundleID='org.cocoapods.DropDown', path='<DVTFilePath:0x60001dc47170:'/Users/abservetech/Library/Developer/Xcode/Archives/2023-07-17/eLiift 17-07-23, 11.44 AM.xcarchive/Products/Applications/eLiift.app/Frameworks/DropDown.framework'>', codeSigningInfo='<_DVTCodeSigningInformation_Path: 0x6000754b19f0; isSigned='1', isAdHocSigned='0', signingCertificate='<DVTSigningCertificate: 0x6000083ac210; name='Apple Distribution: ABSERVETECH PRIVATE LIMITED (F6G9374LLZ)', hash='6E40B4C79DABAE5AE5961A2B18DA486AEC452F3C', serialNumber='5FC7B8D843904D447006DCCCE84B0656', certificateKinds='(
    "1.2.840.113635.100.6.1.7",
    "1.2.840.113635.100.6.1.4"
), issueDate='2022-11-14 09:25:49 +0000''>', entitlements='(null)', teamID='F6G9374LLZ', identifier='org.cocoapods.DropDown', executablePath='<DVTFilePath:0x60001dc56760:'/Users/abservetech/Library/Developer/Xcode/Archives/2023-07-17/eLiift 17-07-23, 11.44 AM.xcarchive/Products/Applications/eLiift.app/Frameworks/DropDown.framework/DropDown'>', hardenedRuntime='0'>'> to: /var/folders/jk/cq_68h790_s6pqybtrp646840000gn/T/XcodeDistPipeline.~~~AFayZA/entitlements~~~KLfccE
2023-07-17 06:16:13 +0000  Running /usr/bin/codesign '-vvv' '--force' '--sign' '6E40B4C79DABAE5AE5961A2B18DA486AEC452F3C' '--entitlements' '/var/folders/jk/cq_68h790_s6pqybtrp646840000gn/T/XcodeDistPipeline.~~~AFayZA/entitlements~~~KLfccE' '--generate-entitlement-der' '--preserve-metadata=identifier,flags,runtime' '/var/folders/jk/cq_68h790_s6pqybtrp646840000gn/T/XcodeDistPipeline.~~~AFayZA/Root/Payload/eLiift.app/Frameworks/DropDown.framework'
2023-07-17 06:16:13 +0000  /var/folders/jk/cq_68h790_s6pqybtrp646840000gn/T/XcodeDistPipeline.~~~AFayZA/Root/Payload/eLiift.app/Frameworks/DropDown.framework: replacing existing signature
2023-07-17 06:16:13 +0000  /var/folders/jk/cq_68h790_s6pqybtrp646840000gn/T/XcodeDistPipeline.~~~AFayZA/Root/Payload/eLiift.app/Frameworks/DropDown.framework: signed bundle with Mach-O thin (arm64) [org.cocoapods.DropDown]
2023-07-17 06:16:13 +0000  /usr/bin/codesign exited with 0
2023-07-17 06:16:13 +0000  Entitlements for <IDEDistributionItem: 0x60001d124f00; bundleID='org.cocoapods.FBLPromises', path='<DVTFilePath:0x60001dc474f0:'/Users/abservetech/Library/Developer/Xcode/Archives/2023-07-17/eLiift 17-07-23, 11.44 AM.xcarchive/Products/Applications/eLiift.app/Frameworks/FBLPromises.framework'>', codeSigningInfo='<_DVTCodeSigningInformation_Path: 0x6000754a01e0; isSigned='1', isAdHocSigned='0', signingCertificate='<DVTSigningCertificate: 0x6000083ac210; name='Apple Distribution: ABSERVETECH PRIVATE LIMITED (F6G9374LLZ)', hash='6E40B4C79DABAE5AE5961A2B18DA486AEC452F3C', serialNumber='5FC7B8D843904D447006DCCCE84B0656', certificateKinds='(
    "1.2.840.113635.100.6.1.7",
    "1.2.840.113635.100.6.1.4"
), issueDate='2022-11-14 09:25:49 +0000''>', entitlements='(null)', teamID='F6G9374LLZ', identifier='org.cocoapods.FBLPromises', executablePath='<DVTFilePath:0x60001dd2cd90:'/Users/abservetech/Library/Developer/Xcode/Archives/2023-07-17/eLiift 17-07-23, 11.44 AM.xcarchive/Products/Applications/eLiift.app/Frameworks/FBLPromises.framework/FBLPromises'>', hardenedRuntime='0'>'>: {
}
2023-07-17 06:16:13 +0000  Entitlements for <IDEDistributionItem: 0x60001d124f00; bundleID='org.cocoapods.FBLPromises', path='<DVTFilePath:0x60001dc474f0:'/Users/abservetech/Library/Developer/Xcode/Archives/2023-07-17/eLiift 17-07-23, 11.44 AM.xcarchive/Products/Applications/eLiift.app/Frameworks/FBLPromises.framework'>', codeSigningInfo='<_DVTCodeSigningInformation_Path: 0x6000754a01e0; isSigned='1', isAdHocSigned='0', signingCertificate='<DVTSigningCertificate: 0x600004028f20; name='Apple Distribution: ABSERVETECH PRIVATE LIMITED (F6G9374LLZ)', hash='6E40B4C79DABAE5AE5961A2B18DA486AEC452F3C', serialNumber='5FC7B8D843904D447006DCCCE84B0656', certificateKinds='(
    "1.2.840.113635.100.6.1.7",
    "1.2.840.113635.100.6.1.4"
), issueDate='2022-11-14 09:25:49 +0000''>', entitlements='(null)', teamID='F6G9374LLZ', identifier='org.cocoapods.FBLPromises', executablePath='<DVTFilePath:0x60001dd2cd90:'/Users/abservetech/Library/Developer/Xcode/Archives/2023-07-17/eLiift 17-07-23, 11.44 AM.xcarchive/Products/Applications/eLiift.app/Frameworks/FBLPromises.framework/FBLPromises'>', hardenedRuntime='0'>'> are: {
}
2023-07-17 06:16:13 +0000  Writing entitlements for <IDEDistributionItem: 0x60001d124f00; bundleID='org.cocoapods.FBLPromises', path='<DVTFilePath:0x60001dc474f0:'/Users/abservetech/Library/Developer/Xcode/Archives/2023-07-17/eLiift 17-07-23, 11.44 AM.xcarchive/Products/Applications/eLiift.app/Frameworks/FBLPromises.framework'>', codeSigningInfo='<_DVTCodeSigningInformation_Path: 0x6000754a01e0; isSigned='1', isAdHocSigned='0', signingCertificate='<DVTSigningCertificate: 0x6000083ae730; name='Apple Distribution: ABSERVETECH PRIVATE LIMITED (F6G9374LLZ)', hash='6E40B4C79DABAE5AE5961A2B18DA486AEC452F3C', serialNumber='5FC7B8D843904D447006DCCCE84B0656', certificateKinds='(
    "1.2.840.113635.100.6.1.7",
    "1.2.840.113635.100.6.1.4"
), issueDate='2022-11-14 09:25:49 +0000''>', entitlements='(null)', teamID='F6G9374LLZ', identifier='org.cocoapods.FBLPromises', executablePath='<DVTFilePath:0x60001dd2cd90:'/Users/abservetech/Library/Developer/Xcode/Archives/2023-07-17/eLiift 17-07-23, 11.44 AM.xcarchive/Products/Applications/eLiift.app/Frameworks/FBLPromises.framework/FBLPromises'>', hardenedRuntime='0'>'> to: /var/folders/jk/cq_68h790_s6pqybtrp646840000gn/T/XcodeDistPipeline.~~~AFayZA/entitlements~~~qOnfJK
2023-07-17 06:16:13 +0000  Running /usr/bin/codesign '-vvv' '--force' '--sign' '6E40B4C79DABAE5AE5961A2B18DA486AEC452F3C' '--entitlements' '/var/folders/jk/cq_68h790_s6pqybtrp646840000gn/T/XcodeDistPipeline.~~~AFayZA/entitlements~~~qOnfJK' '--generate-entitlement-der' '--preserve-metadata=identifier,flags,runtime' '/var/folders/jk/cq_68h790_s6pqybtrp646840000gn/T/XcodeDistPipeline.~~~AFayZA/Root/Payload/eLiift.app/Frameworks/FBLPromises.framework'
2023-07-17 06:16:13 +0000  /var/folders/jk/cq_68h790_s6pqybtrp646840000gn/T/XcodeDistPipeline.~~~AFayZA/Root/Payload/eLiift.app/Frameworks/FBLPromises.framework: replacing existing signature
2023-07-17 06:16:13 +0000  /var/folders/jk/cq_68h790_s6pqybtrp646840000gn/T/XcodeDistPipeline.~~~AFayZA/Root/Payload/eLiift.app/Frameworks/FBLPromises.framework: signed bundle with Mach-O thin (arm64) [org.cocoapods.FBLPromises]
2023-07-17 06:16:13 +0000  /usr/bin/codesign exited with 0
2023-07-17 06:16:13 +0000  Entitlements for <IDEDistributionItem: 0x60001d07af40; bundleID='org.cocoapods.FirebaseABTesting', path='<DVTFilePath:0x600011abd300:'/Users/abservetech/Library/Developer/Xcode/Archives/2023-07-17/eLiift 17-07-23, 11.44 AM.xcarchive/Products/Applications/eLiift.app/Frameworks/FirebaseABTesting.framework'>', codeSigningInfo='<_DVTCodeSigningInformation_Path: 0x6000757d53b0; isSigned='1', isAdHocSigned='0', signingCertificate='<DVTSigningCertificate: 0x6000040de520; name='Apple Distribution: ABSERVETECH PRIVATE LIMITED (F6G9374LLZ)', hash='6E40B4C79DABAE5AE5961A2B18DA486AEC452F3C', serialNumber='5FC7B8D843904D447006DCCCE84B0656', certificateKinds='(
    "1.2.840.113635.100.6.1.7",
    "1.2.840.113635.100.6.1.4"
), issueDate='2022-11-14 09:25:49 +0000''>', entitlements='(null)', teamID='F6G9374LLZ', identifier='org.cocoapods.FirebaseABTesting', executablePath='<DVTFilePath:0x60001dd22fb0:'/Users/abservetech/Library/Developer/Xcode/Archives/2023-07-17/eLiift 17-07-23, 11.44 AM.xcarchive/Products/Applications/eLiift.app/Frameworks/FirebaseABTesting.framework/FirebaseABTesting'>', hardenedRuntime='0'>'>: {
}
2023-07-17 06:16:13 +0000  Entitlements for <IDEDistributionItem: 0x60001d07af40; bundleID='org.cocoapods.FirebaseABTesting', path='<DVTFilePath:0x600011abd300:'/Users/abservetech/Library/Developer/Xcode/Archives/2023-07-17/eLiift 17-07-23, 11.44 AM.xcarchive/Products/Applications/eLiift.app/Frameworks/FirebaseABTesting.framework'>', codeSigningInfo='<_DVTCodeSigningInformation_Path: 0x6000757d53b0; isSigned='1', isAdHocSigned='0', signingCertificate='<DVTSigningCertificate: 0x6000040616b0; name='Apple Distribution: ABSERVETECH PRIVATE LIMITED (F6G9374LLZ)', hash='6E40B4C79DABAE5AE5961A2B18DA486AEC452F3C', serialNumber='5FC7B8D843904D447006DCCCE84B0656', certificateKinds='(
    "1.2.840.113635.100.6.1.7",
    "1.2.840.113635.100.6.1.4"
), issueDate='2022-11-14 09:25:49 +0000''>', entitlements='(null)', teamID='F6G9374LLZ', identifier='org.cocoapods.FirebaseABTesting', executablePath='<DVTFilePath:0x60001dd22fb0:'/Users/abservetech/Library/Developer/Xcode/Archives/2023-07-17/eLiift 17-07-23, 11.44 AM.xcarchive/Products/Applications/eLiift.app/Frameworks/FirebaseABTesting.framework/FirebaseABTesting'>', hardenedRuntime='0'>'> are: {
}
2023-07-17 06:16:13 +0000  Writing entitlements for <IDEDistributionItem: 0x60001d07af40; bundleID='org.cocoapods.FirebaseABTesting', path='<DVTFilePath:0x600011abd300:'/Users/abservetech/Library/Developer/Xcode/Archives/2023-07-17/eLiift 17-07-23, 11.44 AM.xcarchive/Products/Applications/eLiift.app/Frameworks/FirebaseABTesting.framework'>', codeSigningInfo='<_DVTCodeSigningInformation_Path: 0x6000757d53b0; isSigned='1', isAdHocSigned='0', signingCertificate='<DVTSigningCertificate: 0x6000083ac210; name='Apple Distribution: ABSERVETECH PRIVATE LIMITED (F6G9374LLZ)', hash='6E40B4C79DABAE5AE5961A2B18DA486AEC452F3C', serialNumber='5FC7B8D843904D447006DCCCE84B0656', certificateKinds='(
    "1.2.840.113635.100.6.1.7",
    "1.2.840.113635.100.6.1.4"
), issueDate='2022-11-14 09:25:49 +0000''>', entitlements='(null)', teamID='F6G9374LLZ', identifier='org.cocoapods.FirebaseABTesting', executablePath='<DVTFilePath:0x60001dd22fb0:'/Users/abservetech/Library/Developer/Xcode/Archives/2023-07-17/eLiift 17-07-23, 11.44 AM.xcarchive/Products/Applications/eLiift.app/Frameworks/FirebaseABTesting.framework/FirebaseABTesting'>', hardenedRuntime='0'>'> to: /var/folders/jk/cq_68h790_s6pqybtrp646840000gn/T/XcodeDistPipeline.~~~AFayZA/entitlements~~~YQKW5o
2023-07-17 06:16:13 +0000  Running /usr/bin/codesign '-vvv' '--force' '--sign' '6E40B4C79DABAE5AE5961A2B18DA486AEC452F3C' '--entitlements' '/var/folders/jk/cq_68h790_s6pqybtrp646840000gn/T/XcodeDistPipeline.~~~AFayZA/entitlements~~~YQKW5o' '--generate-entitlement-der' '--preserve-metadata=identifier,flags,runtime' '/var/folders/jk/cq_68h790_s6pqybtrp646840000gn/T/XcodeDistPipeline.~~~AFayZA/Root/Payload/eLiift.app/Frameworks/FirebaseABTesting.framework'
2023-07-17 06:16:13 +0000  /var/folders/jk/cq_68h790_s6pqybtrp646840000gn/T/XcodeDistPipeline.~~~AFayZA/Root/Payload/eLiift.app/Frameworks/FirebaseABTesting.framework: replacing existing signature
2023-07-17 06:16:13 +0000  /var/folders/jk/cq_68h790_s6pqybtrp646840000gn/T/XcodeDistPipeline.~~~AFayZA/Root/Payload/eLiift.app/Frameworks/FirebaseABTesting.framework: signed bundle with Mach-O thin (arm64) [org.cocoapods.FirebaseABTesting]
2023-07-17 06:16:13 +0000  /usr/bin/codesign exited with 0
2023-07-17 06:16:13 +0000  Entitlements for <IDEDistributionItem: 0x60001d123d80; bundleID='org.cocoapods.FirebaseCore', path='<DVTFilePath:0x60001dc47aa0:'/Users/abservetech/Library/Developer/Xcode/Archives/2023-07-17/eLiift 17-07-23, 11.44 AM.xcarchive/Products/Applications/eLiift.app/Frameworks/FirebaseCore.framework'>', codeSigningInfo='<_DVTCodeSigningInformation_Path: 0x6000754ae670; isSigned='1', isAdHocSigned='0', signingCertificate='<DVTSigningCertificate: 0x6000040de520; name='Apple Distribution: ABSERVETECH PRIVATE LIMITED (F6G9374LLZ)', hash='6E40B4C79DABAE5AE5961A2B18DA486AEC452F3C', serialNumber='5FC7B8D843904D447006DCCCE84B0656', certificateKinds='(
    "1.2.840.113635.100.6.1.7",
    "1.2.840.113635.100.6.1.4"
), issueDate='2022-11-14 09:25:49 +0000''>', entitlements='(null)', teamID='F6G9374LLZ', identifier='org.cocoapods.FirebaseCore', executablePath='<DVTFilePath:0x60001ddd7f70:'/Users/abservetech/Library/Developer/Xcode/Archives/2023-07-17/eLiift 17-07-23, 11.44 AM.xcarchive/Products/Applications/eLiift.app/Frameworks/FirebaseCore.framework/FirebaseCore'>', hardenedRuntime='0'>'>: {
}
2023-07-17 06:16:13 +0000  Entitlements for <IDEDistributionItem: 0x60001d123d80; bundleID='org.cocoapods.FirebaseCore', path='<DVTFilePath:0x60001dc47aa0:'/Users/abservetech/Library/Developer/Xcode/Archives/2023-07-17/eLiift 17-07-23, 11.44 AM.xcarchive/Products/Applications/eLiift.app/Frameworks/FirebaseCore.framework'>', codeSigningInfo='<_DVTCodeSigningInformation_Path: 0x6000754ae670; isSigned='1', isAdHocSigned='0', signingCertificate='<DVTSigningCertificate: 0x6000083ae680; name='Apple Distribution: ABSERVETECH PRIVATE LIMITED (F6G9374LLZ)', hash='6E40B4C79DABAE5AE5961A2B18DA486AEC452F3C', serialNumber='5FC7B8D843904D447006DCCCE84B0656', certificateKinds='(
    "1.2.840.113635.100.6.1.7",
    "1.2.840.113635.100.6.1.4"
), issueDate='2022-11-14 09:25:49 +0000''>', entitlements='(null)', teamID='F6G9374LLZ', identifier='org.cocoapods.FirebaseCore', executablePath='<DVTFilePath:0x60001ddd7f70:'/Users/abservetech/Library/Developer/Xcode/Archives/2023-07-17/eLiift 17-07-23, 11.44 AM.xcarchive/Products/Applications/eLiift.app/Frameworks/FirebaseCore.framework/FirebaseCore'>', hardenedRuntime='0'>'> are: {
}
2023-07-17 06:16:13 +0000  Writing entitlements for <IDEDistributionItem: 0x60001d123d80; bundleID='org.cocoapods.FirebaseCore', path='<DVTFilePath:0x60001dc47aa0:'/Users/abservetech/Library/Developer/Xcode/Archives/2023-07-17/eLiift 17-07-23, 11.44 AM.xcarchive/Products/Applications/eLiift.app/Frameworks/FirebaseCore.framework'>', codeSigningInfo='<_DVTCodeSigningInformation_Path: 0x6000754ae670; isSigned='1', isAdHocSigned='0', signingCertificate='<DVTSigningCertificate: 0x6000083ae7e0; name='Apple Distribution: ABSERVETECH PRIVATE LIMITED (F6G9374LLZ)', hash='6E40B4C79DABAE5AE5961A2B18DA486AEC452F3C', serialNumber='5FC7B8D843904D447006DCCCE84B0656', certificateKinds='(
    "1.2.840.113635.100.6.1.7",
    "1.2.840.113635.100.6.1.4"
), issueDate='2022-11-14 09:25:49 +0000''>', entitlements='(null)', teamID='F6G9374LLZ', identifier='org.cocoapods.FirebaseCore', executablePath='<DVTFilePath:0x60001ddd7f70:'/Users/abservetech/Library/Developer/Xcode/Archives/2023-07-17/eLiift 17-07-23, 11.44 AM.xcarchive/Products/Applications/eLiift.app/Frameworks/FirebaseCore.framework/FirebaseCore'>', hardenedRuntime='0'>'> to: /var/folders/jk/cq_68h790_s6pqybtrp646840000gn/T/XcodeDistPipeline.~~~AFayZA/entitlements~~~xT9MRA
2023-07-17 06:16:13 +0000  Running /usr/bin/codesign '-vvv' '--force' '--sign' '6E40B4C79DABAE5AE5961A2B18DA486AEC452F3C' '--entitlements' '/var/folders/jk/cq_68h790_s6pqybtrp646840000gn/T/XcodeDistPipeline.~~~AFayZA/entitlements~~~xT9MRA' '--generate-entitlement-der' '--preserve-metadata=identifier,flags,runtime' '/var/folders/jk/cq_68h790_s6pqybtrp646840000gn/T/XcodeDistPipeline.~~~AFayZA/Root/Payload/eLiift.app/Frameworks/FirebaseCore.framework'
2023-07-17 06:16:13 +0000  /var/folders/jk/cq_68h790_s6pqybtrp646840000gn/T/XcodeDistPipeline.~~~AFayZA/Root/Payload/eLiift.app/Frameworks/FirebaseCore.framework: replacing existing signature
2023-07-17 06:16:14 +0000  /var/folders/jk/cq_68h790_s6pqybtrp646840000gn/T/XcodeDistPipeline.~~~AFayZA/Root/Payload/eLiift.app/Frameworks/FirebaseCore.framework: signed bundle with Mach-O thin (arm64) [org.cocoapods.FirebaseCore]
2023-07-17 06:16:14 +0000  /usr/bin/codesign exited with 0
2023-07-17 06:16:14 +0000  Entitlements for <IDEDistributionItem: 0x60001d127060; bundleID='org.cocoapods.FirebaseCoreDiagnostics', path='<DVTFilePath:0x600011abd380:'/Users/abservetech/Library/Developer/Xcode/Archives/2023-07-17/eLiift 17-07-23, 11.44 AM.xcarchive/Products/Applications/eLiift.app/Frameworks/FirebaseCoreDiagnostics.framework'>', codeSigningInfo='<_DVTCodeSigningInformation_Path: 0x6000754e9400; isSigned='1', isAdHocSigned='0', signingCertificate='<DVTSigningCertificate: 0x6000083ac210; name='Apple Distribution: ABSERVETECH PRIVATE LIMITED (F6G9374LLZ)', hash='6E40B4C79DABAE5AE5961A2B18DA486AEC452F3C', serialNumber='5FC7B8D843904D447006DCCCE84B0656', certificateKinds='(
    "1.2.840.113635.100.6.1.7",
    "1.2.840.113635.100.6.1.4"
), issueDate='2022-11-14 09:25:49 +0000''>', entitlements='(null)', teamID='F6G9374LLZ', identifier='org.cocoapods.FirebaseCoreDiagnostics', executablePath='<DVTFilePath:0x60001dd228b0:'/Users/abservetech/Library/Developer/Xcode/Archives/2023-07-17/eLiift 17-07-23, 11.44 AM.xcarchive/Products/Applications/eLiift.app/Frameworks/FirebaseCoreDiagnostics.framework/FirebaseCoreDiagnostics'>', hardenedRuntime='0'>'>: {
}
2023-07-17 06:16:14 +0000  Entitlements for <IDEDistributionItem: 0x60001d127060; bundleID='org.cocoapods.FirebaseCoreDiagnostics', path='<DVTFilePath:0x600011abd380:'/Users/abservetech/Library/Developer/Xcode/Archives/2023-07-17/eLiift 17-07-23, 11.44 AM.xcarchive/Products/Applications/eLiift.app/Frameworks/FirebaseCoreDiagnostics.framework'>', codeSigningInfo='<_DVTCodeSigningInformation_Path: 0x6000754e9400; isSigned='1', isAdHocSigned='0', signingCertificate='<DVTSigningCertificate: 0x6000083ae7e0; name='Apple Distribution: ABSERVETECH PRIVATE LIMITED (F6G9374LLZ)', hash='6E40B4C79DABAE5AE5961A2B18DA486AEC452F3C', serialNumber='5FC7B8D843904D447006DCCCE84B0656', certificateKinds='(
    "1.2.840.113635.100.6.1.7",
    "1.2.840.113635.100.6.1.4"
), issueDate='2022-11-14 09:25:49 +0000''>', entitlements='(null)', teamID='F6G9374LLZ', identifier='org.cocoapods.FirebaseCoreDiagnostics', executablePath='<DVTFilePath:0x60001dd228b0:'/Users/abservetech/Library/Developer/Xcode/Archives/2023-07-17/eLiift 17-07-23, 11.44 AM.xcarchive/Products/Applications/eLiift.app/Frameworks/FirebaseCoreDiagnostics.framework/FirebaseCoreDiagnostics'>', hardenedRuntime='0'>'> are: {
}
2023-07-17 06:16:14 +0000  Writing entitlements for <IDEDistributionItem: 0x60001d127060; bundleID='org.cocoapods.FirebaseCoreDiagnostics', path='<DVTFilePath:0x600011abd380:'/Users/abservetech/Library/Developer/Xcode/Archives/2023-07-17/eLiift 17-07-23, 11.44 AM.xcarchive/Products/Applications/eLiift.app/Frameworks/FirebaseCoreDiagnostics.framework'>', codeSigningInfo='<_DVTCodeSigningInformation_Path: 0x6000754e9400; isSigned='1', isAdHocSigned='0', signingCertificate='<DVTSigningCertificate: 0x6000083ae520; name='Apple Distribution: ABSERVETECH PRIVATE LIMITED (F6G9374LLZ)', hash='6E40B4C79DABAE5AE5961A2B18DA486AEC452F3C', serialNumber='5FC7B8D843904D447006DCCCE84B0656', certificateKinds='(
    "1.2.840.113635.100.6.1.7",
    "1.2.840.113635.100.6.1.4"
), issueDate='2022-11-14 09:25:49 +0000''>', entitlements='(null)', teamID='F6G9374LLZ', identifier='org.cocoapods.FirebaseCoreDiagnostics', executablePath='<DVTFilePath:0x60001dd228b0:'/Users/abservetech/Library/Developer/Xcode/Archives/2023-07-17/eLiift 17-07-23, 11.44 AM.xcarchive/Products/Applications/eLiift.app/Frameworks/FirebaseCoreDiagnostics.framework/FirebaseCoreDiagnostics'>', hardenedRuntime='0'>'> to: /var/folders/jk/cq_68h790_s6pqybtrp646840000gn/T/XcodeDistPipeline.~~~AFayZA/entitlements~~~lrAqVO
2023-07-17 06:16:14 +0000  Running /usr/bin/codesign '-vvv' '--force' '--sign' '6E40B4C79DABAE5AE5961A2B18DA486AEC452F3C' '--entitlements' '/var/folders/jk/cq_68h790_s6pqybtrp646840000gn/T/XcodeDistPipeline.~~~AFayZA/entitlements~~~lrAqVO' '--generate-entitlement-der' '--preserve-metadata=identifier,flags,runtime' '/var/folders/jk/cq_68h790_s6pqybtrp646840000gn/T/XcodeDistPipeline.~~~AFayZA/Root/Payload/eLiift.app/Frameworks/FirebaseCoreDiagnostics.framework'
2023-07-17 06:16:14 +0000  /var/folders/jk/cq_68h790_s6pqybtrp646840000gn/T/XcodeDistPipeline.~~~AFayZA/Root/Payload/eLiift.app/Frameworks/FirebaseCoreDiagnostics.framework: replacing existing signature
2023-07-17 06:16:14 +0000  /var/folders/jk/cq_68h790_s6pqybtrp646840000gn/T/XcodeDistPipeline.~~~AFayZA/Root/Payload/eLiift.app/Frameworks/FirebaseCoreDiagnostics.framework: signed bundle with Mach-O thin (arm64) [org.cocoapods.FirebaseCoreDiagnostics]
2023-07-17 06:16:14 +0000  /usr/bin/codesign exited with 0
2023-07-17 06:16:14 +0000  Entitlements for <IDEDistributionItem: 0x60001d125500; bundleID='org.cocoapods.FirebaseDatabase', path='<DVTFilePath:0x600011abd400:'/Users/abservetech/Library/Developer/Xcode/Archives/2023-07-17/eLiift 17-07-23, 11.44 AM.xcarchive/Products/Applications/eLiift.app/Frameworks/FirebaseDatabase.framework'>', codeSigningInfo='<_DVTCodeSigningInformation_Path: 0x6000754a1b30; isSigned='1', isAdHocSigned='0', signingCertificate='<DVTSigningCertificate: 0x600004067e90; name='Apple Distribution: ABSERVETECH PRIVATE LIMITED (F6G9374LLZ)', hash='6E40B4C79DABAE5AE5961A2B18DA486AEC452F3C', serialNumber='5FC7B8D843904D447006DCCCE84B0656', certificateKinds='(
    "1.2.840.113635.100.6.1.7",
    "1.2.840.113635.100.6.1.4"
), issueDate='2022-11-14 09:25:49 +0000''>', entitlements='(null)', teamID='F6G9374LLZ', identifier='org.cocoapods.FirebaseDatabase', executablePath='<DVTFilePath:0x60001dda6300:'/Users/abservetech/Library/Developer/Xcode/Archives/2023-07-17/eLiift 17-07-23, 11.44 AM.xcarchive/Products/Applications/eLiift.app/Frameworks/FirebaseDatabase.framework/FirebaseDatabase'>', hardenedRuntime='0'>'>: {
}
2023-07-17 06:16:14 +0000  Entitlements for <IDEDistributionItem: 0x60001d125500; bundleID='org.cocoapods.FirebaseDatabase', path='<DVTFilePath:0x600011abd400:'/Users/abservetech/Library/Developer/Xcode/Archives/2023-07-17/eLiift 17-07-23, 11.44 AM.xcarchive/Products/Applications/eLiift.app/Frameworks/FirebaseDatabase.framework'>', codeSigningInfo='<_DVTCodeSigningInformation_Path: 0x6000754a1b30; isSigned='1', isAdHocSigned='0', signingCertificate='<DVTSigningCertificate: 0x6000083ae680; name='Apple Distribution: ABSERVETECH PRIVATE LIMITED (F6G9374LLZ)', hash='6E40B4C79DABAE5AE5961A2B18DA486AEC452F3C', serialNumber='5FC7B8D843904D447006DCCCE84B0656', certificateKinds='(
    "1.2.840.113635.100.6.1.7",
    "1.2.840.113635.100.6.1.4"
), issueDate='2022-11-14 09:25:49 +0000''>', entitlements='(null)', teamID='F6G9374LLZ', identifier='org.cocoapods.FirebaseDatabase', executablePath='<DVTFilePath:0x60001dda6300:'/Users/abservetech/Library/Developer/Xcode/Archives/2023-07-17/eLiift 17-07-23, 11.44 AM.xcarchive/Products/Applications/eLiift.app/Frameworks/FirebaseDatabase.framework/FirebaseDatabase'>', hardenedRuntime='0'>'> are: {
}
2023-07-17 06:16:14 +0000  Writing entitlements for <IDEDistributionItem: 0x60001d125500; bundleID='org.cocoapods.FirebaseDatabase', path='<DVTFilePath:0x600011abd400:'/Users/abservetech/Library/Developer/Xcode/Archives/2023-07-17/eLiift 17-07-23, 11.44 AM.xcarchive/Products/Applications/eLiift.app/Frameworks/FirebaseDatabase.framework'>', codeSigningInfo='<_DVTCodeSigningInformation_Path: 0x6000754a1b30; isSigned='1', isAdHocSigned='0', signingCertificate='<DVTSigningCertificate: 0x6000083ae7e0; name='Apple Distribution: ABSERVETECH PRIVATE LIMITED (F6G9374LLZ)', hash='6E40B4C79DABAE5AE5961A2B18DA486AEC452F3C', serialNumber='5FC7B8D843904D447006DCCCE84B0656', certificateKinds='(
    "1.2.840.113635.100.6.1.7",
    "1.2.840.113635.100.6.1.4"
), issueDate='2022-11-14 09:25:49 +0000''>', entitlements='(null)', teamID='F6G9374LLZ', identifier='org.cocoapods.FirebaseDatabase', executablePath='<DVTFilePath:0x60001dda6300:'/Users/abservetech/Library/Developer/Xcode/Archives/2023-07-17/eLiift 17-07-23, 11.44 AM.xcarchive/Products/Applications/eLiift.app/Frameworks/FirebaseDatabase.framework/FirebaseDatabase'>', hardenedRuntime='0'>'> to: /var/folders/jk/cq_68h790_s6pqybtrp646840000gn/T/XcodeDistPipeline.~~~AFayZA/entitlements~~~czGTlf
2023-07-17 06:16:14 +0000  Running /usr/bin/codesign '-vvv' '--force' '--sign' '6E40B4C79DABAE5AE5961A2B18DA486AEC452F3C' '--entitlements' '/var/folders/jk/cq_68h790_s6pqybtrp646840000gn/T/XcodeDistPipeline.~~~AFayZA/entitlements~~~czGTlf' '--generate-entitlement-der' '--preserve-metadata=identifier,flags,runtime' '/var/folders/jk/cq_68h790_s6pqybtrp646840000gn/T/XcodeDistPipeline.~~~AFayZA/Root/Payload/eLiift.app/Frameworks/FirebaseDatabase.framework'
2023-07-17 06:16:14 +0000  /var/folders/jk/cq_68h790_s6pqybtrp646840000gn/T/XcodeDistPipeline.~~~AFayZA/Root/Payload/eLiift.app/Frameworks/FirebaseDatabase.framework: replacing existing signature
2023-07-17 06:16:14 +0000  /var/folders/jk/cq_68h790_s6pqybtrp646840000gn/T/XcodeDistPipeline.~~~AFayZA/Root/Payload/eLiift.app/Frameworks/FirebaseDatabase.framework: signed bundle with Mach-O thin (arm64) [org.cocoapods.FirebaseDatabase]
2023-07-17 06:16:14 +0000  /usr/bin/codesign exited with 0
2023-07-17 06:16:14 +0000  Entitlements for <IDEDistributionItem: 0x60001d123a20; bundleID='org.cocoapods.FirebaseInstallations', path='<DVTFilePath:0x600011abd500:'/Users/abservetech/Library/Developer/Xcode/Archives/2023-07-17/eLiift 17-07-23, 11.44 AM.xcarchive/Products/Applications/eLiift.app/Frameworks/FirebaseInstallations.framework'>', codeSigningInfo='<_DVTCodeSigningInformation_Path: 0x6000754b1b80; isSigned='1', isAdHocSigned='0', signingCertificate='<DVTSigningCertificate: 0x6000040c0160; name='Apple Distribution: ABSERVETECH PRIVATE LIMITED (F6G9374LLZ)', hash='6E40B4C79DABAE5AE5961A2B18DA486AEC452F3C', serialNumber='5FC7B8D843904D447006DCCCE84B0656', certificateKinds='(
    "1.2.840.113635.100.6.1.7",
    "1.2.840.113635.100.6.1.4"
), issueDate='2022-11-14 09:25:49 +0000''>', entitlements='(null)', teamID='F6G9374LLZ', identifier='org.cocoapods.FirebaseInstallations', executablePath='<DVTFilePath:0x60001ddbd730:'/Users/abservetech/Library/Developer/Xcode/Archives/2023-07-17/eLiift 17-07-23, 11.44 AM.xcarchive/Products/Applications/eLiift.app/Frameworks/FirebaseInstallations.framework/FirebaseInstallations'>', hardenedRuntime='0'>'>: {
}
2023-07-17 06:16:14 +0000  Entitlements for <IDEDistributionItem: 0x60001d123a20; bundleID='org.cocoapods.FirebaseInstallations', path='<DVTFilePath:0x600011abd500:'/Users/abservetech/Library/Developer/Xcode/Archives/2023-07-17/eLiift 17-07-23, 11.44 AM.xcarchive/Products/Applications/eLiift.app/Frameworks/FirebaseInstallations.framework'>', codeSigningInfo='<_DVTCodeSigningInformation_Path: 0x6000754b1b80; isSigned='1', isAdHocSigned='0', signingCertificate='<DVTSigningCertificate: 0x6000083ae680; name='Apple Distribution: ABSERVETECH PRIVATE LIMITED (F6G9374LLZ)', hash='6E40B4C79DABAE5AE5961A2B18DA486AEC452F3C', serialNumber='5FC7B8D843904D447006DCCCE84B0656', certificateKinds='(
    "1.2.840.113635.100.6.1.7",
    "1.2.840.113635.100.6.1.4"
), issueDate='2022-11-14 09:25:49 +0000''>', entitlements='(null)', teamID='F6G9374LLZ', identifier='org.cocoapods.FirebaseInstallations', executablePath='<DVTFilePath:0x60001ddbd730:'/Users/abservetech/Library/Developer/Xcode/Archives/2023-07-17/eLiift 17-07-23, 11.44 AM.xcarchive/Products/Applications/eLiift.app/Frameworks/FirebaseInstallations.framework/FirebaseInstallations'>', hardenedRuntime='0'>'> are: {
}
2023-07-17 06:16:14 +0000  Writing entitlements for <IDEDistributionItem: 0x60001d123a20; bundleID='org.cocoapods.FirebaseInstallations', path='<DVTFilePath:0x600011abd500:'/Users/abservetech/Library/Developer/Xcode/Archives/2023-07-17/eLiift 17-07-23, 11.44 AM.xcarchive/Products/Applications/eLiift.app/Frameworks/FirebaseInstallations.framework'>', codeSigningInfo='<_DVTCodeSigningInformation_Path: 0x6000754b1b80; isSigned='1', isAdHocSigned='0', signingCertificate='<DVTSigningCertificate: 0x6000083ae7e0; name='Apple Distribution: ABSERVETECH PRIVATE LIMITED (F6G9374LLZ)', hash='6E40B4C79DABAE5AE5961A2B18DA486AEC452F3C', serialNumber='5FC7B8D843904D447006DCCCE84B0656', certificateKinds='(
    "1.2.840.113635.100.6.1.7",
    "1.2.840.113635.100.6.1.4"
), issueDate='2022-11-14 09:25:49 +0000''>', entitlements='(null)', teamID='F6G9374LLZ', identifier='org.cocoapods.FirebaseInstallations', executablePath='<DVTFilePath:0x60001ddbd730:'/Users/abservetech/Library/Developer/Xcode/Archives/2023-07-17/eLiift 17-07-23, 11.44 AM.xcarchive/Products/Applications/eLiift.app/Frameworks/FirebaseInstallations.framework/FirebaseInstallations'>', hardenedRuntime='0'>'> to: /var/folders/jk/cq_68h790_s6pqybtrp646840000gn/T/XcodeDistPipeline.~~~AFayZA/entitlements~~~oLZFez
2023-07-17 06:16:14 +0000  Running /usr/bin/codesign '-vvv' '--force' '--sign' '6E40B4C79DABAE5AE5961A2B18DA486AEC452F3C' '--entitlements' '/var/folders/jk/cq_68h790_s6pqybtrp646840000gn/T/XcodeDistPipeline.~~~AFayZA/entitlements~~~oLZFez' '--generate-entitlement-der' '--preserve-metadata=identifier,flags,runtime' '/var/folders/jk/cq_68h790_s6pqybtrp646840000gn/T/XcodeDistPipeline.~~~AFayZA/Root/Payload/eLiift.app/Frameworks/FirebaseInstallations.framework'
2023-07-17 06:16:14 +0000  /var/folders/jk/cq_68h790_s6pqybtrp646840000gn/T/XcodeDistPipeline.~~~AFayZA/Root/Payload/eLiift.app/Frameworks/FirebaseInstallations.framework: replacing existing signature
2023-07-17 06:16:14 +0000  /var/folders/jk/cq_68h790_s6pqybtrp646840000gn/T/XcodeDistPipeline.~~~AFayZA/Root/Payload/eLiift.app/Frameworks/FirebaseInstallations.framework: signed bundle with Mach-O thin (arm64) [org.cocoapods.FirebaseInstallations]
2023-07-17 06:16:14 +0000  /usr/bin/codesign exited with 0
2023-07-17 06:16:14 +0000  Entitlements for <IDEDistributionItem: 0x60001d07b420; bundleID='org.cocoapods.FirebaseMessaging', path='<DVTFilePath:0x600011abd580:'/Users/abservetech/Library/Developer/Xcode/Archives/2023-07-17/eLiift 17-07-23, 11.44 AM.xcarchive/Products/Applications/eLiift.app/Frameworks/FirebaseMessaging.framework'>', codeSigningInfo='<_DVTCodeSigningInformation_Path: 0x6000757a95e0; isSigned='1', isAdHocSigned='0', signingCertificate='<DVTSigningCertificate: 0x6000040ce730; name='Apple Distribution: ABSERVETECH PRIVATE LIMITED (F6G9374LLZ)', hash='6E40B4C79DABAE5AE5961A2B18DA486AEC452F3C', serialNumber='5FC7B8D843904D447006DCCCE84B0656', certificateKinds='(
    "1.2.840.113635.100.6.1.7",
    "1.2.840.113635.100.6.1.4"
), issueDate='2022-11-14 09:25:49 +0000''>', entitlements='(null)', teamID='F6G9374LLZ', identifier='org.cocoapods.FirebaseMessaging', executablePath='<DVTFilePath:0x60001dc542a0:'/Users/abservetech/Library/Developer/Xcode/Archives/2023-07-17/eLiift 17-07-23, 11.44 AM.xcarchive/Products/Applications/eLiift.app/Frameworks/FirebaseMessaging.framework/FirebaseMessaging'>', hardenedRuntime='0'>'>: {
}
2023-07-17 06:16:14 +0000  Entitlements for <IDEDistributionItem: 0x60001d07b420; bundleID='org.cocoapods.FirebaseMessaging', path='<DVTFilePath:0x600011abd580:'/Users/abservetech/Library/Developer/Xcode/Archives/2023-07-17/eLiift 17-07-23, 11.44 AM.xcarchive/Products/Applications/eLiift.app/Frameworks/FirebaseMessaging.framework'>', codeSigningInfo='<_DVTCodeSigningInformation_Path: 0x6000757a95e0; isSigned='1', isAdHocSigned='0', signingCertificate='<DVTSigningCertificate: 0x6000083ae680; name='Apple Distribution: ABSERVETECH PRIVATE LIMITED (F6G9374LLZ)', hash='6E40B4C79DABAE5AE5961A2B18DA486AEC452F3C', serialNumber='5FC7B8D843904D447006DCCCE84B0656', certificateKinds='(
    "1.2.840.113635.100.6.1.7",
    "1.2.840.113635.100.6.1.4"
), issueDate='2022-11-14 09:25:49 +0000''>', entitlements='(null)', teamID='F6G9374LLZ', identifier='org.cocoapods.FirebaseMessaging', executablePath='<DVTFilePath:0x60001dc542a0:'/Users/abservetech/Library/Developer/Xcode/Archives/2023-07-17/eLiift 17-07-23, 11.44 AM.xcarchive/Products/Applications/eLiift.app/Frameworks/FirebaseMessaging.framework/FirebaseMessaging'>', hardenedRuntime='0'>'> are: {
}
2023-07-17 06:16:14 +0000  Writing entitlements for <IDEDistributionItem: 0x60001d07b420; bundleID='org.cocoapods.FirebaseMessaging', path='<DVTFilePath:0x600011abd580:'/Users/abservetech/Library/Developer/Xcode/Archives/2023-07-17/eLiift 17-07-23, 11.44 AM.xcarchive/Products/Applications/eLiift.app/Frameworks/FirebaseMessaging.framework'>', codeSigningInfo='<_DVTCodeSigningInformation_Path: 0x6000757a95e0; isSigned='1', isAdHocSigned='0', signingCertificate='<DVTSigningCertificate: 0x6000083ae7e0; name='Apple Distribution: ABSERVETECH PRIVATE LIMITED (F6G9374LLZ)', hash='6E40B4C79DABAE5AE5961A2B18DA486AEC452F3C', serialNumber='5FC7B8D843904D447006DCCCE84B0656', certificateKinds='(
    "1.2.840.113635.100.6.1.7",
    "1.2.840.113635.100.6.1.4"
), issueDate='2022-11-14 09:25:49 +0000''>', entitlements='(null)', teamID='F6G9374LLZ', identifier='org.cocoapods.FirebaseMessaging', executablePath='<DVTFilePath:0x60001dc542a0:'/Users/abservetech/Library/Developer/Xcode/Archives/2023-07-17/eLiift 17-07-23, 11.44 AM.xcarchive/Products/Applications/eLiift.app/Frameworks/FirebaseMessaging.framework/FirebaseMessaging'>', hardenedRuntime='0'>'> to: /var/folders/jk/cq_68h790_s6pqybtrp646840000gn/T/XcodeDistPipeline.~~~AFayZA/entitlements~~~WpgIQU
2023-07-17 06:16:14 +0000  Running /usr/bin/codesign '-vvv' '--force' '--sign' '6E40B4C79DABAE5AE5961A2B18DA486AEC452F3C' '--entitlements' '/var/folders/jk/cq_68h790_s6pqybtrp646840000gn/T/XcodeDistPipeline.~~~AFayZA/entitlements~~~WpgIQU' '--generate-entitlement-der' '--preserve-metadata=identifier,flags,runtime' '/var/folders/jk/cq_68h790_s6pqybtrp646840000gn/T/XcodeDistPipeline.~~~AFayZA/Root/Payload/eLiift.app/Frameworks/FirebaseMessaging.framework'
2023-07-17 06:16:14 +0000  /var/folders/jk/cq_68h790_s6pqybtrp646840000gn/T/XcodeDistPipeline.~~~AFayZA/Root/Payload/eLiift.app/Frameworks/FirebaseMessaging.framework: replacing existing signature
2023-07-17 06:16:15 +0000  /var/folders/jk/cq_68h790_s6pqybtrp646840000gn/T/XcodeDistPipeline.~~~AFayZA/Root/Payload/eLiift.app/Frameworks/FirebaseMessaging.framework: signed bundle with Mach-O thin (arm64) [org.cocoapods.FirebaseMessaging]
2023-07-17 06:16:15 +0000  /usr/bin/codesign exited with 0
2023-07-17 06:16:15 +0000  Entitlements for <IDEDistributionItem: 0x60001d126160; bundleID='org.cocoapods.FirebaseRemoteConfig', path='<DVTFilePath:0x600011abd600:'/Users/abservetech/Library/Developer/Xcode/Archives/2023-07-17/eLiift 17-07-23, 11.44 AM.xcarchive/Products/Applications/eLiift.app/Frameworks/FirebaseRemoteConfig.framework'>', codeSigningInfo='<_DVTCodeSigningInformation_Path: 0x6000754a52c0; isSigned='1', isAdHocSigned='0', signingCertificate='<DVTSigningCertificate: 0x6000083ac210; name='Apple Distribution: ABSERVETECH PRIVATE LIMITED (F6G9374LLZ)', hash='6E40B4C79DABAE5AE5961A2B18DA486AEC452F3C', serialNumber='5FC7B8D843904D447006DCCCE84B0656', certificateKinds='(
    "1.2.840.113635.100.6.1.7",
    "1.2.840.113635.100.6.1.4"
), issueDate='2022-11-14 09:25:49 +0000''>', entitlements='(null)', teamID='F6G9374LLZ', identifier='org.cocoapods.FirebaseRemoteConfig', executablePath='<DVTFilePath:0x60001ddd4cb0:'/Users/abservetech/Library/Developer/Xcode/Archives/2023-07-17/eLiift 17-07-23, 11.44 AM.xcarchive/Products/Applications/eLiift.app/Frameworks/FirebaseRemoteConfig.framework/FirebaseRemoteConfig'>', hardenedRuntime='0'>'>: {
}
2023-07-17 06:16:15 +0000  Entitlements for <IDEDistributionItem: 0x60001d126160; bundleID='org.cocoapods.FirebaseRemoteConfig', path='<DVTFilePath:0x600011abd600:'/Users/abservetech/Library/Developer/Xcode/Archives/2023-07-17/eLiift 17-07-23, 11.44 AM.xcarchive/Products/Applications/eLiift.app/Frameworks/FirebaseRemoteConfig.framework'>', codeSigningInfo='<_DVTCodeSigningInformation_Path: 0x6000754a52c0; isSigned='1', isAdHocSigned='0', signingCertificate='<DVTSigningCertificate: 0x6000040cda20; name='Apple Distribution: ABSERVETECH PRIVATE LIMITED (F6G9374LLZ)', hash='6E40B4C79DABAE5AE5961A2B18DA486AEC452F3C', serialNumber='5FC7B8D843904D447006DCCCE84B0656', certificateKinds='(
    "1.2.840.113635.100.6.1.7",
    "1.2.840.113635.100.6.1.4"
), issueDate='2022-11-14 09:25:49 +0000''>', entitlements='(null)', teamID='F6G9374LLZ', identifier='org.cocoapods.FirebaseRemoteConfig', executablePath='<DVTFilePath:0x60001ddd4cb0:'/Users/abservetech/Library/Developer/Xcode/Archives/2023-07-17/eLiift 17-07-23, 11.44 AM.xcarchive/Products/Applications/eLiift.app/Frameworks/FirebaseRemoteConfig.framework/FirebaseRemoteConfig'>', hardenedRuntime='0'>'> are: {
}
2023-07-17 06:16:15 +0000  Writing entitlements for <IDEDistributionItem: 0x60001d126160; bundleID='org.cocoapods.FirebaseRemoteConfig', path='<DVTFilePath:0x600011abd600:'/Users/abservetech/Library/Developer/Xcode/Archives/2023-07-17/eLiift 17-07-23, 11.44 AM.xcarchive/Products/Applications/eLiift.app/Frameworks/FirebaseRemoteConfig.framework'>', codeSigningInfo='<_DVTCodeSigningInformation_Path: 0x6000754a52c0; isSigned='1', isAdHocSigned='0', signingCertificate='<DVTSigningCertificate: 0x6000083ae730; name='Apple Distribution: ABSERVETECH PRIVATE LIMITED (F6G9374LLZ)', hash='6E40B4C79DABAE5AE5961A2B18DA486AEC452F3C', serialNumber='5FC7B8D843904D447006DCCCE84B0656', certificateKinds='(
    "1.2.840.113635.100.6.1.7",
    "1.2.840.113635.100.6.1.4"
), issueDate='2022-11-14 09:25:49 +0000''>', entitlements='(null)', teamID='F6G9374LLZ', identifier='org.cocoapods.FirebaseRemoteConfig', executablePath='<DVTFilePath:0x60001ddd4cb0:'/Users/abservetech/Library/Developer/Xcode/Archives/2023-07-17/eLiift 17-07-23, 11.44 AM.xcarchive/Products/Applications/eLiift.app/Frameworks/FirebaseRemoteConfig.framework/FirebaseRemoteConfig'>', hardenedRuntime='0'>'> to: /var/folders/jk/cq_68h790_s6pqybtrp646840000gn/T/XcodeDistPipeline.~~~AFayZA/entitlements~~~LRTFiq
2023-07-17 06:16:15 +0000  Running /usr/bin/codesign '-vvv' '--force' '--sign' '6E40B4C79DABAE5AE5961A2B18DA486AEC452F3C' '--entitlements' '/var/folders/jk/cq_68h790_s6pqybtrp646840000gn/T/XcodeDistPipeline.~~~AFayZA/entitlements~~~LRTFiq' '--generate-entitlement-der' '--preserve-metadata=identifier,flags,runtime' '/var/folders/jk/cq_68h790_s6pqybtrp646840000gn/T/XcodeDistPipeline.~~~AFayZA/Root/Payload/eLiift.app/Frameworks/FirebaseRemoteConfig.framework'
2023-07-17 06:16:15 +0000  /var/folders/jk/cq_68h790_s6pqybtrp646840000gn/T/XcodeDistPipeline.~~~AFayZA/Root/Payload/eLiift.app/Frameworks/FirebaseRemoteConfig.framework: replacing existing signature
2023-07-17 06:16:15 +0000  /var/folders/jk/cq_68h790_s6pqybtrp646840000gn/T/XcodeDistPipeline.~~~AFayZA/Root/Payload/eLiift.app/Frameworks/FirebaseRemoteConfig.framework: signed bundle with Mach-O thin (arm64) [org.cocoapods.FirebaseRemoteConfig]
2023-07-17 06:16:15 +0000  /usr/bin/codesign exited with 0
2023-07-17 06:16:15 +0000  Entitlements for <IDEDistributionItem: 0x60001d07a100; bundleID='org.cocoapods.GeoFire', path='<DVTFilePath:0x60001dceff00:'/Users/abservetech/Library/Developer/Xcode/Archives/2023-07-17/eLiift 17-07-23, 11.44 AM.xcarchive/Products/Applications/eLiift.app/Frameworks/GeoFire.framework'>', codeSigningInfo='<_DVTCodeSigningInformation_Path: 0x6000754b30c0; isSigned='1', isAdHocSigned='0', signingCertificate='<DVTSigningCertificate: 0x6000040ce730; name='Apple Distribution: ABSERVETECH PRIVATE LIMITED (F6G9374LLZ)', hash='6E40B4C79DABAE5AE5961A2B18DA486AEC452F3C', serialNumber='5FC7B8D843904D447006DCCCE84B0656', certificateKinds='(
    "1.2.840.113635.100.6.1.7",
    "1.2.840.113635.100.6.1.4"
), issueDate='2022-11-14 09:25:49 +0000''>', entitlements='(null)', teamID='F6G9374LLZ', identifier='org.cocoapods.GeoFire', executablePath='<DVTFilePath:0x60001d10b480:'/Users/abservetech/Library/Developer/Xcode/Archives/2023-07-17/eLiift 17-07-23, 11.44 AM.xcarchive/Products/Applications/eLiift.app/Frameworks/GeoFire.framework/GeoFire'>', hardenedRuntime='0'>'>: {
}
2023-07-17 06:16:15 +0000  Entitlements for <IDEDistributionItem: 0x60001d07a100; bundleID='org.cocoapods.GeoFire', path='<DVTFilePath:0x60001dceff00:'/Users/abservetech/Library/Developer/Xcode/Archives/2023-07-17/eLiift 17-07-23, 11.44 AM.xcarchive/Products/Applications/eLiift.app/Frameworks/GeoFire.framework'>', codeSigningInfo='<_DVTCodeSigningInformation_Path: 0x6000754b30c0; isSigned='1', isAdHocSigned='0', signingCertificate='<DVTSigningCertificate: 0x6000083ae680; name='Apple Distribution: ABSERVETECH PRIVATE LIMITED (F6G9374LLZ)', hash='6E40B4C79DABAE5AE5961A2B18DA486AEC452F3C', serialNumber='5FC7B8D843904D447006DCCCE84B0656', certificateKinds='(
    "1.2.840.113635.100.6.1.7",
    "1.2.840.113635.100.6.1.4"
), issueDate='2022-11-14 09:25:49 +0000''>', entitlements='(null)', teamID='F6G9374LLZ', identifier='org.cocoapods.GeoFire', executablePath='<DVTFilePath:0x60001d10b480:'/Users/abservetech/Library/Developer/Xcode/Archives/2023-07-17/eLiift 17-07-23, 11.44 AM.xcarchive/Products/Applications/eLiift.app/Frameworks/GeoFire.framework/GeoFire'>', hardenedRuntime='0'>'> are: {
}
2023-07-17 06:16:15 +0000  Writing entitlements for <IDEDistributionItem: 0x60001d07a100; bundleID='org.cocoapods.GeoFire', path='<DVTFilePath:0x60001dceff00:'/Users/abservetech/Library/Developer/Xcode/Archives/2023-07-17/eLiift 17-07-23, 11.44 AM.xcarchive/Products/Applications/eLiift.app/Frameworks/GeoFire.framework'>', codeSigningInfo='<_DVTCodeSigningInformation_Path: 0x6000754b30c0; isSigned='1', isAdHocSigned='0', signingCertificate='<DVTSigningCertificate: 0x6000083ae7e0; name='Apple Distribution: ABSERVETECH PRIVATE LIMITED (F6G9374LLZ)', hash='6E40B4C79DABAE5AE5961A2B18DA486AEC452F3C', serialNumber='5FC7B8D843904D447006DCCCE84B0656', certificateKinds='(
    "1.2.840.113635.100.6.1.7",
    "1.2.840.113635.100.6.1.4"
), issueDate='2022-11-14 09:25:49 +0000''>', entitlements='(null)', teamID='F6G9374LLZ', identifier='org.cocoapods.GeoFire', executablePath='<DVTFilePath:0x60001d10b480:'/Users/abservetech/Library/Developer/Xcode/Archives/2023-07-17/eLiift 17-07-23, 11.44 AM.xcarchive/Products/Applications/eLiift.app/Frameworks/GeoFire.framework/GeoFire'>', hardenedRuntime='0'>'> to: /var/folders/jk/cq_68h790_s6pqybtrp646840000gn/T/XcodeDistPipeline.~~~AFayZA/entitlements~~~aj5JUF
2023-07-17 06:16:15 +0000  Running /usr/bin/codesign '-vvv' '--force' '--sign' '6E40B4C79DABAE5AE5961A2B18DA486AEC452F3C' '--entitlements' '/var/folders/jk/cq_68h790_s6pqybtrp646840000gn/T/XcodeDistPipeline.~~~AFayZA/entitlements~~~aj5JUF' '--generate-entitlement-der' '--preserve-metadata=identifier,flags,runtime' '/var/folders/jk/cq_68h790_s6pqybtrp646840000gn/T/XcodeDistPipeline.~~~AFayZA/Root/Payload/eLiift.app/Frameworks/GeoFire.framework'
2023-07-17 06:16:15 +0000  /var/folders/jk/cq_68h790_s6pqybtrp646840000gn/T/XcodeDistPipeline.~~~AFayZA/Root/Payload/eLiift.app/Frameworks/GeoFire.framework: replacing existing signature
2023-07-17 06:16:15 +0000  /var/folders/jk/cq_68h790_s6pqybtrp646840000gn/T/XcodeDistPipeline.~~~AFayZA/Root/Payload/eLiift.app/Frameworks/GeoFire.framework: signed bundle with Mach-O thin (arm64) [org.cocoapods.GeoFire]
2023-07-17 06:16:15 +0000  /usr/bin/codesign exited with 0
2023-07-17 06:16:15 +0000  Entitlements for <IDEDistributionItem: 0x60001d10a220; bundleID='org.cocoapods.GoogleDataTransport', path='<DVTFilePath:0x600011abd680:'/Users/abservetech/Library/Developer/Xcode/Archives/2023-07-17/eLiift 17-07-23, 11.44 AM.xcarchive/Products/Applications/eLiift.app/Frameworks/GoogleDataTransport.framework'>', codeSigningInfo='<_DVTCodeSigningInformation_Path: 0x6000754a2530; isSigned='1', isAdHocSigned='0', signingCertificate='<DVTSigningCertificate: 0x6000040ce730; name='Apple Distribution: ABSERVETECH PRIVATE LIMITED (F6G9374LLZ)', hash='6E40B4C79DABAE5AE5961A2B18DA486AEC452F3C', serialNumber='5FC7B8D843904D447006DCCCE84B0656', certificateKinds='(
    "1.2.840.113635.100.6.1.7",
    "1.2.840.113635.100.6.1.4"
), issueDate='2022-11-14 09:25:49 +0000''>', entitlements='(null)', teamID='F6G9374LLZ', identifier='org.cocoapods.GoogleDataTransport', executablePath='<DVTFilePath:0x60001ddcb870:'/Users/abservetech/Library/Developer/Xcode/Archives/2023-07-17/eLiift 17-07-23, 11.44 AM.xcarchive/Products/Applications/eLiift.app/Frameworks/GoogleDataTransport.framework/GoogleDataTransport'>', hardenedRuntime='0'>'>: {
}
2023-07-17 06:16:15 +0000  Entitlements for <IDEDistributionItem: 0x60001d10a220; bundleID='org.cocoapods.GoogleDataTransport', path='<DVTFilePath:0x600011abd680:'/Users/abservetech/Library/Developer/Xcode/Archives/2023-07-17/eLiift 17-07-23, 11.44 AM.xcarchive/Products/Applications/eLiift.app/Frameworks/GoogleDataTransport.framework'>', codeSigningInfo='<_DVTCodeSigningInformation_Path: 0x6000754a2530; isSigned='1', isAdHocSigned='0', signingCertificate='<DVTSigningCertificate: 0x6000040cd8c0; name='Apple Distribution: ABSERVETECH PRIVATE LIMITED (F6G9374LLZ)', hash='6E40B4C79DABAE5AE5961A2B18DA486AEC452F3C', serialNumber='5FC7B8D843904D447006DCCCE84B0656', certificateKinds='(
    "1.2.840.113635.100.6.1.7",
    "1.2.840.113635.100.6.1.4"
), issueDate='2022-11-14 09:25:49 +0000''>', entitlements='(null)', teamID='F6G9374LLZ', identifier='org.cocoapods.GoogleDataTransport', executablePath='<DVTFilePath:0x60001ddcb870:'/Users/abservetech/Library/Developer/Xcode/Archives/2023-07-17/eLiift 17-07-23, 11.44 AM.xcarchive/Products/Applications/eLiift.app/Frameworks/GoogleDataTransport.framework/GoogleDataTransport'>', hardenedRuntime='0'>'> are: {
}
2023-07-17 06:16:15 +0000  Writing entitlements for <IDEDistributionItem: 0x60001d10a220; bundleID='org.cocoapods.GoogleDataTransport', path='<DVTFilePath:0x600011abd680:'/Users/abservetech/Library/Developer/Xcode/Archives/2023-07-17/eLiift 17-07-23, 11.44 AM.xcarchive/Products/Applications/eLiift.app/Frameworks/GoogleDataTransport.framework'>', codeSigningInfo='<_DVTCodeSigningInformation_Path: 0x6000754a2530; isSigned='1', isAdHocSigned='0', signingCertificate='<DVTSigningCertificate: 0x6000083ac210; name='Apple Distribution: ABSERVETECH PRIVATE LIMITED (F6G9374LLZ)', hash='6E40B4C79DABAE5AE5961A2B18DA486AEC452F3C', serialNumber='5FC7B8D843904D447006DCCCE84B0656', certificateKinds='(
    "1.2.840.113635.100.6.1.7",
    "1.2.840.113635.100.6.1.4"
), issueDate='2022-11-14 09:25:49 +0000''>', entitlements='(null)', teamID='F6G9374LLZ', identifier='org.cocoapods.GoogleDataTransport', executablePath='<DVTFilePath:0x60001ddcb870:'/Users/abservetech/Library/Developer/Xcode/Archives/2023-07-17/eLiift 17-07-23, 11.44 AM.xcarchive/Products/Applications/eLiift.app/Frameworks/GoogleDataTransport.framework/GoogleDataTransport'>', hardenedRuntime='0'>'> to: /var/folders/jk/cq_68h790_s6pqybtrp646840000gn/T/XcodeDistPipeline.~~~AFayZA/entitlements~~~UVazXr
2023-07-17 06:16:15 +0000  Running /usr/bin/codesign '-vvv' '--force' '--sign' '6E40B4C79DABAE5AE5961A2B18DA486AEC452F3C' '--entitlements' '/var/folders/jk/cq_68h790_s6pqybtrp646840000gn/T/XcodeDistPipeline.~~~AFayZA/entitlements~~~UVazXr' '--generate-entitlement-der' '--preserve-metadata=identifier,flags,runtime' '/var/folders/jk/cq_68h790_s6pqybtrp646840000gn/T/XcodeDistPipeline.~~~AFayZA/Root/Payload/eLiift.app/Frameworks/GoogleDataTransport.framework'
2023-07-17 06:16:15 +0000  /var/folders/jk/cq_68h790_s6pqybtrp646840000gn/T/XcodeDistPipeline.~~~AFayZA/Root/Payload/eLiift.app/Frameworks/GoogleDataTransport.framework: replacing existing signature
2023-07-17 06:16:15 +0000  /var/folders/jk/cq_68h790_s6pqybtrp646840000gn/T/XcodeDistPipeline.~~~AFayZA/Root/Payload/eLiift.app/Frameworks/GoogleDataTransport.framework: signed bundle with Mach-O thin (arm64) [org.cocoapods.GoogleDataTransport]
2023-07-17 06:16:15 +0000  /usr/bin/codesign exited with 0
2023-07-17 06:16:15 +0000  Entitlements for <IDEDistributionItem: 0x60001d123120; bundleID='org.cocoapods.GoogleUtilities', path='<DVTFilePath:0x60000da86900:'/Users/abservetech/Library/Developer/Xcode/Archives/2023-07-17/eLiift 17-07-23, 11.44 AM.xcarchive/Products/Applications/eLiift.app/Frameworks/GoogleUtilities.framework'>', codeSigningInfo='<_DVTCodeSigningInformation_Path: 0x6000754a0b40; isSigned='1', isAdHocSigned='0', signingCertificate='<DVTSigningCertificate: 0x6000083ac210; name='Apple Distribution: ABSERVETECH PRIVATE LIMITED (F6G9374LLZ)', hash='6E40B4C79DABAE5AE5961A2B18DA486AEC452F3C', serialNumber='5FC7B8D843904D447006DCCCE84B0656', certificateKinds='(
    "1.2.840.113635.100.6.1.7",
    "1.2.840.113635.100.6.1.4"
), issueDate='2022-11-14 09:25:49 +0000''>', entitlements='(null)', teamID='F6G9374LLZ', identifier='org.cocoapods.GoogleUtilities', executablePath='<DVTFilePath:0x60001ddd1c70:'/Users/abservetech/Library/Developer/Xcode/Archives/2023-07-17/eLiift 17-07-23, 11.44 AM.xcarchive/Products/Applications/eLiift.app/Frameworks/GoogleUtilities.framework/GoogleUtilities'>', hardenedRuntime='0'>'>: {
}
2023-07-17 06:16:15 +0000  Entitlements for <IDEDistributionItem: 0x60001d123120; bundleID='org.cocoapods.GoogleUtilities', path='<DVTFilePath:0x60000da86900:'/Users/abservetech/Library/Developer/Xcode/Archives/2023-07-17/eLiift 17-07-23, 11.44 AM.xcarchive/Products/Applications/eLiift.app/Frameworks/GoogleUtilities.framework'>', codeSigningInfo='<_DVTCodeSigningInformation_Path: 0x6000754a0b40; isSigned='1', isAdHocSigned='0', signingCertificate='<DVTSigningCertificate: 0x6000083ae7e0; name='Apple Distribution: ABSERVETECH PRIVATE LIMITED (F6G9374LLZ)', hash='6E40B4C79DABAE5AE5961A2B18DA486AEC452F3C', serialNumber='5FC7B8D843904D447006DCCCE84B0656', certificateKinds='(
    "1.2.840.113635.100.6.1.7",
    "1.2.840.113635.100.6.1.4"
), issueDate='2022-11-14 09:25:49 +0000''>', entitlements='(null)', teamID='F6G9374LLZ', identifier='org.cocoapods.GoogleUtilities', executablePath='<DVTFilePath:0x60001ddd1c70:'/Users/abservetech/Library/Developer/Xcode/Archives/2023-07-17/eLiift 17-07-23, 11.44 AM.xcarchive/Products/Applications/eLiift.app/Frameworks/GoogleUtilities.framework/GoogleUtilities'>', hardenedRuntime='0'>'> are: {
}
2023-07-17 06:16:15 +0000  Writing entitlements for <IDEDistributionItem: 0x60001d123120; bundleID='org.cocoapods.GoogleUtilities', path='<DVTFilePath:0x60000da86900:'/Users/abservetech/Library/Developer/Xcode/Archives/2023-07-17/eLiift 17-07-23, 11.44 AM.xcarchive/Products/Applications/eLiift.app/Frameworks/GoogleUtilities.framework'>', codeSigningInfo='<_DVTCodeSigningInformation_Path: 0x6000754a0b40; isSigned='1', isAdHocSigned='0', signingCertificate='<DVTSigningCertificate: 0x6000083af0d0; name='Apple Distribution: ABSERVETECH PRIVATE LIMITED (F6G9374LLZ)', hash='6E40B4C79DABAE5AE5961A2B18DA486AEC452F3C', serialNumber='5FC7B8D843904D447006DCCCE84B0656', certificateKinds='(
    "1.2.840.113635.100.6.1.7",
    "1.2.840.113635.100.6.1.4"
), issueDate='2022-11-14 09:25:49 +0000''>', entitlements='(null)', teamID='F6G9374LLZ', identifier='org.cocoapods.GoogleUtilities', executablePath='<DVTFilePath:0x60001ddd1c70:'/Users/abservetech/Library/Developer/Xcode/Archives/2023-07-17/eLiift 17-07-23, 11.44 AM.xcarchive/Products/Applications/eLiift.app/Frameworks/GoogleUtilities.framework/GoogleUtilities'>', hardenedRuntime='0'>'> to: /var/folders/jk/cq_68h790_s6pqybtrp646840000gn/T/XcodeDistPipeline.~~~AFayZA/entitlements~~~BTG3z0
2023-07-17 06:16:15 +0000  Running /usr/bin/codesign '-vvv' '--force' '--sign' '6E40B4C79DABAE5AE5961A2B18DA486AEC452F3C' '--entitlements' '/var/folders/jk/cq_68h790_s6pqybtrp646840000gn/T/XcodeDistPipeline.~~~AFayZA/entitlements~~~BTG3z0' '--generate-entitlement-der' '--preserve-metadata=identifier,flags,runtime' '/var/folders/jk/cq_68h790_s6pqybtrp646840000gn/T/XcodeDistPipeline.~~~AFayZA/Root/Payload/eLiift.app/Frameworks/GoogleUtilities.framework'
2023-07-17 06:16:15 +0000  /var/folders/jk/cq_68h790_s6pqybtrp646840000gn/T/XcodeDistPipeline.~~~AFayZA/Root/Payload/eLiift.app/Frameworks/GoogleUtilities.framework: replacing existing signature
2023-07-17 06:16:15 +0000  /var/folders/jk/cq_68h790_s6pqybtrp646840000gn/T/XcodeDistPipeline.~~~AFayZA/Root/Payload/eLiift.app/Frameworks/GoogleUtilities.framework: signed bundle with Mach-O thin (arm64) [org.cocoapods.GoogleUtilities]
2023-07-17 06:16:15 +0000  /usr/bin/codesign exited with 0
2023-07-17 06:16:15 +0000  Entitlements for <IDEDistributionItem: 0x60001d137f00; bundleID='org.cocoapods.IQKeyboardManagerSwift', path='<DVTFilePath:0x60000da85680:'/Users/abservetech/Library/Developer/Xcode/Archives/2023-07-17/eLiift 17-07-23, 11.44 AM.xcarchive/Products/Applications/eLiift.app/Frameworks/IQKeyboardManagerSwift.framework'>', codeSigningInfo='<_DVTCodeSigningInformation_Path: 0x6000754a2170; isSigned='1', isAdHocSigned='0', signingCertificate='<DVTSigningCertificate: 0x6000040ce730; name='Apple Distribution: ABSERVETECH PRIVATE LIMITED (F6G9374LLZ)', hash='6E40B4C79DABAE5AE5961A2B18DA486AEC452F3C', serialNumber='5FC7B8D843904D447006DCCCE84B0656', certificateKinds='(
    "1.2.840.113635.100.6.1.7",
    "1.2.840.113635.100.6.1.4"
), issueDate='2022-11-14 09:25:49 +0000''>', entitlements='(null)', teamID='F6G9374LLZ', identifier='org.cocoapods.IQKeyboardManagerSwift', executablePath='<DVTFilePath:0x60001dc57f70:'/Users/abservetech/Library/Developer/Xcode/Archives/2023-07-17/eLiift 17-07-23, 11.44 AM.xcarchive/Products/Applications/eLiift.app/Frameworks/IQKeyboardManagerSwift.framework/IQKeyboardManagerSwift'>', hardenedRuntime='0'>'>: {
}
2023-07-17 06:16:15 +0000  Entitlements for <IDEDistributionItem: 0x60001d137f00; bundleID='org.cocoapods.IQKeyboardManagerSwift', path='<DVTFilePath:0x60000da85680:'/Users/abservetech/Library/Developer/Xcode/Archives/2023-07-17/eLiift 17-07-23, 11.44 AM.xcarchive/Products/Applications/eLiift.app/Frameworks/IQKeyboardManagerSwift.framework'>', codeSigningInfo='<_DVTCodeSigningInformation_Path: 0x6000754a2170; isSigned='1', isAdHocSigned='0', signingCertificate='<DVTSigningCertificate: 0x6000083ae680; name='Apple Distribution: ABSERVETECH PRIVATE LIMITED (F6G9374LLZ)', hash='6E40B4C79DABAE5AE5961A2B18DA486AEC452F3C', serialNumber='5FC7B8D843904D447006DCCCE84B0656', certificateKinds='(
    "1.2.840.113635.100.6.1.7",
    "1.2.840.113635.100.6.1.4"
), issueDate='2022-11-14 09:25:49 +0000''>', entitlements='(null)', teamID='F6G9374LLZ', identifier='org.cocoapods.IQKeyboardManagerSwift', executablePath='<DVTFilePath:0x60001dc57f70:'/Users/abservetech/Library/Developer/Xcode/Archives/2023-07-17/eLiift 17-07-23, 11.44 AM.xcarchive/Products/Applications/eLiift.app/Frameworks/IQKeyboardManagerSwift.framework/IQKeyboardManagerSwift'>', hardenedRuntime='0'>'> are: {
}
2023-07-17 06:16:15 +0000  Writing entitlements for <IDEDistributionItem: 0x60001d137f00; bundleID='org.cocoapods.IQKeyboardManagerSwift', path='<DVTFilePath:0x60000da85680:'/Users/abservetech/Library/Developer/Xcode/Archives/2023-07-17/eLiift 17-07-23, 11.44 AM.xcarchive/Products/Applications/eLiift.app/Frameworks/IQKeyboardManagerSwift.framework'>', codeSigningInfo='<_DVTCodeSigningInformation_Path: 0x6000754a2170; isSigned='1', isAdHocSigned='0', signingCertificate='<DVTSigningCertificate: 0x6000083ae7e0; name='Apple Distribution: ABSERVETECH PRIVATE LIMITED (F6G9374LLZ)', hash='6E40B4C79DABAE5AE5961A2B18DA486AEC452F3C', serialNumber='5FC7B8D843904D447006DCCCE84B0656', certificateKinds='(
    "1.2.840.113635.100.6.1.7",
    "1.2.840.113635.100.6.1.4"
), issueDate='2022-11-14 09:25:49 +0000''>', entitlements='(null)', teamID='F6G9374LLZ', identifier='org.cocoapods.IQKeyboardManagerSwift', executablePath='<DVTFilePath:0x60001dc57f70:'/Users/abservetech/Library/Developer/Xcode/Archives/2023-07-17/eLiift 17-07-23, 11.44 AM.xcarchive/Products/Applications/eLiift.app/Frameworks/IQKeyboardManagerSwift.framework/IQKeyboardManagerSwift'>', hardenedRuntime='0'>'> to: /var/folders/jk/cq_68h790_s6pqybtrp646840000gn/T/XcodeDistPipeline.~~~AFayZA/entitlements~~~FrRlrG
2023-07-17 06:16:15 +0000  Running /usr/bin/codesign '-vvv' '--force' '--sign' '6E40B4C79DABAE5AE5961A2B18DA486AEC452F3C' '--entitlements' '/var/folders/jk/cq_68h790_s6pqybtrp646840000gn/T/XcodeDistPipeline.~~~AFayZA/entitlements~~~FrRlrG' '--generate-entitlement-der' '--preserve-metadata=identifier,flags,runtime' '/var/folders/jk/cq_68h790_s6pqybtrp646840000gn/T/XcodeDistPipeline.~~~AFayZA/Root/Payload/eLiift.app/Frameworks/IQKeyboardManagerSwift.framework'
2023-07-17 06:16:16 +0000  /var/folders/jk/cq_68h790_s6pqybtrp646840000gn/T/XcodeDistPipeline.~~~AFayZA/Root/Payload/eLiift.app/Frameworks/IQKeyboardManagerSwift.framework: replacing existing signature
2023-07-17 06:16:16 +0000  /var/folders/jk/cq_68h790_s6pqybtrp646840000gn/T/XcodeDistPipeline.~~~AFayZA/Root/Payload/eLiift.app/Frameworks/IQKeyboardManagerSwift.framework: signed bundle with Mach-O thin (arm64) [org.cocoapods.IQKeyboardManagerSwift]
2023-07-17 06:16:16 +0000  /usr/bin/codesign exited with 0
2023-07-17 06:16:16 +0000  Entitlements for <IDEDistributionItem: 0x60001d125080; bundleID='org.cocoapods.JWTDecode', path='<DVTFilePath:0x600011f2ed80:'/Users/abservetech/Library/Developer/Xcode/Archives/2023-07-17/eLiift 17-07-23, 11.44 AM.xcarchive/Products/Applications/eLiift.app/Frameworks/JWTDecode.framework'>', codeSigningInfo='<_DVTCodeSigningInformation_Path: 0x6000754b23f0; isSigned='1', isAdHocSigned='0', signingCertificate='<DVTSigningCertificate: 0x6000040ce730; name='Apple Distribution: ABSERVETECH PRIVATE LIMITED (F6G9374LLZ)', hash='6E40B4C79DABAE5AE5961A2B18DA486AEC452F3C', serialNumber='5FC7B8D843904D447006DCCCE84B0656', certificateKinds='(
    "1.2.840.113635.100.6.1.7",
    "1.2.840.113635.100.6.1.4"
), issueDate='2022-11-14 09:25:49 +0000''>', entitlements='(null)', teamID='F6G9374LLZ', identifier='org.cocoapods.JWTDecode', executablePath='<DVTFilePath:0x60001dd37560:'/Users/abservetech/Library/Developer/Xcode/Archives/2023-07-17/eLiift 17-07-23, 11.44 AM.xcarchive/Products/Applications/eLiift.app/Frameworks/JWTDecode.framework/JWTDecode'>', hardenedRuntime='0'>'>: {
}
2023-07-17 06:16:16 +0000  Entitlements for <IDEDistributionItem: 0x60001d125080; bundleID='org.cocoapods.JWTDecode', path='<DVTFilePath:0x600011f2ed80:'/Users/abservetech/Library/Developer/Xcode/Archives/2023-07-17/eLiift 17-07-23, 11.44 AM.xcarchive/Products/Applications/eLiift.app/Frameworks/JWTDecode.framework'>', codeSigningInfo='<_DVTCodeSigningInformation_Path: 0x6000754b23f0; isSigned='1', isAdHocSigned='0', signingCertificate='<DVTSigningCertificate: 0x6000083aeb50; name='Apple Distribution: ABSERVETECH PRIVATE LIMITED (F6G9374LLZ)', hash='6E40B4C79DABAE5AE5961A2B18DA486AEC452F3C', serialNumber='5FC7B8D843904D447006DCCCE84B0656', certificateKinds='(
    "1.2.840.113635.100.6.1.7",
    "1.2.840.113635.100.6.1.4"
), issueDate='2022-11-14 09:25:49 +0000''>', entitlements='(null)', teamID='F6G9374LLZ', identifier='org.cocoapods.JWTDecode', executablePath='<DVTFilePath:0x60001dd37560:'/Users/abservetech/Library/Developer/Xcode/Archives/2023-07-17/eLiift 17-07-23, 11.44 AM.xcarchive/Products/Applications/eLiift.app/Frameworks/JWTDecode.framework/JWTDecode'>', hardenedRuntime='0'>'> are: {
}
2023-07-17 06:16:16 +0000  Writing entitlements for <IDEDistributionItem: 0x60001d125080; bundleID='org.cocoapods.JWTDecode', path='<DVTFilePath:0x600011f2ed80:'/Users/abservetech/Library/Developer/Xcode/Archives/2023-07-17/eLiift 17-07-23, 11.44 AM.xcarchive/Products/Applications/eLiift.app/Frameworks/JWTDecode.framework'>', codeSigningInfo='<_DVTCodeSigningInformation_Path: 0x6000754b23f0; isSigned='1', isAdHocSigned='0', signingCertificate='<DVTSigningCertificate: 0x6000083ae680; name='Apple Distribution: ABSERVETECH PRIVATE LIMITED (F6G9374LLZ)', hash='6E40B4C79DABAE5AE5961A2B18DA486AEC452F3C', serialNumber='5FC7B8D843904D447006DCCCE84B0656', certificateKinds='(
    "1.2.840.113635.100.6.1.7",
    "1.2.840.113635.100.6.1.4"
), issueDate='2022-11-14 09:25:49 +0000''>', entitlements='(null)', teamID='F6G9374LLZ', identifier='org.cocoapods.JWTDecode', executablePath='<DVTFilePath:0x60001dd37560:'/Users/abservetech/Library/Developer/Xcode/Archives/2023-07-17/eLiift 17-07-23, 11.44 AM.xcarchive/Products/Applications/eLiift.app/Frameworks/JWTDecode.framework/JWTDecode'>', hardenedRuntime='0'>'> to: /var/folders/jk/cq_68h790_s6pqybtrp646840000gn/T/XcodeDistPipeline.~~~AFayZA/entitlements~~~KTSZ92
2023-07-17 06:16:16 +0000  Running /usr/bin/codesign '-vvv' '--force' '--sign' '6E40B4C79DABAE5AE5961A2B18DA486AEC452F3C' '--entitlements' '/var/folders/jk/cq_68h790_s6pqybtrp646840000gn/T/XcodeDistPipeline.~~~AFayZA/entitlements~~~KTSZ92' '--generate-entitlement-der' '--preserve-metadata=identifier,flags,runtime' '/var/folders/jk/cq_68h790_s6pqybtrp646840000gn/T/XcodeDistPipeline.~~~AFayZA/Root/Payload/eLiift.app/Frameworks/JWTDecode.framework'
2023-07-17 06:16:16 +0000  /var/folders/jk/cq_68h790_s6pqybtrp646840000gn/T/XcodeDistPipeline.~~~AFayZA/Root/Payload/eLiift.app/Frameworks/JWTDecode.framework: replacing existing signature
2023-07-17 06:16:16 +0000  /var/folders/jk/cq_68h790_s6pqybtrp646840000gn/T/XcodeDistPipeline.~~~AFayZA/Root/Payload/eLiift.app/Frameworks/JWTDecode.framework: signed bundle with Mach-O thin (arm64) [org.cocoapods.JWTDecode]
2023-07-17 06:16:16 +0000  /usr/bin/codesign exited with 0
2023-07-17 06:16:16 +0000  Entitlements for <IDEDistributionItem: 0x60001d04d380; bundleID='org.cocoapods.Kingfisher', path='<DVTFilePath:0x600011f2e7d0:'/Users/abservetech/Library/Developer/Xcode/Archives/2023-07-17/eLiift 17-07-23, 11.44 AM.xcarchive/Products/Applications/eLiift.app/Frameworks/Kingfisher.framework'>', codeSigningInfo='<_DVTCodeSigningInformation_Path: 0x6000754ae8a0; isSigned='1', isAdHocSigned='0', signingCertificate='<DVTSigningCertificate: 0x6000040ce730; name='Apple Distribution: ABSERVETECH PRIVATE LIMITED (F6G9374LLZ)', hash='6E40B4C79DABAE5AE5961A2B18DA486AEC452F3C', serialNumber='5FC7B8D843904D447006DCCCE84B0656', certificateKinds='(
    "1.2.840.113635.100.6.1.7",
    "1.2.840.113635.100.6.1.4"
), issueDate='2022-11-14 09:25:49 +0000''>', entitlements='(null)', teamID='F6G9374LLZ', identifier='org.cocoapods.Kingfisher', executablePath='<DVTFilePath:0x60001dd30d20:'/Users/abservetech/Library/Developer/Xcode/Archives/2023-07-17/eLiift 17-07-23, 11.44 AM.xcarchive/Products/Applications/eLiift.app/Frameworks/Kingfisher.framework/Kingfisher'>', hardenedRuntime='0'>'>: {
}
2023-07-17 06:16:16 +0000  Entitlements for <IDEDistributionItem: 0x60001d04d380; bundleID='org.cocoapods.Kingfisher', path='<DVTFilePath:0x600011f2e7d0:'/Users/abservetech/Library/Developer/Xcode/Archives/2023-07-17/eLiift 17-07-23, 11.44 AM.xcarchive/Products/Applications/eLiift.app/Frameworks/Kingfisher.framework'>', codeSigningInfo='<_DVTCodeSigningInformation_Path: 0x6000754ae8a0; isSigned='1', isAdHocSigned='0', signingCertificate='<DVTSigningCertificate: 0x6000083aeb50; name='Apple Distribution: ABSERVETECH PRIVATE LIMITED (F6G9374LLZ)', hash='6E40B4C79DABAE5AE5961A2B18DA486AEC452F3C', serialNumber='5FC7B8D843904D447006DCCCE84B0656', certificateKinds='(
    "1.2.840.113635.100.6.1.7",
    "1.2.840.113635.100.6.1.4"
), issueDate='2022-11-14 09:25:49 +0000''>', entitlements='(null)', teamID='F6G9374LLZ', identifier='org.cocoapods.Kingfisher', executablePath='<DVTFilePath:0x60001dd30d20:'/Users/abservetech/Library/Developer/Xcode/Archives/2023-07-17/eLiift 17-07-23, 11.44 AM.xcarchive/Products/Applications/eLiift.app/Frameworks/Kingfisher.framework/Kingfisher'>', hardenedRuntime='0'>'> are: {
}
2023-07-17 06:16:16 +0000  Writing entitlements for <IDEDistributionItem: 0x60001d04d380; bundleID='org.cocoapods.Kingfisher', path='<DVTFilePath:0x600011f2e7d0:'/Users/abservetech/Library/Developer/Xcode/Archives/2023-07-17/eLiift 17-07-23, 11.44 AM.xcarchive/Products/Applications/eLiift.app/Frameworks/Kingfisher.framework'>', codeSigningInfo='<_DVTCodeSigningInformation_Path: 0x6000754ae8a0; isSigned='1', isAdHocSigned='0', signingCertificate='<DVTSigningCertificate: 0x6000083ae680; name='Apple Distribution: ABSERVETECH PRIVATE LIMITED (F6G9374LLZ)', hash='6E40B4C79DABAE5AE5961A2B18DA486AEC452F3C', serialNumber='5FC7B8D843904D447006DCCCE84B0656', certificateKinds='(
    "1.2.840.113635.100.6.1.7",
    "1.2.840.113635.100.6.1.4"
), issueDate='2022-11-14 09:25:49 +0000''>', entitlements='(null)', teamID='F6G9374LLZ', identifier='org.cocoapods.Kingfisher', executablePath='<DVTFilePath:0x60001dd30d20:'/Users/abservetech/Library/Developer/Xcode/Archives/2023-07-17/eLiift 17-07-23, 11.44 AM.xcarchive/Products/Applications/eLiift.app/Frameworks/Kingfisher.framework/Kingfisher'>', hardenedRuntime='0'>'> to: /var/folders/jk/cq_68h790_s6pqybtrp646840000gn/T/XcodeDistPipeline.~~~AFayZA/entitlements~~~rk0LhM
2023-07-17 06:16:16 +0000  Running /usr/bin/codesign '-vvv' '--force' '--sign' '6E40B4C79DABAE5AE5961A2B18DA486AEC452F3C' '--entitlements' '/var/folders/jk/cq_68h790_s6pqybtrp646840000gn/T/XcodeDistPipeline.~~~AFayZA/entitlements~~~rk0LhM' '--generate-entitlement-der' '--preserve-metadata=identifier,flags,runtime' '/var/folders/jk/cq_68h790_s6pqybtrp646840000gn/T/XcodeDistPipeline.~~~AFayZA/Root/Payload/eLiift.app/Frameworks/Kingfisher.framework'
2023-07-17 06:16:16 +0000  /var/folders/jk/cq_68h790_s6pqybtrp646840000gn/T/XcodeDistPipeline.~~~AFayZA/Root/Payload/eLiift.app/Frameworks/Kingfisher.framework: replacing existing signature
2023-07-17 06:16:16 +0000  /var/folders/jk/cq_68h790_s6pqybtrp646840000gn/T/XcodeDistPipeline.~~~AFayZA/Root/Payload/eLiift.app/Frameworks/Kingfisher.framework: signed bundle with Mach-O thin (arm64) [org.cocoapods.Kingfisher]
2023-07-17 06:16:16 +0000  /usr/bin/codesign exited with 0
2023-07-17 06:16:16 +0000  Entitlements for <IDEDistributionItem: 0x60001d13d7a0; bundleID='org.cocoapods.Lottie', path='<DVTFilePath:0x600011f2c850:'/Users/abservetech/Library/Developer/Xcode/Archives/2023-07-17/eLiift 17-07-23, 11.44 AM.xcarchive/Products/Applications/eLiift.app/Frameworks/Lottie.framework'>', codeSigningInfo='<_DVTCodeSigningInformation_Path: 0x6000754a0960; isSigned='1', isAdHocSigned='0', signingCertificate='<DVTSigningCertificate: 0x6000040ce730; name='Apple Distribution: ABSERVETECH PRIVATE LIMITED (F6G9374LLZ)', hash='6E40B4C79DABAE5AE5961A2B18DA486AEC452F3C', serialNumber='5FC7B8D843904D447006DCCCE84B0656', certificateKinds='(
    "1.2.840.113635.100.6.1.7",
    "1.2.840.113635.100.6.1.4"
), issueDate='2022-11-14 09:25:49 +0000''>', entitlements='(null)', teamID='F6G9374LLZ', identifier='org.cocoapods.Lottie', executablePath='<DVTFilePath:0x60001d10fa80:'/Users/abservetech/Library/Developer/Xcode/Archives/2023-07-17/eLiift 17-07-23, 11.44 AM.xcarchive/Products/Applications/eLiift.app/Frameworks/Lottie.framework/Lottie'>', hardenedRuntime='0'>'>: {
}
2023-07-17 06:16:16 +0000  Entitlements for <IDEDistributionItem: 0x60001d13d7a0; bundleID='org.cocoapods.Lottie', path='<DVTFilePath:0x600011f2c850:'/Users/abservetech/Library/Developer/Xcode/Archives/2023-07-17/eLiift 17-07-23, 11.44 AM.xcarchive/Products/Applications/eLiift.app/Frameworks/Lottie.framework'>', codeSigningInfo='<_DVTCodeSigningInformation_Path: 0x6000754a0960; isSigned='1', isAdHocSigned='0', signingCertificate='<DVTSigningCertificate: 0x6000083aeb50; name='Apple Distribution: ABSERVETECH PRIVATE LIMITED (F6G9374LLZ)', hash='6E40B4C79DABAE5AE5961A2B18DA486AEC452F3C', serialNumber='5FC7B8D843904D447006DCCCE84B0656', certificateKinds='(
    "1.2.840.113635.100.6.1.7",
    "1.2.840.113635.100.6.1.4"
), issueDate='2022-11-14 09:25:49 +0000''>', entitlements='(null)', teamID='F6G9374LLZ', identifier='org.cocoapods.Lottie', executablePath='<DVTFilePath:0x60001d10fa80:'/Users/abservetech/Library/Developer/Xcode/Archives/2023-07-17/eLiift 17-07-23, 11.44 AM.xcarchive/Products/Applications/eLiift.app/Frameworks/Lottie.framework/Lottie'>', hardenedRuntime='0'>'> are: {
}
2023-07-17 06:16:16 +0000  Writing entitlements for <IDEDistributionItem: 0x60001d13d7a0; bundleID='org.cocoapods.Lottie', path='<DVTFilePath:0x600011f2c850:'/Users/abservetech/Library/Developer/Xcode/Archives/2023-07-17/eLiift 17-07-23, 11.44 AM.xcarchive/Products/Applications/eLiift.app/Frameworks/Lottie.framework'>', codeSigningInfo='<_DVTCodeSigningInformation_Path: 0x6000754a0960; isSigned='1', isAdHocSigned='0', signingCertificate='<DVTSigningCertificate: 0x6000083ae680; name='Apple Distribution: ABSERVETECH PRIVATE LIMITED (F6G9374LLZ)', hash='6E40B4C79DABAE5AE5961A2B18DA486AEC452F3C', serialNumber='5FC7B8D843904D447006DCCCE84B0656', certificateKinds='(
    "1.2.840.113635.100.6.1.7",
    "1.2.840.113635.100.6.1.4"
), issueDate='2022-11-14 09:25:49 +0000''>', entitlements='(null)', teamID='F6G9374LLZ', identifier='org.cocoapods.Lottie', executablePath='<DVTFilePath:0x60001d10fa80:'/Users/abservetech/Library/Developer/Xcode/Archives/2023-07-17/eLiift 17-07-23, 11.44 AM.xcarchive/Products/Applications/eLiift.app/Frameworks/Lottie.framework/Lottie'>', hardenedRuntime='0'>'> to: /var/folders/jk/cq_68h790_s6pqybtrp646840000gn/T/XcodeDistPipeline.~~~AFayZA/entitlements~~~TISpPq
2023-07-17 06:16:16 +0000  Running /usr/bin/codesign '-vvv' '--force' '--sign' '6E40B4C79DABAE5AE5961A2B18DA486AEC452F3C' '--entitlements' '/var/folders/jk/cq_68h790_s6pqybtrp646840000gn/T/XcodeDistPipeline.~~~AFayZA/entitlements~~~TISpPq' '--generate-entitlement-der' '--preserve-metadata=identifier,flags,runtime' '/var/folders/jk/cq_68h790_s6pqybtrp646840000gn/T/XcodeDistPipeline.~~~AFayZA/Root/Payload/eLiift.app/Frameworks/Lottie.framework'
2023-07-17 06:16:17 +0000  /var/folders/jk/cq_68h790_s6pqybtrp646840000gn/T/XcodeDistPipeline.~~~AFayZA/Root/Payload/eLiift.app/Frameworks/Lottie.framework: replacing existing signature
2023-07-17 06:16:17 +0000  /var/folders/jk/cq_68h790_s6pqybtrp646840000gn/T/XcodeDistPipeline.~~~AFayZA/Root/Payload/eLiift.app/Frameworks/Lottie.framework: signed bundle with Mach-O thin (arm64) [org.cocoapods.Lottie]
2023-07-17 06:16:17 +0000  /usr/bin/codesign exited with 0
2023-07-17 06:16:17 +0000  Entitlements for <IDEDistributionItem: 0x60001d123840; bundleID='org.cocoapods.MarqueeLabel', path='<DVTFilePath:0x600011f2e990:'/Users/abservetech/Library/Developer/Xcode/Archives/2023-07-17/eLiift 17-07-23, 11.44 AM.xcarchive/Products/Applications/eLiift.app/Frameworks/MarqueeLabel.framework'>', codeSigningInfo='<_DVTCodeSigningInformation_Path: 0x6000754a0a50; isSigned='1', isAdHocSigned='0', signingCertificate='<DVTSigningCertificate: 0x6000040c8dc0; name='Apple Distribution: ABSERVETECH PRIVATE LIMITED (F6G9374LLZ)', hash='6E40B4C79DABAE5AE5961A2B18DA486AEC452F3C', serialNumber='5FC7B8D843904D447006DCCCE84B0656', certificateKinds='(
    "1.2.840.113635.100.6.1.7",
    "1.2.840.113635.100.6.1.4"
), issueDate='2022-11-14 09:25:49 +0000''>', entitlements='(null)', teamID='F6G9374LLZ', identifier='org.cocoapods.MarqueeLabel', executablePath='<DVTFilePath:0x60001dd35b20:'/Users/abservetech/Library/Developer/Xcode/Archives/2023-07-17/eLiift 17-07-23, 11.44 AM.xcarchive/Products/Applications/eLiift.app/Frameworks/MarqueeLabel.framework/MarqueeLabel'>', hardenedRuntime='0'>'>: {
}
2023-07-17 06:16:17 +0000  Entitlements for <IDEDistributionItem: 0x60001d123840; bundleID='org.cocoapods.MarqueeLabel', path='<DVTFilePath:0x600011f2e990:'/Users/abservetech/Library/Developer/Xcode/Archives/2023-07-17/eLiift 17-07-23, 11.44 AM.xcarchive/Products/Applications/eLiift.app/Frameworks/MarqueeLabel.framework'>', codeSigningInfo='<_DVTCodeSigningInformation_Path: 0x6000754a0a50; isSigned='1', isAdHocSigned='0', signingCertificate='<DVTSigningCertificate: 0x6000083aeb50; name='Apple Distribution: ABSERVETECH PRIVATE LIMITED (F6G9374LLZ)', hash='6E40B4C79DABAE5AE5961A2B18DA486AEC452F3C', serialNumber='5FC7B8D843904D447006DCCCE84B0656', certificateKinds='(
    "1.2.840.113635.100.6.1.7",
    "1.2.840.113635.100.6.1.4"
), issueDate='2022-11-14 09:25:49 +0000''>', entitlements='(null)', teamID='F6G9374LLZ', identifier='org.cocoapods.MarqueeLabel', executablePath='<DVTFilePath:0x60001dd35b20:'/Users/abservetech/Library/Developer/Xcode/Archives/2023-07-17/eLiift 17-07-23, 11.44 AM.xcarchive/Products/Applications/eLiift.app/Frameworks/MarqueeLabel.framework/MarqueeLabel'>', hardenedRuntime='0'>'> are: {
}
2023-07-17 06:16:17 +0000  Writing entitlements for <IDEDistributionItem: 0x60001d123840; bundleID='org.cocoapods.MarqueeLabel', path='<DVTFilePath:0x600011f2e990:'/Users/abservetech/Library/Developer/Xcode/Archives/2023-07-17/eLiift 17-07-23, 11.44 AM.xcarchive/Products/Applications/eLiift.app/Frameworks/MarqueeLabel.framework'>', codeSigningInfo='<_DVTCodeSigningInformation_Path: 0x6000754a0a50; isSigned='1', isAdHocSigned='0', signingCertificate='<DVTSigningCertificate: 0x6000083ae680; name='Apple Distribution: ABSERVETECH PRIVATE LIMITED (F6G9374LLZ)', hash='6E40B4C79DABAE5AE5961A2B18DA486AEC452F3C', serialNumber='5FC7B8D843904D447006DCCCE84B0656', certificateKinds='(
    "1.2.840.113635.100.6.1.7",
    "1.2.840.113635.100.6.1.4"
), issueDate='2022-11-14 09:25:49 +0000''>', entitlements='(null)', teamID='F6G9374LLZ', identifier='org.cocoapods.MarqueeLabel', executablePath='<DVTFilePath:0x60001dd35b20:'/Users/abservetech/Library/Developer/Xcode/Archives/2023-07-17/eLiift 17-07-23, 11.44 AM.xcarchive/Products/Applications/eLiift.app/Frameworks/MarqueeLabel.framework/MarqueeLabel'>', hardenedRuntime='0'>'> to: /var/folders/jk/cq_68h790_s6pqybtrp646840000gn/T/XcodeDistPipeline.~~~AFayZA/entitlements~~~8GWc69
2023-07-17 06:16:17 +0000  Running /usr/bin/codesign '-vvv' '--force' '--sign' '6E40B4C79DABAE5AE5961A2B18DA486AEC452F3C' '--entitlements' '/var/folders/jk/cq_68h790_s6pqybtrp646840000gn/T/XcodeDistPipeline.~~~AFayZA/entitlements~~~8GWc69' '--generate-entitlement-der' '--preserve-metadata=identifier,flags,runtime' '/var/folders/jk/cq_68h790_s6pqybtrp646840000gn/T/XcodeDistPipeline.~~~AFayZA/Root/Payload/eLiift.app/Frameworks/MarqueeLabel.framework'
2023-07-17 06:16:17 +0000  /var/folders/jk/cq_68h790_s6pqybtrp646840000gn/T/XcodeDistPipeline.~~~AFayZA/Root/Payload/eLiift.app/Frameworks/MarqueeLabel.framework: replacing existing signature
2023-07-17 06:16:17 +0000  /var/folders/jk/cq_68h790_s6pqybtrp646840000gn/T/XcodeDistPipeline.~~~AFayZA/Root/Payload/eLiift.app/Frameworks/MarqueeLabel.framework: signed bundle with Mach-O thin (arm64) [org.cocoapods.MarqueeLabel]
2023-07-17 06:16:17 +0000  /usr/bin/codesign exited with 0
2023-07-17 06:16:17 +0000  Entitlements for <IDEDistributionItem: 0x60001d04ab80; bundleID='org.cocoapods.PINCache', path='<DVTFilePath:0x60001dc9a530:'/Users/abservetech/Library/Developer/Xcode/Archives/2023-07-17/eLiift 17-07-23, 11.44 AM.xcarchive/Products/Applications/eLiift.app/Frameworks/PINCache.framework'>', codeSigningInfo='<_DVTCodeSigningInformation_Path: 0x6000754b0500; isSigned='1', isAdHocSigned='0', signingCertificate='<DVTSigningCertificate: 0x6000040c8dc0; name='Apple Distribution: ABSERVETECH PRIVATE LIMITED (F6G9374LLZ)', hash='6E40B4C79DABAE5AE5961A2B18DA486AEC452F3C', serialNumber='5FC7B8D843904D447006DCCCE84B0656', certificateKinds='(
    "1.2.840.113635.100.6.1.7",
    "1.2.840.113635.100.6.1.4"
), issueDate='2022-11-14 09:25:49 +0000''>', entitlements='(null)', teamID='F6G9374LLZ', identifier='org.cocoapods.PINCache', executablePath='<DVTFilePath:0x60001dd0e450:'/Users/abservetech/Library/Developer/Xcode/Archives/2023-07-17/eLiift 17-07-23, 11.44 AM.xcarchive/Products/Applications/eLiift.app/Frameworks/PINCache.framework/PINCache'>', hardenedRuntime='0'>'>: {
}
2023-07-17 06:16:17 +0000  Entitlements for <IDEDistributionItem: 0x60001d04ab80; bundleID='org.cocoapods.PINCache', path='<DVTFilePath:0x60001dc9a530:'/Users/abservetech/Library/Developer/Xcode/Archives/2023-07-17/eLiift 17-07-23, 11.44 AM.xcarchive/Products/Applications/eLiift.app/Frameworks/PINCache.framework'>', codeSigningInfo='<_DVTCodeSigningInformation_Path: 0x6000754b0500; isSigned='1', isAdHocSigned='0', signingCertificate='<DVTSigningCertificate: 0x6000083aeb50; name='Apple Distribution: ABSERVETECH PRIVATE LIMITED (F6G9374LLZ)', hash='6E40B4C79DABAE5AE5961A2B18DA486AEC452F3C', serialNumber='5FC7B8D843904D447006DCCCE84B0656', certificateKinds='(
    "1.2.840.113635.100.6.1.7",
    "1.2.840.113635.100.6.1.4"
), issueDate='2022-11-14 09:25:49 +0000''>', entitlements='(null)', teamID='F6G9374LLZ', identifier='org.cocoapods.PINCache', executablePath='<DVTFilePath:0x60001dd0e450:'/Users/abservetech/Library/Developer/Xcode/Archives/2023-07-17/eLiift 17-07-23, 11.44 AM.xcarchive/Products/Applications/eLiift.app/Frameworks/PINCache.framework/PINCache'>', hardenedRuntime='0'>'> are: {
}
2023-07-17 06:16:17 +0000  Writing entitlements for <IDEDistributionItem: 0x60001d04ab80; bundleID='org.cocoapods.PINCache', path='<DVTFilePath:0x60001dc9a530:'/Users/abservetech/Library/Developer/Xcode/Archives/2023-07-17/eLiift 17-07-23, 11.44 AM.xcarchive/Products/Applications/eLiift.app/Frameworks/PINCache.framework'>', codeSigningInfo='<_DVTCodeSigningInformation_Path: 0x6000754b0500; isSigned='1', isAdHocSigned='0', signingCertificate='<DVTSigningCertificate: 0x6000083ae680; name='Apple Distribution: ABSERVETECH PRIVATE LIMITED (F6G9374LLZ)', hash='6E40B4C79DABAE5AE5961A2B18DA486AEC452F3C', serialNumber='5FC7B8D843904D447006DCCCE84B0656', certificateKinds='(
    "1.2.840.113635.100.6.1.7",
    "1.2.840.113635.100.6.1.4"
), issueDate='2022-11-14 09:25:49 +0000''>', entitlements='(null)', teamID='F6G9374LLZ', identifier='org.cocoapods.PINCache', executablePath='<DVTFilePath:0x60001dd0e450:'/Users/abservetech/Library/Developer/Xcode/Archives/2023-07-17/eLiift 17-07-23, 11.44 AM.xcarchive/Products/Applications/eLiift.app/Frameworks/PINCache.framework/PINCache'>', hardenedRuntime='0'>'> to: /var/folders/jk/cq_68h790_s6pqybtrp646840000gn/T/XcodeDistPipeline.~~~AFayZA/entitlements~~~BurRxR
2023-07-17 06:16:17 +0000  Running /usr/bin/codesign '-vvv' '--force' '--sign' '6E40B4C79DABAE5AE5961A2B18DA486AEC452F3C' '--entitlements' '/var/folders/jk/cq_68h790_s6pqybtrp646840000gn/T/XcodeDistPipeline.~~~AFayZA/entitlements~~~BurRxR' '--generate-entitlement-der' '--preserve-metadata=identifier,flags,runtime' '/var/folders/jk/cq_68h790_s6pqybtrp646840000gn/T/XcodeDistPipeline.~~~AFayZA/Root/Payload/eLiift.app/Frameworks/PINCache.framework'
2023-07-17 06:16:18 +0000  /var/folders/jk/cq_68h790_s6pqybtrp646840000gn/T/XcodeDistPipeline.~~~AFayZA/Root/Payload/eLiift.app/Frameworks/PINCache.framework: replacing existing signature
2023-07-17 06:16:18 +0000  /var/folders/jk/cq_68h790_s6pqybtrp646840000gn/T/XcodeDistPipeline.~~~AFayZA/Root/Payload/eLiift.app/Frameworks/PINCache.framework: signed bundle with Mach-O thin (arm64) [org.cocoapods.PINCache]
2023-07-17 06:16:18 +0000  /usr/bin/codesign exited with 0
2023-07-17 06:16:18 +0000  Entitlements for <IDEDistributionItem: 0x60001d12fde0; bundleID='org.cocoapods.PINOperation', path='<DVTFilePath:0x60001dc80d90:'/Users/abservetech/Library/Developer/Xcode/Archives/2023-07-17/eLiift 17-07-23, 11.44 AM.xcarchive/Products/Applications/eLiift.app/Frameworks/PINOperation.framework'>', codeSigningInfo='<_DVTCodeSigningInformation_Path: 0x6000754acdc0; isSigned='1', isAdHocSigned='0', signingCertificate='<DVTSigningCertificate: 0x6000083aeaa0; name='Apple Distribution: ABSERVETECH PRIVATE LIMITED (F6G9374LLZ)', hash='6E40B4C79DABAE5AE5961A2B18DA486AEC452F3C', serialNumber='5FC7B8D843904D447006DCCCE84B0656', certificateKinds='(
    "1.2.840.113635.100.6.1.7",
    "1.2.840.113635.100.6.1.4"
), issueDate='2022-11-14 09:25:49 +0000''>', entitlements='(null)', teamID='F6G9374LLZ', identifier='org.cocoapods.PINOperation', executablePath='<DVTFilePath:0x60001dd31b20:'/Users/abservetech/Library/Developer/Xcode/Archives/2023-07-17/eLiift 17-07-23, 11.44 AM.xcarchive/Products/Applications/eLiift.app/Frameworks/PINOperation.framework/PINOperation'>', hardenedRuntime='0'>'>: {
}
2023-07-17 06:16:18 +0000  Entitlements for <IDEDistributionItem: 0x60001d12fde0; bundleID='org.cocoapods.PINOperation', path='<DVTFilePath:0x60001dc80d90:'/Users/abservetech/Library/Developer/Xcode/Archives/2023-07-17/eLiift 17-07-23, 11.44 AM.xcarchive/Products/Applications/eLiift.app/Frameworks/PINOperation.framework'>', codeSigningInfo='<_DVTCodeSigningInformation_Path: 0x6000754acdc0; isSigned='1', isAdHocSigned='0', signingCertificate='<DVTSigningCertificate: 0x6000083ae680; name='Apple Distribution: ABSERVETECH PRIVATE LIMITED (F6G9374LLZ)', hash='6E40B4C79DABAE5AE5961A2B18DA486AEC452F3C', serialNumber='5FC7B8D843904D447006DCCCE84B0656', certificateKinds='(
    "1.2.840.113635.100.6.1.7",
    "1.2.840.113635.100.6.1.4"
), issueDate='2022-11-14 09:25:49 +0000''>', entitlements='(null)', teamID='F6G9374LLZ', identifier='org.cocoapods.PINOperation', executablePath='<DVTFilePath:0x60001dd31b20:'/Users/abservetech/Library/Developer/Xcode/Archives/2023-07-17/eLiift 17-07-23, 11.44 AM.xcarchive/Products/Applications/eLiift.app/Frameworks/PINOperation.framework/PINOperation'>', hardenedRuntime='0'>'> are: {
}
2023-07-17 06:16:18 +0000  Writing entitlements for <IDEDistributionItem: 0x60001d12fde0; bundleID='org.cocoapods.PINOperation', path='<DVTFilePath:0x60001dc80d90:'/Users/abservetech/Library/Developer/Xcode/Archives/2023-07-17/eLiift 17-07-23, 11.44 AM.xcarchive/Products/Applications/eLiift.app/Frameworks/PINOperation.framework'>', codeSigningInfo='<_DVTCodeSigningInformation_Path: 0x6000754acdc0; isSigned='1', isAdHocSigned='0', signingCertificate='<DVTSigningCertificate: 0x6000083aecb0; name='Apple Distribution: ABSERVETECH PRIVATE LIMITED (F6G9374LLZ)', hash='6E40B4C79DABAE5AE5961A2B18DA486AEC452F3C', serialNumber='5FC7B8D843904D447006DCCCE84B0656', certificateKinds='(
    "1.2.840.113635.100.6.1.7",
    "1.2.840.113635.100.6.1.4"
), issueDate='2022-11-14 09:25:49 +0000''>', entitlements='(null)', teamID='F6G9374LLZ', identifier='org.cocoapods.PINOperation', executablePath='<DVTFilePath:0x60001dd31b20:'/Users/abservetech/Library/Developer/Xcode/Archives/2023-07-17/eLiift 17-07-23, 11.44 AM.xcarchive/Products/Applications/eLiift.app/Frameworks/PINOperation.framework/PINOperation'>', hardenedRuntime='0'>'> to: /var/folders/jk/cq_68h790_s6pqybtrp646840000gn/T/XcodeDistPipeline.~~~AFayZA/entitlements~~~X0KUJe
2023-07-17 06:16:18 +0000  Running /usr/bin/codesign '-vvv' '--force' '--sign' '6E40B4C79DABAE5AE5961A2B18DA486AEC452F3C' '--entitlements' '/var/folders/jk/cq_68h790_s6pqybtrp646840000gn/T/XcodeDistPipeline.~~~AFayZA/entitlements~~~X0KUJe' '--generate-entitlement-der' '--preserve-metadata=identifier,flags,runtime' '/var/folders/jk/cq_68h790_s6pqybtrp646840000gn/T/XcodeDistPipeline.~~~AFayZA/Root/Payload/eLiift.app/Frameworks/PINOperation.framework'
2023-07-17 06:16:18 +0000  /var/folders/jk/cq_68h790_s6pqybtrp646840000gn/T/XcodeDistPipeline.~~~AFayZA/Root/Payload/eLiift.app/Frameworks/PINOperation.framework: replacing existing signature
2023-07-17 06:16:18 +0000  /var/folders/jk/cq_68h790_s6pqybtrp646840000gn/T/XcodeDistPipeline.~~~AFayZA/Root/Payload/eLiift.app/Frameworks/PINOperation.framework: signed bundle with Mach-O thin (arm64) [org.cocoapods.PINOperation]
2023-07-17 06:16:18 +0000  /usr/bin/codesign exited with 0
2023-07-17 06:16:18 +0000  Entitlements for <IDEDistributionItem: 0x60001d10e160; bundleID='org.cocoapods.PINRemoteImage', path='<DVTFilePath:0x600011abd480:'/Users/abservetech/Library/Developer/Xcode/Archives/2023-07-17/eLiift 17-07-23, 11.44 AM.xcarchive/Products/Applications/eLiift.app/Frameworks/PINRemoteImage.framework'>', codeSigningInfo='<_DVTCodeSigningInformation_Path: 0x6000754a08c0; isSigned='1', isAdHocSigned='0', signingCertificate='<DVTSigningCertificate: 0x6000040c8dc0; name='Apple Distribution: ABSERVETECH PRIVATE LIMITED (F6G9374LLZ)', hash='6E40B4C79DABAE5AE5961A2B18DA486AEC452F3C', serialNumber='5FC7B8D843904D447006DCCCE84B0656', certificateKinds='(
    "1.2.840.113635.100.6.1.7",
    "1.2.840.113635.100.6.1.4"
), issueDate='2022-11-14 09:25:49 +0000''>', entitlements='(null)', teamID='F6G9374LLZ', identifier='org.cocoapods.PINRemoteImage', executablePath='<DVTFilePath:0x60001dd33950:'/Users/abservetech/Library/Developer/Xcode/Archives/2023-07-17/eLiift 17-07-23, 11.44 AM.xcarchive/Products/Applications/eLiift.app/Frameworks/PINRemoteImage.framework/PINRemoteImage'>', hardenedRuntime='0'>'>: {
}
2023-07-17 06:16:18 +0000  Entitlements for <IDEDistributionItem: 0x60001d10e160; bundleID='org.cocoapods.PINRemoteImage', path='<DVTFilePath:0x600011abd480:'/Users/abservetech/Library/Developer/Xcode/Archives/2023-07-17/eLiift 17-07-23, 11.44 AM.xcarchive/Products/Applications/eLiift.app/Frameworks/PINRemoteImage.framework'>', codeSigningInfo='<_DVTCodeSigningInformation_Path: 0x6000754a08c0; isSigned='1', isAdHocSigned='0', signingCertificate='<DVTSigningCertificate: 0x600004067e90; name='Apple Distribution: ABSERVETECH PRIVATE LIMITED (F6G9374LLZ)', hash='6E40B4C79DABAE5AE5961A2B18DA486AEC452F3C', serialNumber='5FC7B8D843904D447006DCCCE84B0656', certificateKinds='(
    "1.2.840.113635.100.6.1.7",
    "1.2.840.113635.100.6.1.4"
), issueDate='2022-11-14 09:25:49 +0000''>', entitlements='(null)', teamID='F6G9374LLZ', identifier='org.cocoapods.PINRemoteImage', executablePath='<DVTFilePath:0x60001dd33950:'/Users/abservetech/Library/Developer/Xcode/Archives/2023-07-17/eLiift 17-07-23, 11.44 AM.xcarchive/Products/Applications/eLiift.app/Frameworks/PINRemoteImage.framework/PINRemoteImage'>', hardenedRuntime='0'>'> are: {
}
2023-07-17 06:16:18 +0000  Writing entitlements for <IDEDistributionItem: 0x60001d10e160; bundleID='org.cocoapods.PINRemoteImage', path='<DVTFilePath:0x600011abd480:'/Users/abservetech/Library/Developer/Xcode/Archives/2023-07-17/eLiift 17-07-23, 11.44 AM.xcarchive/Products/Applications/eLiift.app/Frameworks/PINRemoteImage.framework'>', codeSigningInfo='<_DVTCodeSigningInformation_Path: 0x6000754a08c0; isSigned='1', isAdHocSigned='0', signingCertificate='<DVTSigningCertificate: 0x6000083aeaa0; name='Apple Distribution: ABSERVETECH PRIVATE LIMITED (F6G9374LLZ)', hash='6E40B4C79DABAE5AE5961A2B18DA486AEC452F3C', serialNumber='5FC7B8D843904D447006DCCCE84B0656', certificateKinds='(
    "1.2.840.113635.100.6.1.7",
    "1.2.840.113635.100.6.1.4"
), issueDate='2022-11-14 09:25:49 +0000''>', entitlements='(null)', teamID='F6G9374LLZ', identifier='org.cocoapods.PINRemoteImage', executablePath='<DVTFilePath:0x60001dd33950:'/Users/abservetech/Library/Developer/Xcode/Archives/2023-07-17/eLiift 17-07-23, 11.44 AM.xcarchive/Products/Applications/eLiift.app/Frameworks/PINRemoteImage.framework/PINRemoteImage'>', hardenedRuntime='0'>'> to: /var/folders/jk/cq_68h790_s6pqybtrp646840000gn/T/XcodeDistPipeline.~~~AFayZA/entitlements~~~xddzzC
2023-07-17 06:16:18 +0000  Running /usr/bin/codesign '-vvv' '--force' '--sign' '6E40B4C79DABAE5AE5961A2B18DA486AEC452F3C' '--entitlements' '/var/folders/jk/cq_68h790_s6pqybtrp646840000gn/T/XcodeDistPipeline.~~~AFayZA/entitlements~~~xddzzC' '--generate-entitlement-der' '--preserve-metadata=identifier,flags,runtime' '/var/folders/jk/cq_68h790_s6pqybtrp646840000gn/T/XcodeDistPipeline.~~~AFayZA/Root/Payload/eLiift.app/Frameworks/PINRemoteImage.framework'
2023-07-17 06:16:18 +0000  /var/folders/jk/cq_68h790_s6pqybtrp646840000gn/T/XcodeDistPipeline.~~~AFayZA/Root/Payload/eLiift.app/Frameworks/PINRemoteImage.framework: replacing existing signature
2023-07-17 06:16:18 +0000  /var/folders/jk/cq_68h790_s6pqybtrp646840000gn/T/XcodeDistPipeline.~~~AFayZA/Root/Payload/eLiift.app/Frameworks/PINRemoteImage.framework: signed bundle with Mach-O thin (arm64) [org.cocoapods.PINRemoteImage]
2023-07-17 06:16:18 +0000  /usr/bin/codesign exited with 0
2023-07-17 06:16:18 +0000  Entitlements for <IDEDistributionItem: 0x60001d127e40; bundleID='com.razorpay.CheckoutOtpelf', path='<DVTFilePath:0x600011f2dff0:'/Users/abservetech/Library/Developer/Xcode/Archives/2023-07-17/eLiift 17-07-23, 11.44 AM.xcarchive/Products/Applications/eLiift.app/Frameworks/Razorpay.framework'>', codeSigningInfo='<_DVTCodeSigningInformation_Path: 0x6000754a2350; isSigned='1', isAdHocSigned='0', signingCertificate='<DVTSigningCertificate: 0x6000040aa260; name='Apple Distribution: ABSERVETECH PRIVATE LIMITED (F6G9374LLZ)', hash='6E40B4C79DABAE5AE5961A2B18DA486AEC452F3C', serialNumber='5FC7B8D843904D447006DCCCE84B0656', certificateKinds='(
    "1.2.840.113635.100.6.1.7",
    "1.2.840.113635.100.6.1.4"
), issueDate='2022-11-14 09:25:49 +0000''>', entitlements='(null)', teamID='F6G9374LLZ', identifier='com.razorpay.CheckoutOtpelf', executablePath='<DVTFilePath:0x60001ddc0540:'/Users/abservetech/Library/Developer/Xcode/Archives/2023-07-17/eLiift 17-07-23, 11.44 AM.xcarchive/Products/Applications/eLiift.app/Frameworks/Razorpay.framework/Razorpay'>', hardenedRuntime='0'>'>: {
}
2023-07-17 06:16:18 +0000  Entitlements for <IDEDistributionItem: 0x60001d127e40; bundleID='com.razorpay.CheckoutOtpelf', path='<DVTFilePath:0x600011f2dff0:'/Users/abservetech/Library/Developer/Xcode/Archives/2023-07-17/eLiift 17-07-23, 11.44 AM.xcarchive/Products/Applications/eLiift.app/Frameworks/Razorpay.framework'>', codeSigningInfo='<_DVTCodeSigningInformation_Path: 0x6000754a2350; isSigned='1', isAdHocSigned='0', signingCertificate='<DVTSigningCertificate: 0x6000083aeb50; name='Apple Distribution: ABSERVETECH PRIVATE LIMITED (F6G9374LLZ)', hash='6E40B4C79DABAE5AE5961A2B18DA486AEC452F3C', serialNumber='5FC7B8D843904D447006DCCCE84B0656', certificateKinds='(
    "1.2.840.113635.100.6.1.7",
    "1.2.840.113635.100.6.1.4"
), issueDate='2022-11-14 09:25:49 +0000''>', entitlements='(null)', teamID='F6G9374LLZ', identifier='com.razorpay.CheckoutOtpelf', executablePath='<DVTFilePath:0x60001ddc0540:'/Users/abservetech/Library/Developer/Xcode/Archives/2023-07-17/eLiift 17-07-23, 11.44 AM.xcarchive/Products/Applications/eLiift.app/Frameworks/Razorpay.framework/Razorpay'>', hardenedRuntime='0'>'> are: {
}
2023-07-17 06:16:18 +0000  Writing entitlements for <IDEDistributionItem: 0x60001d127e40; bundleID='com.razorpay.CheckoutOtpelf', path='<DVTFilePath:0x600011f2dff0:'/Users/abservetech/Library/Developer/Xcode/Archives/2023-07-17/eLiift 17-07-23, 11.44 AM.xcarchive/Products/Applications/eLiift.app/Frameworks/Razorpay.framework'>', codeSigningInfo='<_DVTCodeSigningInformation_Path: 0x6000754a2350; isSigned='1', isAdHocSigned='0', signingCertificate='<DVTSigningCertificate: 0x600004060210; name='Apple Distribution: ABSERVETECH PRIVATE LIMITED (F6G9374LLZ)', hash='6E40B4C79DABAE5AE5961A2B18DA486AEC452F3C', serialNumber='5FC7B8D843904D447006DCCCE84B0656', certificateKinds='(
    "1.2.840.113635.100.6.1.7",
    "1.2.840.113635.100.6.1.4"
), issueDate='2022-11-14 09:25:49 +0000''>', entitlements='(null)', teamID='F6G9374LLZ', identifier='com.razorpay.CheckoutOtpelf', executablePath='<DVTFilePath:0x60001ddc0540:'/Users/abservetech/Library/Developer/Xcode/Archives/2023-07-17/eLiift 17-07-23, 11.44 AM.xcarchive/Products/Applications/eLiift.app/Frameworks/Razorpay.framework/Razorpay'>', hardenedRuntime='0'>'> to: /var/folders/jk/cq_68h790_s6pqybtrp646840000gn/T/XcodeDistPipeline.~~~AFayZA/entitlements~~~aNBHfx
2023-07-17 06:16:18 +0000  Running /usr/bin/codesign '-vvv' '--force' '--sign' '6E40B4C79DABAE5AE5961A2B18DA486AEC452F3C' '--entitlements' '/var/folders/jk/cq_68h790_s6pqybtrp646840000gn/T/XcodeDistPipeline.~~~AFayZA/entitlements~~~aNBHfx' '--generate-entitlement-der' '--preserve-metadata=identifier,flags,runtime' '/var/folders/jk/cq_68h790_s6pqybtrp646840000gn/T/XcodeDistPipeline.~~~AFayZA/Root/Payload/eLiift.app/Frameworks/Razorpay.framework'
2023-07-17 06:16:18 +0000  /var/folders/jk/cq_68h790_s6pqybtrp646840000gn/T/XcodeDistPipeline.~~~AFayZA/Root/Payload/eLiift.app/Frameworks/Razorpay.framework: replacing existing signature
2023-07-17 06:16:18 +0000  /var/folders/jk/cq_68h790_s6pqybtrp646840000gn/T/XcodeDistPipeline.~~~AFayZA/Root/Payload/eLiift.app/Frameworks/Razorpay.framework: signed bundle with Mach-O universal (arm64) [com.razorpay.CheckoutOtpelf]
2023-07-17 06:16:18 +0000  /usr/bin/codesign exited with 0
2023-07-17 06:16:18 +0000  Entitlements for <IDEDistributionItem: 0x60001d10cfc0; bundleID='org.cocoapods.RxCocoa', path='<DVTFilePath:0x600011f29810:'/Users/abservetech/Library/Developer/Xcode/Archives/2023-07-17/eLiift 17-07-23, 11.44 AM.xcarchive/Products/Applications/eLiift.app/Frameworks/RxCocoa.framework'>', codeSigningInfo='<_DVTCodeSigningInformation_Path: 0x6000754b1db0; isSigned='1', isAdHocSigned='0', signingCertificate='<DVTSigningCertificate: 0x6000083aeaa0; name='Apple Distribution: ABSERVETECH PRIVATE LIMITED (F6G9374LLZ)', hash='6E40B4C79DABAE5AE5961A2B18DA486AEC452F3C', serialNumber='5FC7B8D843904D447006DCCCE84B0656', certificateKinds='(
    "1.2.840.113635.100.6.1.7",
    "1.2.840.113635.100.6.1.4"
), issueDate='2022-11-14 09:25:49 +0000''>', entitlements='(null)', teamID='F6G9374LLZ', identifier='org.cocoapods.RxCocoa', executablePath='<DVTFilePath:0x60001d1df5a0:'/Users/abservetech/Library/Developer/Xcode/Archives/2023-07-17/eLiift 17-07-23, 11.44 AM.xcarchive/Products/Applications/eLiift.app/Frameworks/RxCocoa.framework/RxCocoa'>', hardenedRuntime='0'>'>: {
}
2023-07-17 06:16:18 +0000  Entitlements for <IDEDistributionItem: 0x60001d10cfc0; bundleID='org.cocoapods.RxCocoa', path='<DVTFilePath:0x600011f29810:'/Users/abservetech/Library/Developer/Xcode/Archives/2023-07-17/eLiift 17-07-23, 11.44 AM.xcarchive/Products/Applications/eLiift.app/Frameworks/RxCocoa.framework'>', codeSigningInfo='<_DVTCodeSigningInformation_Path: 0x6000754b1db0; isSigned='1', isAdHocSigned='0', signingCertificate='<DVTSigningCertificate: 0x6000083ae680; name='Apple Distribution: ABSERVETECH PRIVATE LIMITED (F6G9374LLZ)', hash='6E40B4C79DABAE5AE5961A2B18DA486AEC452F3C', serialNumber='5FC7B8D843904D447006DCCCE84B0656', certificateKinds='(
    "1.2.840.113635.100.6.1.7",
    "1.2.840.113635.100.6.1.4"
), issueDate='2022-11-14 09:25:49 +0000''>', entitlements='(null)', teamID='F6G9374LLZ', identifier='org.cocoapods.RxCocoa', executablePath='<DVTFilePath:0x60001d1df5a0:'/Users/abservetech/Library/Developer/Xcode/Archives/2023-07-17/eLiift 17-07-23, 11.44 AM.xcarchive/Products/Applications/eLiift.app/Frameworks/RxCocoa.framework/RxCocoa'>', hardenedRuntime='0'>'> are: {
}
2023-07-17 06:16:18 +0000  Writing entitlements for <IDEDistributionItem: 0x60001d10cfc0; bundleID='org.cocoapods.RxCocoa', path='<DVTFilePath:0x600011f29810:'/Users/abservetech/Library/Developer/Xcode/Archives/2023-07-17/eLiift 17-07-23, 11.44 AM.xcarchive/Products/Applications/eLiift.app/Frameworks/RxCocoa.framework'>', codeSigningInfo='<_DVTCodeSigningInformation_Path: 0x6000754b1db0; isSigned='1', isAdHocSigned='0', signingCertificate='<DVTSigningCertificate: 0x6000043d3e90; name='Apple Distribution: ABSERVETECH PRIVATE LIMITED (F6G9374LLZ)', hash='6E40B4C79DABAE5AE5961A2B18DA486AEC452F3C', serialNumber='5FC7B8D843904D447006DCCCE84B0656', certificateKinds='(
    "1.2.840.113635.100.6.1.7",
    "1.2.840.113635.100.6.1.4"
), issueDate='2022-11-14 09:25:49 +0000''>', entitlements='(null)', teamID='F6G9374LLZ', identifier='org.cocoapods.RxCocoa', executablePath='<DVTFilePath:0x60001d1df5a0:'/Users/abservetech/Library/Developer/Xcode/Archives/2023-07-17/eLiift 17-07-23, 11.44 AM.xcarchive/Products/Applications/eLiift.app/Frameworks/RxCocoa.framework/RxCocoa'>', hardenedRuntime='0'>'> to: /var/folders/jk/cq_68h790_s6pqybtrp646840000gn/T/XcodeDistPipeline.~~~AFayZA/entitlements~~~NsgS3H
2023-07-17 06:16:18 +0000  Running /usr/bin/codesign '-vvv' '--force' '--sign' '6E40B4C79DABAE5AE5961A2B18DA486AEC452F3C' '--entitlements' '/var/folders/jk/cq_68h790_s6pqybtrp646840000gn/T/XcodeDistPipeline.~~~AFayZA/entitlements~~~NsgS3H' '--generate-entitlement-der' '--preserve-metadata=identifier,flags,runtime' '/var/folders/jk/cq_68h790_s6pqybtrp646840000gn/T/XcodeDistPipeline.~~~AFayZA/Root/Payload/eLiift.app/Frameworks/RxCocoa.framework'
2023-07-17 06:16:19 +0000  /var/folders/jk/cq_68h790_s6pqybtrp646840000gn/T/XcodeDistPipeline.~~~AFayZA/Root/Payload/eLiift.app/Frameworks/RxCocoa.framework: replacing existing signature
2023-07-17 06:16:19 +0000  /var/folders/jk/cq_68h790_s6pqybtrp646840000gn/T/XcodeDistPipeline.~~~AFayZA/Root/Payload/eLiift.app/Frameworks/RxCocoa.framework: signed bundle with Mach-O thin (arm64) [org.cocoapods.RxCocoa]
2023-07-17 06:16:19 +0000  /usr/bin/codesign exited with 0
2023-07-17 06:16:19 +0000  Entitlements for <IDEDistributionItem: 0x60001d10f780; bundleID='org.cocoapods.RxRelay', path='<DVTFilePath:0x600011f2bc60:'/Users/abservetech/Library/Developer/Xcode/Archives/2023-07-17/eLiift 17-07-23, 11.44 AM.xcarchive/Products/Applications/eLiift.app/Frameworks/RxRelay.framework'>', codeSigningInfo='<_DVTCodeSigningInformation_Path: 0x6000754a0820; isSigned='1', isAdHocSigned='0', signingCertificate='<DVTSigningCertificate: 0x600004060210; name='Apple Distribution: ABSERVETECH PRIVATE LIMITED (F6G9374LLZ)', hash='6E40B4C79DABAE5AE5961A2B18DA486AEC452F3C', serialNumber='5FC7B8D843904D447006DCCCE84B0656', certificateKinds='(
    "1.2.840.113635.100.6.1.7",
    "1.2.840.113635.100.6.1.4"
), issueDate='2022-11-14 09:25:49 +0000''>', entitlements='(null)', teamID='F6G9374LLZ', identifier='org.cocoapods.RxRelay', executablePath='<DVTFilePath:0x60001d1d5aa0:'/Users/abservetech/Library/Developer/Xcode/Archives/2023-07-17/eLiift 17-07-23, 11.44 AM.xcarchive/Products/Applications/eLiift.app/Frameworks/RxRelay.framework/RxRelay'>', hardenedRuntime='0'>'>: {
}
2023-07-17 06:16:19 +0000  Entitlements for <IDEDistributionItem: 0x60001d10f780; bundleID='org.cocoapods.RxRelay', path='<DVTFilePath:0x600011f2bc60:'/Users/abservetech/Library/Developer/Xcode/Archives/2023-07-17/eLiift 17-07-23, 11.44 AM.xcarchive/Products/Applications/eLiift.app/Frameworks/RxRelay.framework'>', codeSigningInfo='<_DVTCodeSigningInformation_Path: 0x6000754a0820; isSigned='1', isAdHocSigned='0', signingCertificate='<DVTSigningCertificate: 0x6000043d2100; name='Apple Distribution: ABSERVETECH PRIVATE LIMITED (F6G9374LLZ)', hash='6E40B4C79DABAE5AE5961A2B18DA486AEC452F3C', serialNumber='5FC7B8D843904D447006DCCCE84B0656', certificateKinds='(
    "1.2.840.113635.100.6.1.7",
    "1.2.840.113635.100.6.1.4"
), issueDate='2022-11-14 09:25:49 +0000''>', entitlements='(null)', teamID='F6G9374LLZ', identifier='org.cocoapods.RxRelay', executablePath='<DVTFilePath:0x60001d1d5aa0:'/Users/abservetech/Library/Developer/Xcode/Archives/2023-07-17/eLiift 17-07-23, 11.44 AM.xcarchive/Products/Applications/eLiift.app/Frameworks/RxRelay.framework/RxRelay'>', hardenedRuntime='0'>'> are: {
}
2023-07-17 06:16:19 +0000  Writing entitlements for <IDEDistributionItem: 0x60001d10f780; bundleID='org.cocoapods.RxRelay', path='<DVTFilePath:0x600011f2bc60:'/Users/abservetech/Library/Developer/Xcode/Archives/2023-07-17/eLiift 17-07-23, 11.44 AM.xcarchive/Products/Applications/eLiift.app/Frameworks/RxRelay.framework'>', codeSigningInfo='<_DVTCodeSigningInformation_Path: 0x6000754a0820; isSigned='1', isAdHocSigned='0', signingCertificate='<DVTSigningCertificate: 0x6000083aeaa0; name='Apple Distribution: ABSERVETECH PRIVATE LIMITED (F6G9374LLZ)', hash='6E40B4C79DABAE5AE5961A2B18DA486AEC452F3C', serialNumber='5FC7B8D843904D447006DCCCE84B0656', certificateKinds='(
    "1.2.840.113635.100.6.1.7",
    "1.2.840.113635.100.6.1.4"
), issueDate='2022-11-14 09:25:49 +0000''>', entitlements='(null)', teamID='F6G9374LLZ', identifier='org.cocoapods.RxRelay', executablePath='<DVTFilePath:0x60001d1d5aa0:'/Users/abservetech/Library/Developer/Xcode/Archives/2023-07-17/eLiift 17-07-23, 11.44 AM.xcarchive/Products/Applications/eLiift.app/Frameworks/RxRelay.framework/RxRelay'>', hardenedRuntime='0'>'> to: /var/folders/jk/cq_68h790_s6pqybtrp646840000gn/T/XcodeDistPipeline.~~~AFayZA/entitlements~~~7zJ5Wi
2023-07-17 06:16:19 +0000  Running /usr/bin/codesign '-vvv' '--force' '--sign' '6E40B4C79DABAE5AE5961A2B18DA486AEC452F3C' '--entitlements' '/var/folders/jk/cq_68h790_s6pqybtrp646840000gn/T/XcodeDistPipeline.~~~AFayZA/entitlements~~~7zJ5Wi' '--generate-entitlement-der' '--preserve-metadata=identifier,flags,runtime' '/var/folders/jk/cq_68h790_s6pqybtrp646840000gn/T/XcodeDistPipeline.~~~AFayZA/Root/Payload/eLiift.app/Frameworks/RxRelay.framework'
2023-07-17 06:16:19 +0000  /var/folders/jk/cq_68h790_s6pqybtrp646840000gn/T/XcodeDistPipeline.~~~AFayZA/Root/Payload/eLiift.app/Frameworks/RxRelay.framework: replacing existing signature
2023-07-17 06:16:19 +0000  /var/folders/jk/cq_68h790_s6pqybtrp646840000gn/T/XcodeDistPipeline.~~~AFayZA/Root/Payload/eLiift.app/Frameworks/RxRelay.framework: signed bundle with Mach-O thin (arm64) [org.cocoapods.RxRelay]
2023-07-17 06:16:19 +0000  /usr/bin/codesign exited with 0
2023-07-17 06:16:19 +0000  Entitlements for <IDEDistributionItem: 0x60001d13d5c0; bundleID='org.cocoapods.RxSwift', path='<DVTFilePath:0x60001dc80540:'/Users/abservetech/Library/Developer/Xcode/Archives/2023-07-17/eLiift 17-07-23, 11.44 AM.xcarchive/Products/Applications/eLiift.app/Frameworks/RxSwift.framework'>', codeSigningInfo='<_DVTCodeSigningInformation_Path: 0x6000754aea80; isSigned='1', isAdHocSigned='0', signingCertificate='<DVTSigningCertificate: 0x6000043d2100; name='Apple Distribution: ABSERVETECH PRIVATE LIMITED (F6G9374LLZ)', hash='6E40B4C79DABAE5AE5961A2B18DA486AEC452F3C', serialNumber='5FC7B8D843904D447006DCCCE84B0656', certificateKinds='(
    "1.2.840.113635.100.6.1.7",
    "1.2.840.113635.100.6.1.4"
), issueDate='2022-11-14 09:25:49 +0000''>', entitlements='(null)', teamID='F6G9374LLZ', identifier='org.cocoapods.RxSwift', executablePath='<DVTFilePath:0x60001d1e05a0:'/Users/abservetech/Library/Developer/Xcode/Archives/2023-07-17/eLiift 17-07-23, 11.44 AM.xcarchive/Products/Applications/eLiift.app/Frameworks/RxSwift.framework/RxSwift'>', hardenedRuntime='0'>'>: {
}
2023-07-17 06:16:19 +0000  Entitlements for <IDEDistributionItem: 0x60001d13d5c0; bundleID='org.cocoapods.RxSwift', path='<DVTFilePath:0x60001dc80540:'/Users/abservetech/Library/Developer/Xcode/Archives/2023-07-17/eLiift 17-07-23, 11.44 AM.xcarchive/Products/Applications/eLiift.app/Frameworks/RxSwift.framework'>', codeSigningInfo='<_DVTCodeSigningInformation_Path: 0x6000754aea80; isSigned='1', isAdHocSigned='0', signingCertificate='<DVTSigningCertificate: 0x6000083aeb50; name='Apple Distribution: ABSERVETECH PRIVATE LIMITED (F6G9374LLZ)', hash='6E40B4C79DABAE5AE5961A2B18DA486AEC452F3C', serialNumber='5FC7B8D843904D447006DCCCE84B0656', certificateKinds='(
    "1.2.840.113635.100.6.1.7",
    "1.2.840.113635.100.6.1.4"
), issueDate='2022-11-14 09:25:49 +0000''>', entitlements='(null)', teamID='F6G9374LLZ', identifier='org.cocoapods.RxSwift', executablePath='<DVTFilePath:0x60001d1e05a0:'/Users/abservetech/Library/Developer/Xcode/Archives/2023-07-17/eLiift 17-07-23, 11.44 AM.xcarchive/Products/Applications/eLiift.app/Frameworks/RxSwift.framework/RxSwift'>', hardenedRuntime='0'>'> are: {
}
2023-07-17 06:16:19 +0000  Writing entitlements for <IDEDistributionItem: 0x60001d13d5c0; bundleID='org.cocoapods.RxSwift', path='<DVTFilePath:0x60001dc80540:'/Users/abservetech/Library/Developer/Xcode/Archives/2023-07-17/eLiift 17-07-23, 11.44 AM.xcarchive/Products/Applications/eLiift.app/Frameworks/RxSwift.framework'>', codeSigningInfo='<_DVTCodeSigningInformation_Path: 0x6000754aea80; isSigned='1', isAdHocSigned='0', signingCertificate='<DVTSigningCertificate: 0x6000043939c0; name='Apple Distribution: ABSERVETECH PRIVATE LIMITED (F6G9374LLZ)', hash='6E40B4C79DABAE5AE5961A2B18DA486AEC452F3C', serialNumber='5FC7B8D843904D447006DCCCE84B0656', certificateKinds='(
    "1.2.840.113635.100.6.1.7",
    "1.2.840.113635.100.6.1.4"
), issueDate='2022-11-14 09:25:49 +0000''>', entitlements='(null)', teamID='F6G9374LLZ', identifier='org.cocoapods.RxSwift', executablePath='<DVTFilePath:0x60001d1e05a0:'/Users/abservetech/Library/Developer/Xcode/Archives/2023-07-17/eLiift 17-07-23, 11.44 AM.xcarchive/Products/Applications/eLiift.app/Frameworks/RxSwift.framework/RxSwift'>', hardenedRuntime='0'>'> to: /var/folders/jk/cq_68h790_s6pqybtrp646840000gn/T/XcodeDistPipeline.~~~AFayZA/entitlements~~~Rs6kXV
2023-07-17 06:16:19 +0000  Running /usr/bin/codesign '-vvv' '--force' '--sign' '6E40B4C79DABAE5AE5961A2B18DA486AEC452F3C' '--entitlements' '/var/folders/jk/cq_68h790_s6pqybtrp646840000gn/T/XcodeDistPipeline.~~~AFayZA/entitlements~~~Rs6kXV' '--generate-entitlement-der' '--preserve-metadata=identifier,flags,runtime' '/var/folders/jk/cq_68h790_s6pqybtrp646840000gn/T/XcodeDistPipeline.~~~AFayZA/Root/Payload/eLiift.app/Frameworks/RxSwift.framework'
2023-07-17 06:16:19 +0000  /var/folders/jk/cq_68h790_s6pqybtrp646840000gn/T/XcodeDistPipeline.~~~AFayZA/Root/Payload/eLiift.app/Frameworks/RxSwift.framework: replacing existing signature
2023-07-17 06:16:20 +0000  /var/folders/jk/cq_68h790_s6pqybtrp646840000gn/T/XcodeDistPipeline.~~~AFayZA/Root/Payload/eLiift.app/Frameworks/RxSwift.framework: signed bundle with Mach-O thin (arm64) [org.cocoapods.RxSwift]
2023-07-17 06:16:20 +0000  /usr/bin/codesign exited with 0
2023-07-17 06:16:20 +0000  Entitlements for <IDEDistributionItem: 0x60001d077c00; bundleID='org.cocoapods.SideMenuSwift', path='<DVTFilePath:0x60001dc825a0:'/Users/abservetech/Library/Developer/Xcode/Archives/2023-07-17/eLiift 17-07-23, 11.44 AM.xcarchive/Products/Applications/eLiift.app/Frameworks/SideMenuSwift.framework'>', codeSigningInfo='<_DVTCodeSigningInformation_Path: 0x600075757a70; isSigned='1', isAdHocSigned='0', signingCertificate='<DVTSigningCertificate: 0x6000083aeaa0; name='Apple Distribution: ABSERVETECH PRIVATE LIMITED (F6G9374LLZ)', hash='6E40B4C79DABAE5AE5961A2B18DA486AEC452F3C', serialNumber='5FC7B8D843904D447006DCCCE84B0656', certificateKinds='(
    "1.2.840.113635.100.6.1.7",
    "1.2.840.113635.100.6.1.4"
), issueDate='2022-11-14 09:25:49 +0000''>', entitlements='(null)', teamID='F6G9374LLZ', identifier='org.cocoapods.SideMenuSwift', executablePath='<DVTFilePath:0x60001dd89340:'/Users/abservetech/Library/Developer/Xcode/Archives/2023-07-17/eLiift 17-07-23, 11.44 AM.xcarchive/Products/Applications/eLiift.app/Frameworks/SideMenuSwift.framework/SideMenuSwift'>', hardenedRuntime='0'>'>: {
}
2023-07-17 06:16:20 +0000  Entitlements for <IDEDistributionItem: 0x60001d077c00; bundleID='org.cocoapods.SideMenuSwift', path='<DVTFilePath:0x60001dc825a0:'/Users/abservetech/Library/Developer/Xcode/Archives/2023-07-17/eLiift 17-07-23, 11.44 AM.xcarchive/Products/Applications/eLiift.app/Frameworks/SideMenuSwift.framework'>', codeSigningInfo='<_DVTCodeSigningInformation_Path: 0x600075757a70; isSigned='1', isAdHocSigned='0', signingCertificate='<DVTSigningCertificate: 0x6000043d2100; name='Apple Distribution: ABSERVETECH PRIVATE LIMITED (F6G9374LLZ)', hash='6E40B4C79DABAE5AE5961A2B18DA486AEC452F3C', serialNumber='5FC7B8D843904D447006DCCCE84B0656', certificateKinds='(
    "1.2.840.113635.100.6.1.7",
    "1.2.840.113635.100.6.1.4"
), issueDate='2022-11-14 09:25:49 +0000''>', entitlements='(null)', teamID='F6G9374LLZ', identifier='org.cocoapods.SideMenuSwift', executablePath='<DVTFilePath:0x60001dd89340:'/Users/abservetech/Library/Developer/Xcode/Archives/2023-07-17/eLiift 17-07-23, 11.44 AM.xcarchive/Products/Applications/eLiift.app/Frameworks/SideMenuSwift.framework/SideMenuSwift'>', hardenedRuntime='0'>'> are: {
}
2023-07-17 06:16:20 +0000  Writing entitlements for <IDEDistributionItem: 0x60001d077c00; bundleID='org.cocoapods.SideMenuSwift', path='<DVTFilePath:0x60001dc825a0:'/Users/abservetech/Library/Developer/Xcode/Archives/2023-07-17/eLiift 17-07-23, 11.44 AM.xcarchive/Products/Applications/eLiift.app/Frameworks/SideMenuSwift.framework'>', codeSigningInfo='<_DVTCodeSigningInformation_Path: 0x600075757a70; isSigned='1', isAdHocSigned='0', signingCertificate='<DVTSigningCertificate: 0x6000043939c0; name='Apple Distribution: ABSERVETECH PRIVATE LIMITED (F6G9374LLZ)', hash='6E40B4C79DABAE5AE5961A2B18DA486AEC452F3C', serialNumber='5FC7B8D843904D447006DCCCE84B0656', certificateKinds='(
    "1.2.840.113635.100.6.1.7",
    "1.2.840.113635.100.6.1.4"
), issueDate='2022-11-14 09:25:49 +0000''>', entitlements='(null)', teamID='F6G9374LLZ', identifier='org.cocoapods.SideMenuSwift', executablePath='<DVTFilePath:0x60001dd89340:'/Users/abservetech/Library/Developer/Xcode/Archives/2023-07-17/eLiift 17-07-23, 11.44 AM.xcarchive/Products/Applications/eLiift.app/Frameworks/SideMenuSwift.framework/SideMenuSwift'>', hardenedRuntime='0'>'> to: /var/folders/jk/cq_68h790_s6pqybtrp646840000gn/T/XcodeDistPipeline.~~~AFayZA/entitlements~~~Cp6kSb
2023-07-17 06:16:20 +0000  Running /usr/bin/codesign '-vvv' '--force' '--sign' '6E40B4C79DABAE5AE5961A2B18DA486AEC452F3C' '--entitlements' '/var/folders/jk/cq_68h790_s6pqybtrp646840000gn/T/XcodeDistPipeline.~~~AFayZA/entitlements~~~Cp6kSb' '--generate-entitlement-der' '--preserve-metadata=identifier,flags,runtime' '/var/folders/jk/cq_68h790_s6pqybtrp646840000gn/T/XcodeDistPipeline.~~~AFayZA/Root/Payload/eLiift.app/Frameworks/SideMenuSwift.framework'
2023-07-17 06:16:20 +0000  /var/folders/jk/cq_68h790_s6pqybtrp646840000gn/T/XcodeDistPipeline.~~~AFayZA/Root/Payload/eLiift.app/Frameworks/SideMenuSwift.framework: replacing existing signature
2023-07-17 06:16:20 +0000  /var/folders/jk/cq_68h790_s6pqybtrp646840000gn/T/XcodeDistPipeline.~~~AFayZA/Root/Payload/eLiift.app/Frameworks/SideMenuSwift.framework: signed bundle with Mach-O thin (arm64) [org.cocoapods.SideMenuSwift]
2023-07-17 06:16:20 +0000  /usr/bin/codesign exited with 0
2023-07-17 06:16:20 +0000  Entitlements for <IDEDistributionItem: 0x60001d048720; bundleID='org.cocoapods.SkyFloatingLabelTextField', path='<DVTFilePath:0x60000da84c00:'/Users/abservetech/Library/Developer/Xcode/Archives/2023-07-17/eLiift 17-07-23, 11.44 AM.xcarchive/Products/Applications/eLiift.app/Frameworks/SkyFloatingLabelTextField.framework'>', codeSigningInfo='<_DVTCodeSigningInformation_Path: 0x600075757520; isSigned='1', isAdHocSigned='0', signingCertificate='<DVTSigningCertificate: 0x6000083aeaa0; name='Apple Distribution: ABSERVETECH PRIVATE LIMITED (F6G9374LLZ)', hash='6E40B4C79DABAE5AE5961A2B18DA486AEC452F3C', serialNumber='5FC7B8D843904D447006DCCCE84B0656', certificateKinds='(
    "1.2.840.113635.100.6.1.7",
    "1.2.840.113635.100.6.1.4"
), issueDate='2022-11-14 09:25:49 +0000''>', entitlements='(null)', teamID='F6G9374LLZ', identifier='org.cocoapods.SkyFloatingLabelTextField', executablePath='<DVTFilePath:0x60000da80f00:'/Users/abservetech/Library/Developer/Xcode/Archives/2023-07-17/eLiift 17-07-23, 11.44 AM.xcarchive/Products/Applications/eLiift.app/Frameworks/SkyFloatingLabelTextField.framework/SkyFloatingLabelTextField'>', hardenedRuntime='0'>'>: {
}
2023-07-17 06:16:20 +0000  Entitlements for <IDEDistributionItem: 0x60001d048720; bundleID='org.cocoapods.SkyFloatingLabelTextField', path='<DVTFilePath:0x60000da84c00:'/Users/abservetech/Library/Developer/Xcode/Archives/2023-07-17/eLiift 17-07-23, 11.44 AM.xcarchive/Products/Applications/eLiift.app/Frameworks/SkyFloatingLabelTextField.framework'>', codeSigningInfo='<_DVTCodeSigningInformation_Path: 0x600075757520; isSigned='1', isAdHocSigned='0', signingCertificate='<DVTSigningCertificate: 0x6000083ae680; name='Apple Distribution: ABSERVETECH PRIVATE LIMITED (F6G9374LLZ)', hash='6E40B4C79DABAE5AE5961A2B18DA486AEC452F3C', serialNumber='5FC7B8D843904D447006DCCCE84B0656', certificateKinds='(
    "1.2.840.113635.100.6.1.7",
    "1.2.840.113635.100.6.1.4"
), issueDate='2022-11-14 09:25:49 +0000''>', entitlements='(null)', teamID='F6G9374LLZ', identifier='org.cocoapods.SkyFloatingLabelTextField', executablePath='<DVTFilePath:0x60000da80f00:'/Users/abservetech/Library/Developer/Xcode/Archives/2023-07-17/eLiift 17-07-23, 11.44 AM.xcarchive/Products/Applications/eLiift.app/Frameworks/SkyFloatingLabelTextField.framework/SkyFloatingLabelTextField'>', hardenedRuntime='0'>'> are: {
}
2023-07-17 06:16:20 +0000  Writing entitlements for <IDEDistributionItem: 0x60001d048720; bundleID='org.cocoapods.SkyFloatingLabelTextField', path='<DVTFilePath:0x60000da84c00:'/Users/abservetech/Library/Developer/Xcode/Archives/2023-07-17/eLiift 17-07-23, 11.44 AM.xcarchive/Products/Applications/eLiift.app/Frameworks/SkyFloatingLabelTextField.framework'>', codeSigningInfo='<_DVTCodeSigningInformation_Path: 0x600075757520; isSigned='1', isAdHocSigned='0', signingCertificate='<DVTSigningCertificate: 0x6000083ac6e0; name='Apple Distribution: ABSERVETECH PRIVATE LIMITED (F6G9374LLZ)', hash='6E40B4C79DABAE5AE5961A2B18DA486AEC452F3C', serialNumber='5FC7B8D843904D447006DCCCE84B0656', certificateKinds='(
    "1.2.840.113635.100.6.1.7",
    "1.2.840.113635.100.6.1.4"
), issueDate='2022-11-14 09:25:49 +0000''>', entitlements='(null)', teamID='F6G9374LLZ', identifier='org.cocoapods.SkyFloatingLabelTextField', executablePath='<DVTFilePath:0x60000da80f00:'/Users/abservetech/Library/Developer/Xcode/Archives/2023-07-17/eLiift 17-07-23, 11.44 AM.xcarchive/Products/Applications/eLiift.app/Frameworks/SkyFloatingLabelTextField.framework/SkyFloatingLabelTextField'>', hardenedRuntime='0'>'> to: /var/folders/jk/cq_68h790_s6pqybtrp646840000gn/T/XcodeDistPipeline.~~~AFayZA/entitlements~~~Qqd1ug
2023-07-17 06:16:20 +0000  Running /usr/bin/codesign '-vvv' '--force' '--sign' '6E40B4C79DABAE5AE5961A2B18DA486AEC452F3C' '--entitlements' '/var/folders/jk/cq_68h790_s6pqybtrp646840000gn/T/XcodeDistPipeline.~~~AFayZA/entitlements~~~Qqd1ug' '--generate-entitlement-der' '--preserve-metadata=identifier,flags,runtime' '/var/folders/jk/cq_68h790_s6pqybtrp646840000gn/T/XcodeDistPipeline.~~~AFayZA/Root/Payload/eLiift.app/Frameworks/SkyFloatingLabelTextField.framework'
2023-07-17 06:16:20 +0000  /var/folders/jk/cq_68h790_s6pqybtrp646840000gn/T/XcodeDistPipeline.~~~AFayZA/Root/Payload/eLiift.app/Frameworks/SkyFloatingLabelTextField.framework: replacing existing signature
2023-07-17 06:16:20 +0000  /var/folders/jk/cq_68h790_s6pqybtrp646840000gn/T/XcodeDistPipeline.~~~AFayZA/Root/Payload/eLiift.app/Frameworks/SkyFloatingLabelTextField.framework: signed bundle with Mach-O thin (arm64) [org.cocoapods.SkyFloatingLabelTextField]
2023-07-17 06:16:20 +0000  /usr/bin/codesign exited with 0
2023-07-17 06:16:20 +0000  Entitlements for <IDEDistributionItem: 0x60001d121aa0; bundleID='org.cocoapods.SocketIO', path='<DVTFilePath:0x60001dc8e450:'/Users/abservetech/Library/Developer/Xcode/Archives/2023-07-17/eLiift 17-07-23, 11.44 AM.xcarchive/Products/Applications/eLiift.app/Frameworks/SocketIO.framework'>', codeSigningInfo='<_DVTCodeSigningInformation_Path: 0x6000754a1630; isSigned='1', isAdHocSigned='0', signingCertificate='<DVTSigningCertificate: 0x6000083aeaa0; name='Apple Distribution: ABSERVETECH PRIVATE LIMITED (F6G9374LLZ)', hash='6E40B4C79DABAE5AE5961A2B18DA486AEC452F3C', serialNumber='5FC7B8D843904D447006DCCCE84B0656', certificateKinds='(
    "1.2.840.113635.100.6.1.7",
    "1.2.840.113635.100.6.1.4"
), issueDate='2022-11-14 09:25:49 +0000''>', entitlements='(null)', teamID='F6G9374LLZ', identifier='org.cocoapods.SocketIO', executablePath='<DVTFilePath:0x60001dd828b0:'/Users/abservetech/Library/Developer/Xcode/Archives/2023-07-17/eLiift 17-07-23, 11.44 AM.xcarchive/Products/Applications/eLiift.app/Frameworks/SocketIO.framework/SocketIO'>', hardenedRuntime='0'>'>: {
}
2023-07-17 06:16:20 +0000  Entitlements for <IDEDistributionItem: 0x60001d121aa0; bundleID='org.cocoapods.SocketIO', path='<DVTFilePath:0x60001dc8e450:'/Users/abservetech/Library/Developer/Xcode/Archives/2023-07-17/eLiift 17-07-23, 11.44 AM.xcarchive/Products/Applications/eLiift.app/Frameworks/SocketIO.framework'>', codeSigningInfo='<_DVTCodeSigningInformation_Path: 0x6000754a1630; isSigned='1', isAdHocSigned='0', signingCertificate='<DVTSigningCertificate: 0x6000083ae680; name='Apple Distribution: ABSERVETECH PRIVATE LIMITED (F6G9374LLZ)', hash='6E40B4C79DABAE5AE5961A2B18DA486AEC452F3C', serialNumber='5FC7B8D843904D447006DCCCE84B0656', certificateKinds='(
    "1.2.840.113635.100.6.1.7",
    "1.2.840.113635.100.6.1.4"
), issueDate='2022-11-14 09:25:49 +0000''>', entitlements='(null)', teamID='F6G9374LLZ', identifier='org.cocoapods.SocketIO', executablePath='<DVTFilePath:0x60001dd828b0:'/Users/abservetech/Library/Developer/Xcode/Archives/2023-07-17/eLiift 17-07-23, 11.44 AM.xcarchive/Products/Applications/eLiift.app/Frameworks/SocketIO.framework/SocketIO'>', hardenedRuntime='0'>'> are: {
}
2023-07-17 06:16:20 +0000  Writing entitlements for <IDEDistributionItem: 0x60001d121aa0; bundleID='org.cocoapods.SocketIO', path='<DVTFilePath:0x60001dc8e450:'/Users/abservetech/Library/Developer/Xcode/Archives/2023-07-17/eLiift 17-07-23, 11.44 AM.xcarchive/Products/Applications/eLiift.app/Frameworks/SocketIO.framework'>', codeSigningInfo='<_DVTCodeSigningInformation_Path: 0x6000754a1630; isSigned='1', isAdHocSigned='0', signingCertificate='<DVTSigningCertificate: 0x6000083ac6e0; name='Apple Distribution: ABSERVETECH PRIVATE LIMITED (F6G9374LLZ)', hash='6E40B4C79DABAE5AE5961A2B18DA486AEC452F3C', serialNumber='5FC7B8D843904D447006DCCCE84B0656', certificateKinds='(
    "1.2.840.113635.100.6.1.7",
    "1.2.840.113635.100.6.1.4"
), issueDate='2022-11-14 09:25:49 +0000''>', entitlements='(null)', teamID='F6G9374LLZ', identifier='org.cocoapods.SocketIO', executablePath='<DVTFilePath:0x60001dd828b0:'/Users/abservetech/Library/Developer/Xcode/Archives/2023-07-17/eLiift 17-07-23, 11.44 AM.xcarchive/Products/Applications/eLiift.app/Frameworks/SocketIO.framework/SocketIO'>', hardenedRuntime='0'>'> to: /var/folders/jk/cq_68h790_s6pqybtrp646840000gn/T/XcodeDistPipeline.~~~AFayZA/entitlements~~~M6qtMQ
2023-07-17 06:16:20 +0000  Running /usr/bin/codesign '-vvv' '--force' '--sign' '6E40B4C79DABAE5AE5961A2B18DA486AEC452F3C' '--entitlements' '/var/folders/jk/cq_68h790_s6pqybtrp646840000gn/T/XcodeDistPipeline.~~~AFayZA/entitlements~~~M6qtMQ' '--generate-entitlement-der' '--preserve-metadata=identifier,flags,runtime' '/var/folders/jk/cq_68h790_s6pqybtrp646840000gn/T/XcodeDistPipeline.~~~AFayZA/Root/Payload/eLiift.app/Frameworks/SocketIO.framework'
2023-07-17 06:16:20 +0000  /var/folders/jk/cq_68h790_s6pqybtrp646840000gn/T/XcodeDistPipeline.~~~AFayZA/Root/Payload/eLiift.app/Frameworks/SocketIO.framework: replacing existing signature
2023-07-17 06:16:21 +0000  /var/folders/jk/cq_68h790_s6pqybtrp646840000gn/T/XcodeDistPipeline.~~~AFayZA/Root/Payload/eLiift.app/Frameworks/SocketIO.framework: signed bundle with Mach-O thin (arm64) [org.cocoapods.SocketIO]
2023-07-17 06:16:21 +0000  /usr/bin/codesign exited with 0
2023-07-17 06:16:21 +0000  Entitlements for <IDEDistributionItem: 0x60001d124a80; bundleID='org.cocoapods.StarscreamSocketIO', path='<DVTFilePath:0x600009a8fb00:'/Users/abservetech/Library/Developer/Xcode/Archives/2023-07-17/eLiift 17-07-23, 11.44 AM.xcarchive/Products/Applications/eLiift.app/Frameworks/StarscreamSocketIO.framework'>', codeSigningInfo='<_DVTCodeSigningInformation_Path: 0x6000754a3570; isSigned='1', isAdHocSigned='0', signingCertificate='<DVTSigningCertificate: 0x6000040ceec0; name='Apple Distribution: ABSERVETECH PRIVATE LIMITED (F6G9374LLZ)', hash='6E40B4C79DABAE5AE5961A2B18DA486AEC452F3C', serialNumber='5FC7B8D843904D447006DCCCE84B0656', certificateKinds='(
    "1.2.840.113635.100.6.1.7",
    "1.2.840.113635.100.6.1.4"
), issueDate='2022-11-14 09:25:49 +0000''>', entitlements='(null)', teamID='F6G9374LLZ', identifier='org.cocoapods.StarscreamSocketIO', executablePath='<DVTFilePath:0x60001dd37870:'/Users/abservetech/Library/Developer/Xcode/Archives/2023-07-17/eLiift 17-07-23, 11.44 AM.xcarchive/Products/Applications/eLiift.app/Frameworks/StarscreamSocketIO.framework/StarscreamSocketIO'>', hardenedRuntime='0'>'>: {
}
2023-07-17 06:16:21 +0000  Entitlements for <IDEDistributionItem: 0x60001d124a80; bundleID='org.cocoapods.StarscreamSocketIO', path='<DVTFilePath:0x600009a8fb00:'/Users/abservetech/Library/Developer/Xcode/Archives/2023-07-17/eLiift 17-07-23, 11.44 AM.xcarchive/Products/Applications/eLiift.app/Frameworks/StarscreamSocketIO.framework'>', codeSigningInfo='<_DVTCodeSigningInformation_Path: 0x6000754a3570; isSigned='1', isAdHocSigned='0', signingCertificate='<DVTSigningCertificate: 0x6000040d2aa0; name='Apple Distribution: ABSERVETECH PRIVATE LIMITED (F6G9374LLZ)', hash='6E40B4C79DABAE5AE5961A2B18DA486AEC452F3C', serialNumber='5FC7B8D843904D447006DCCCE84B0656', certificateKinds='(
    "1.2.840.113635.100.6.1.7",
    "1.2.840.113635.100.6.1.4"
), issueDate='2022-11-14 09:25:49 +0000''>', entitlements='(null)', teamID='F6G9374LLZ', identifier='org.cocoapods.StarscreamSocketIO', executablePath='<DVTFilePath:0x60001dd37870:'/Users/abservetech/Library/Developer/Xcode/Archives/2023-07-17/eLiift 17-07-23, 11.44 AM.xcarchive/Products/Applications/eLiift.app/Frameworks/StarscreamSocketIO.framework/StarscreamSocketIO'>', hardenedRuntime='0'>'> are: {
}
2023-07-17 06:16:21 +0000  Writing entitlements for <IDEDistributionItem: 0x60001d124a80; bundleID='org.cocoapods.StarscreamSocketIO', path='<DVTFilePath:0x600009a8fb00:'/Users/abservetech/Library/Developer/Xcode/Archives/2023-07-17/eLiift 17-07-23, 11.44 AM.xcarchive/Products/Applications/eLiift.app/Frameworks/StarscreamSocketIO.framework'>', codeSigningInfo='<_DVTCodeSigningInformation_Path: 0x6000754a3570; isSigned='1', isAdHocSigned='0', signingCertificate='<DVTSigningCertificate: 0x600004029550; name='Apple Distribution: ABSERVETECH PRIVATE LIMITED (F6G9374LLZ)', hash='6E40B4C79DABAE5AE5961A2B18DA486AEC452F3C', serialNumber='5FC7B8D843904D447006DCCCE84B0656', certificateKinds='(
    "1.2.840.113635.100.6.1.7",
    "1.2.840.113635.100.6.1.4"
), issueDate='2022-11-14 09:25:49 +0000''>', entitlements='(null)', teamID='F6G9374LLZ', identifier='org.cocoapods.StarscreamSocketIO', executablePath='<DVTFilePath:0x60001dd37870:'/Users/abservetech/Library/Developer/Xcode/Archives/2023-07-17/eLiift 17-07-23, 11.44 AM.xcarchive/Products/Applications/eLiift.app/Frameworks/StarscreamSocketIO.framework/StarscreamSocketIO'>', hardenedRuntime='0'>'> to: /var/folders/jk/cq_68h790_s6pqybtrp646840000gn/T/XcodeDistPipeline.~~~AFayZA/entitlements~~~uS6L5W
2023-07-17 06:16:21 +0000  Running /usr/bin/codesign '-vvv' '--force' '--sign' '6E40B4C79DABAE5AE5961A2B18DA486AEC452F3C' '--entitlements' '/var/folders/jk/cq_68h790_s6pqybtrp646840000gn/T/XcodeDistPipeline.~~~AFayZA/entitlements~~~uS6L5W' '--generate-entitlement-der' '--preserve-metadata=identifier,flags,runtime' '/var/folders/jk/cq_68h790_s6pqybtrp646840000gn/T/XcodeDistPipeline.~~~AFayZA/Root/Payload/eLiift.app/Frameworks/StarscreamSocketIO.framework'
2023-07-17 06:16:21 +0000  /var/folders/jk/cq_68h790_s6pqybtrp646840000gn/T/XcodeDistPipeline.~~~AFayZA/Root/Payload/eLiift.app/Frameworks/StarscreamSocketIO.framework: replacing existing signature
2023-07-17 06:16:21 +0000  /var/folders/jk/cq_68h790_s6pqybtrp646840000gn/T/XcodeDistPipeline.~~~AFayZA/Root/Payload/eLiift.app/Frameworks/StarscreamSocketIO.framework: signed bundle with Mach-O thin (arm64) [org.cocoapods.StarscreamSocketIO]
2023-07-17 06:16:21 +0000  /usr/bin/codesign exited with 0
2023-07-17 06:16:21 +0000  Entitlements for <IDEDistributionItem: 0x60001d120000; bundleID='org.cocoapods.StepSlider', path='<DVTFilePath:0x60001dc438e0:'/Users/abservetech/Library/Developer/Xcode/Archives/2023-07-17/eLiift 17-07-23, 11.44 AM.xcarchive/Products/Applications/eLiift.app/Frameworks/StepSlider.framework'>', codeSigningInfo='<_DVTCodeSigningInformation_Path: 0x6000754ac6e0; isSigned='1', isAdHocSigned='0', signingCertificate='<DVTSigningCertificate: 0x6000083acb00; name='Apple Distribution: ABSERVETECH PRIVATE LIMITED (F6G9374LLZ)', hash='6E40B4C79DABAE5AE5961A2B18DA486AEC452F3C', serialNumber='5FC7B8D843904D447006DCCCE84B0656', certificateKinds='(
    "1.2.840.113635.100.6.1.7",
    "1.2.840.113635.100.6.1.4"
), issueDate='2022-11-14 09:25:49 +0000''>', entitlements='(null)', teamID='F6G9374LLZ', identifier='org.cocoapods.StepSlider', executablePath='<DVTFilePath:0x600011f2efb0:'/Users/abservetech/Library/Developer/Xcode/Archives/2023-07-17/eLiift 17-07-23, 11.44 AM.xcarchive/Products/Applications/eLiift.app/Frameworks/StepSlider.framework/StepSlider'>', hardenedRuntime='0'>'>: {
}
2023-07-17 06:16:21 +0000  Entitlements for <IDEDistributionItem: 0x60001d120000; bundleID='org.cocoapods.StepSlider', path='<DVTFilePath:0x60001dc438e0:'/Users/abservetech/Library/Developer/Xcode/Archives/2023-07-17/eLiift 17-07-23, 11.44 AM.xcarchive/Products/Applications/eLiift.app/Frameworks/StepSlider.framework'>', codeSigningInfo='<_DVTCodeSigningInformation_Path: 0x6000754ac6e0; isSigned='1', isAdHocSigned='0', signingCertificate='<DVTSigningCertificate: 0x6000083ac210; name='Apple Distribution: ABSERVETECH PRIVATE LIMITED (F6G9374LLZ)', hash='6E40B4C79DABAE5AE5961A2B18DA486AEC452F3C', serialNumber='5FC7B8D843904D447006DCCCE84B0656', certificateKinds='(
    "1.2.840.113635.100.6.1.7",
    "1.2.840.113635.100.6.1.4"
), issueDate='2022-11-14 09:25:49 +0000''>', entitlements='(null)', teamID='F6G9374LLZ', identifier='org.cocoapods.StepSlider', executablePath='<DVTFilePath:0x600011f2efb0:'/Users/abservetech/Library/Developer/Xcode/Archives/2023-07-17/eLiift 17-07-23, 11.44 AM.xcarchive/Products/Applications/eLiift.app/Frameworks/StepSlider.framework/StepSlider'>', hardenedRuntime='0'>'> are: {
}
2023-07-17 06:16:21 +0000  Writing entitlements for <IDEDistributionItem: 0x60001d120000; bundleID='org.cocoapods.StepSlider', path='<DVTFilePath:0x60001dc438e0:'/Users/abservetech/Library/Developer/Xcode/Archives/2023-07-17/eLiift 17-07-23, 11.44 AM.xcarchive/Products/Applications/eLiift.app/Frameworks/StepSlider.framework'>', codeSigningInfo='<_DVTCodeSigningInformation_Path: 0x6000754ac6e0; isSigned='1', isAdHocSigned='0', signingCertificate='<DVTSigningCertificate: 0x6000040654a0; name='Apple Distribution: ABSERVETECH PRIVATE LIMITED (F6G9374LLZ)', hash='6E40B4C79DABAE5AE5961A2B18DA486AEC452F3C', serialNumber='5FC7B8D843904D447006DCCCE84B0656', certificateKinds='(
    "1.2.840.113635.100.6.1.7",
    "1.2.840.113635.100.6.1.4"
), issueDate='2022-11-14 09:25:49 +0000''>', entitlements='(null)', teamID='F6G9374LLZ', identifier='org.cocoapods.StepSlider', executablePath='<DVTFilePath:0x600011f2efb0:'/Users/abservetech/Library/Developer/Xcode/Archives/2023-07-17/eLiift 17-07-23, 11.44 AM.xcarchive/Products/Applications/eLiift.app/Frameworks/StepSlider.framework/StepSlider'>', hardenedRuntime='0'>'> to: /var/folders/jk/cq_68h790_s6pqybtrp646840000gn/T/XcodeDistPipeline.~~~AFayZA/entitlements~~~jeDtg7
2023-07-17 06:16:21 +0000  Running /usr/bin/codesign '-vvv' '--force' '--sign' '6E40B4C79DABAE5AE5961A2B18DA486AEC452F3C' '--entitlements' '/var/folders/jk/cq_68h790_s6pqybtrp646840000gn/T/XcodeDistPipeline.~~~AFayZA/entitlements~~~jeDtg7' '--generate-entitlement-der' '--preserve-metadata=identifier,flags,runtime' '/var/folders/jk/cq_68h790_s6pqybtrp646840000gn/T/XcodeDistPipeline.~~~AFayZA/Root/Payload/eLiift.app/Frameworks/StepSlider.framework'
2023-07-17 06:16:21 +0000  /var/folders/jk/cq_68h790_s6pqybtrp646840000gn/T/XcodeDistPipeline.~~~AFayZA/Root/Payload/eLiift.app/Frameworks/StepSlider.framework: replacing existing signature
2023-07-17 06:16:21 +0000  /var/folders/jk/cq_68h790_s6pqybtrp646840000gn/T/XcodeDistPipeline.~~~AFayZA/Root/Payload/eLiift.app/Frameworks/StepSlider.framework: signed bundle with Mach-O thin (arm64) [org.cocoapods.StepSlider]
2023-07-17 06:16:21 +0000  /usr/bin/codesign exited with 0
2023-07-17 06:16:21 +0000  Entitlements for <IDEDistributionItem: 0x60001d10fcc0; bundleID='org.cocoapods.Stripe', path='<DVTFilePath:0x60001dc8ad10:'/Users/abservetech/Library/Developer/Xcode/Archives/2023-07-17/eLiift 17-07-23, 11.44 AM.xcarchive/Products/Applications/eLiift.app/Frameworks/Stripe.framework'>', codeSigningInfo='<_DVTCodeSigningInformation_Path: 0x6000754e63f0; isSigned='1', isAdHocSigned='0', signingCertificate='<DVTSigningCertificate: 0x6000083acb00; name='Apple Distribution: ABSERVETECH PRIVATE LIMITED (F6G9374LLZ)', hash='6E40B4C79DABAE5AE5961A2B18DA486AEC452F3C', serialNumber='5FC7B8D843904D447006DCCCE84B0656', certificateKinds='(
    "1.2.840.113635.100.6.1.7",
    "1.2.840.113635.100.6.1.4"
), issueDate='2022-11-14 09:25:49 +0000''>', entitlements='(null)', teamID='F6G9374LLZ', identifier='org.cocoapods.Stripe', executablePath='<DVTFilePath:0x60001d10fae0:'/Users/abservetech/Library/Developer/Xcode/Archives/2023-07-17/eLiift 17-07-23, 11.44 AM.xcarchive/Products/Applications/eLiift.app/Frameworks/Stripe.framework/Stripe'>', hardenedRuntime='0'>'>: {
}
2023-07-17 06:16:21 +0000  Entitlements for <IDEDistributionItem: 0x60001d10fcc0; bundleID='org.cocoapods.Stripe', path='<DVTFilePath:0x60001dc8ad10:'/Users/abservetech/Library/Developer/Xcode/Archives/2023-07-17/eLiift 17-07-23, 11.44 AM.xcarchive/Products/Applications/eLiift.app/Frameworks/Stripe.framework'>', codeSigningInfo='<_DVTCodeSigningInformation_Path: 0x6000754e63f0; isSigned='1', isAdHocSigned='0', signingCertificate='<DVTSigningCertificate: 0x6000083ac210; name='Apple Distribution: ABSERVETECH PRIVATE LIMITED (F6G9374LLZ)', hash='6E40B4C79DABAE5AE5961A2B18DA486AEC452F3C', serialNumber='5FC7B8D843904D447006DCCCE84B0656', certificateKinds='(
    "1.2.840.113635.100.6.1.7",
    "1.2.840.113635.100.6.1.4"
), issueDate='2022-11-14 09:25:49 +0000''>', entitlements='(null)', teamID='F6G9374LLZ', identifier='org.cocoapods.Stripe', executablePath='<DVTFilePath:0x60001d10fae0:'/Users/abservetech/Library/Developer/Xcode/Archives/2023-07-17/eLiift 17-07-23, 11.44 AM.xcarchive/Products/Applications/eLiift.app/Frameworks/Stripe.framework/Stripe'>', hardenedRuntime='0'>'> are: {
}
2023-07-17 06:16:21 +0000  Writing entitlements for <IDEDistributionItem: 0x60001d10fcc0; bundleID='org.cocoapods.Stripe', path='<DVTFilePath:0x60001dc8ad10:'/Users/abservetech/Library/Developer/Xcode/Archives/2023-07-17/eLiift 17-07-23, 11.44 AM.xcarchive/Products/Applications/eLiift.app/Frameworks/Stripe.framework'>', codeSigningInfo='<_DVTCodeSigningInformation_Path: 0x6000754e63f0; isSigned='1', isAdHocSigned='0', signingCertificate='<DVTSigningCertificate: 0x6000083ac6e0; name='Apple Distribution: ABSERVETECH PRIVATE LIMITED (F6G9374LLZ)', hash='6E40B4C79DABAE5AE5961A2B18DA486AEC452F3C', serialNumber='5FC7B8D843904D447006DCCCE84B0656', certificateKinds='(
    "1.2.840.113635.100.6.1.7",
    "1.2.840.113635.100.6.1.4"
), issueDate='2022-11-14 09:25:49 +0000''>', entitlements='(null)', teamID='F6G9374LLZ', identifier='org.cocoapods.Stripe', executablePath='<DVTFilePath:0x60001d10fae0:'/Users/abservetech/Library/Developer/Xcode/Archives/2023-07-17/eLiift 17-07-23, 11.44 AM.xcarchive/Products/Applications/eLiift.app/Frameworks/Stripe.framework/Stripe'>', hardenedRuntime='0'>'> to: /var/folders/jk/cq_68h790_s6pqybtrp646840000gn/T/XcodeDistPipeline.~~~AFayZA/entitlements~~~IAFLZu
2023-07-17 06:16:21 +0000  Running /usr/bin/codesign '-vvv' '--force' '--sign' '6E40B4C79DABAE5AE5961A2B18DA486AEC452F3C' '--entitlements' '/var/folders/jk/cq_68h790_s6pqybtrp646840000gn/T/XcodeDistPipeline.~~~AFayZA/entitlements~~~IAFLZu' '--generate-entitlement-der' '--preserve-metadata=identifier,flags,runtime' '/var/folders/jk/cq_68h790_s6pqybtrp646840000gn/T/XcodeDistPipeline.~~~AFayZA/Root/Payload/eLiift.app/Frameworks/Stripe.framework'
2023-07-17 06:16:21 +0000  /var/folders/jk/cq_68h790_s6pqybtrp646840000gn/T/XcodeDistPipeline.~~~AFayZA/Root/Payload/eLiift.app/Frameworks/Stripe.framework: replacing existing signature
2023-07-17 06:16:22 +0000  /var/folders/jk/cq_68h790_s6pqybtrp646840000gn/T/XcodeDistPipeline.~~~AFayZA/Root/Payload/eLiift.app/Frameworks/Stripe.framework: signed bundle with Mach-O thin (arm64) [org.cocoapods.Stripe]
2023-07-17 06:16:22 +0000  /usr/bin/codesign exited with 0
2023-07-17 06:16:22 +0000  Entitlements for <IDEDistributionItem: 0x60001d12c4e0; bundleID='org.cocoapods.SwiftEventBus', path='<DVTFilePath:0x600011f22990:'/Users/abservetech/Library/Developer/Xcode/Archives/2023-07-17/eLiift 17-07-23, 11.44 AM.xcarchive/Products/Applications/eLiift.app/Frameworks/SwiftEventBus.framework'>', codeSigningInfo='<_DVTCodeSigningInformation_Path: 0x6000754aeb70; isSigned='1', isAdHocSigned='0', signingCertificate='<DVTSigningCertificate: 0x6000083acb00; name='Apple Distribution: ABSERVETECH PRIVATE LIMITED (F6G9374LLZ)', hash='6E40B4C79DABAE5AE5961A2B18DA486AEC452F3C', serialNumber='5FC7B8D843904D447006DCCCE84B0656', certificateKinds='(
    "1.2.840.113635.100.6.1.7",
    "1.2.840.113635.100.6.1.4"
), issueDate='2022-11-14 09:25:49 +0000''>', entitlements='(null)', teamID='F6G9374LLZ', identifier='org.cocoapods.SwiftEventBus', executablePath='<DVTFilePath:0x60001dd2fcd0:'/Users/abservetech/Library/Developer/Xcode/Archives/2023-07-17/eLiift 17-07-23, 11.44 AM.xcarchive/Products/Applications/eLiift.app/Frameworks/SwiftEventBus.framework/SwiftEventBus'>', hardenedRuntime='0'>'>: {
}
2023-07-17 06:16:22 +0000  Entitlements for <IDEDistributionItem: 0x60001d12c4e0; bundleID='org.cocoapods.SwiftEventBus', path='<DVTFilePath:0x600011f22990:'/Users/abservetech/Library/Developer/Xcode/Archives/2023-07-17/eLiift 17-07-23, 11.44 AM.xcarchive/Products/Applications/eLiift.app/Frameworks/SwiftEventBus.framework'>', codeSigningInfo='<_DVTCodeSigningInformation_Path: 0x6000754aeb70; isSigned='1', isAdHocSigned='0', signingCertificate='<DVTSigningCertificate: 0x6000083ac210; name='Apple Distribution: ABSERVETECH PRIVATE LIMITED (F6G9374LLZ)', hash='6E40B4C79DABAE5AE5961A2B18DA486AEC452F3C', serialNumber='5FC7B8D843904D447006DCCCE84B0656', certificateKinds='(
    "1.2.840.113635.100.6.1.7",
    "1.2.840.113635.100.6.1.4"
), issueDate='2022-11-14 09:25:49 +0000''>', entitlements='(null)', teamID='F6G9374LLZ', identifier='org.cocoapods.SwiftEventBus', executablePath='<DVTFilePath:0x60001dd2fcd0:'/Users/abservetech/Library/Developer/Xcode/Archives/2023-07-17/eLiift 17-07-23, 11.44 AM.xcarchive/Products/Applications/eLiift.app/Frameworks/SwiftEventBus.framework/SwiftEventBus'>', hardenedRuntime='0'>'> are: {
}
2023-07-17 06:16:22 +0000  Writing entitlements for <IDEDistributionItem: 0x60001d12c4e0; bundleID='org.cocoapods.SwiftEventBus', path='<DVTFilePath:0x600011f22990:'/Users/abservetech/Library/Developer/Xcode/Archives/2023-07-17/eLiift 17-07-23, 11.44 AM.xcarchive/Products/Applications/eLiift.app/Frameworks/SwiftEventBus.framework'>', codeSigningInfo='<_DVTCodeSigningInformation_Path: 0x6000754aeb70; isSigned='1', isAdHocSigned='0', signingCertificate='<DVTSigningCertificate: 0x6000083ac6e0; name='Apple Distribution: ABSERVETECH PRIVATE LIMITED (F6G9374LLZ)', hash='6E40B4C79DABAE5AE5961A2B18DA486AEC452F3C', serialNumber='5FC7B8D843904D447006DCCCE84B0656', certificateKinds='(
    "1.2.840.113635.100.6.1.7",
    "1.2.840.113635.100.6.1.4"
), issueDate='2022-11-14 09:25:49 +0000''>', entitlements='(null)', teamID='F6G9374LLZ', identifier='org.cocoapods.SwiftEventBus', executablePath='<DVTFilePath:0x60001dd2fcd0:'/Users/abservetech/Library/Developer/Xcode/Archives/2023-07-17/eLiift 17-07-23, 11.44 AM.xcarchive/Products/Applications/eLiift.app/Frameworks/SwiftEventBus.framework/SwiftEventBus'>', hardenedRuntime='0'>'> to: /var/folders/jk/cq_68h790_s6pqybtrp646840000gn/T/XcodeDistPipeline.~~~AFayZA/entitlements~~~XLDpuk
2023-07-17 06:16:22 +0000  Running /usr/bin/codesign '-vvv' '--force' '--sign' '6E40B4C79DABAE5AE5961A2B18DA486AEC452F3C' '--entitlements' '/var/folders/jk/cq_68h790_s6pqybtrp646840000gn/T/XcodeDistPipeline.~~~AFayZA/entitlements~~~XLDpuk' '--generate-entitlement-der' '--preserve-metadata=identifier,flags,runtime' '/var/folders/jk/cq_68h790_s6pqybtrp646840000gn/T/XcodeDistPipeline.~~~AFayZA/Root/Payload/eLiift.app/Frameworks/SwiftEventBus.framework'
2023-07-17 06:16:22 +0000  /var/folders/jk/cq_68h790_s6pqybtrp646840000gn/T/XcodeDistPipeline.~~~AFayZA/Root/Payload/eLiift.app/Frameworks/SwiftEventBus.framework: replacing existing signature
2023-07-17 06:16:22 +0000  /var/folders/jk/cq_68h790_s6pqybtrp646840000gn/T/XcodeDistPipeline.~~~AFayZA/Root/Payload/eLiift.app/Frameworks/SwiftEventBus.framework: signed bundle with Mach-O thin (arm64) [org.cocoapods.SwiftEventBus]
2023-07-17 06:16:22 +0000  /usr/bin/codesign exited with 0
2023-07-17 06:16:22 +0000  Entitlements for <IDEDistributionItem: 0x60001d075f80; bundleID='org.cocoapods.SwiftyJSON', path='<DVTFilePath:0x60001dc59030:'/Users/abservetech/Library/Developer/Xcode/Archives/2023-07-17/eLiift 17-07-23, 11.44 AM.xcarchive/Products/Applications/eLiift.app/Frameworks/SwiftyJSON.framework'>', codeSigningInfo='<_DVTCodeSigningInformation_Path: 0x6000754b0870; isSigned='1', isAdHocSigned='0', signingCertificate='<DVTSigningCertificate: 0x6000083acb00; name='Apple Distribution: ABSERVETECH PRIVATE LIMITED (F6G9374LLZ)', hash='6E40B4C79DABAE5AE5961A2B18DA486AEC452F3C', serialNumber='5FC7B8D843904D447006DCCCE84B0656', certificateKinds='(
    "1.2.840.113635.100.6.1.7",
    "1.2.840.113635.100.6.1.4"
), issueDate='2022-11-14 09:25:49 +0000''>', entitlements='(null)', teamID='F6G9374LLZ', identifier='org.cocoapods.SwiftyJSON', executablePath='<DVTFilePath:0x60001ddc7f70:'/Users/abservetech/Library/Developer/Xcode/Archives/2023-07-17/eLiift 17-07-23, 11.44 AM.xcarchive/Products/Applications/eLiift.app/Frameworks/SwiftyJSON.framework/SwiftyJSON'>', hardenedRuntime='0'>'>: {
}
2023-07-17 06:16:22 +0000  Entitlements for <IDEDistributionItem: 0x60001d075f80; bundleID='org.cocoapods.SwiftyJSON', path='<DVTFilePath:0x60001dc59030:'/Users/abservetech/Library/Developer/Xcode/Archives/2023-07-17/eLiift 17-07-23, 11.44 AM.xcarchive/Products/Applications/eLiift.app/Frameworks/SwiftyJSON.framework'>', codeSigningInfo='<_DVTCodeSigningInformation_Path: 0x6000754b0870; isSigned='1', isAdHocSigned='0', signingCertificate='<DVTSigningCertificate: 0x600004067e90; name='Apple Distribution: ABSERVETECH PRIVATE LIMITED (F6G9374LLZ)', hash='6E40B4C79DABAE5AE5961A2B18DA486AEC452F3C', serialNumber='5FC7B8D843904D447006DCCCE84B0656', certificateKinds='(
    "1.2.840.113635.100.6.1.7",
    "1.2.840.113635.100.6.1.4"
), issueDate='2022-11-14 09:25:49 +0000''>', entitlements='(null)', teamID='F6G9374LLZ', identifier='org.cocoapods.SwiftyJSON', executablePath='<DVTFilePath:0x60001ddc7f70:'/Users/abservetech/Library/Developer/Xcode/Archives/2023-07-17/eLiift 17-07-23, 11.44 AM.xcarchive/Products/Applications/eLiift.app/Frameworks/SwiftyJSON.framework/SwiftyJSON'>', hardenedRuntime='0'>'> are: {
}
2023-07-17 06:16:22 +0000  Writing entitlements for <IDEDistributionItem: 0x60001d075f80; bundleID='org.cocoapods.SwiftyJSON', path='<DVTFilePath:0x60001dc59030:'/Users/abservetech/Library/Developer/Xcode/Archives/2023-07-17/eLiift 17-07-23, 11.44 AM.xcarchive/Products/Applications/eLiift.app/Frameworks/SwiftyJSON.framework'>', codeSigningInfo='<_DVTCodeSigningInformation_Path: 0x6000754b0870; isSigned='1', isAdHocSigned='0', signingCertificate='<DVTSigningCertificate: 0x600004067b20; name='Apple Distribution: ABSERVETECH PRIVATE LIMITED (F6G9374LLZ)', hash='6E40B4C79DABAE5AE5961A2B18DA486AEC452F3C', serialNumber='5FC7B8D843904D447006DCCCE84B0656', certificateKinds='(
    "1.2.840.113635.100.6.1.7",
    "1.2.840.113635.100.6.1.4"
), issueDate='2022-11-14 09:25:49 +0000''>', entitlements='(null)', teamID='F6G9374LLZ', identifier='org.cocoapods.SwiftyJSON', executablePath='<DVTFilePath:0x60001ddc7f70:'/Users/abservetech/Library/Developer/Xcode/Archives/2023-07-17/eLiift 17-07-23, 11.44 AM.xcarchive/Products/Applications/eLiift.app/Frameworks/SwiftyJSON.framework/SwiftyJSON'>', hardenedRuntime='0'>'> to: /var/folders/jk/cq_68h790_s6pqybtrp646840000gn/T/XcodeDistPipeline.~~~AFayZA/entitlements~~~0nQ5JQ
2023-07-17 06:16:22 +0000  Running /usr/bin/codesign '-vvv' '--force' '--sign' '6E40B4C79DABAE5AE5961A2B18DA486AEC452F3C' '--entitlements' '/var/folders/jk/cq_68h790_s6pqybtrp646840000gn/T/XcodeDistPipeline.~~~AFayZA/entitlements~~~0nQ5JQ' '--generate-entitlement-der' '--preserve-metadata=identifier,flags,runtime' '/var/folders/jk/cq_68h790_s6pqybtrp646840000gn/T/XcodeDistPipeline.~~~AFayZA/Root/Payload/eLiift.app/Frameworks/SwiftyJSON.framework'
2023-07-17 06:16:22 +0000  /var/folders/jk/cq_68h790_s6pqybtrp646840000gn/T/XcodeDistPipeline.~~~AFayZA/Root/Payload/eLiift.app/Frameworks/SwiftyJSON.framework: replacing existing signature
2023-07-17 06:16:22 +0000  /var/folders/jk/cq_68h790_s6pqybtrp646840000gn/T/XcodeDistPipeline.~~~AFayZA/Root/Payload/eLiift.app/Frameworks/SwiftyJSON.framework: signed bundle with Mach-O thin (arm64) [org.cocoapods.SwiftyJSON]
2023-07-17 06:16:22 +0000  /usr/bin/codesign exited with 0
2023-07-17 06:16:22 +0000  Entitlements for <IDEDistributionItem: 0x60001d077780; bundleID='org.cocoapods.leveldb', path='<DVTFilePath:0x600011f2ea00:'/Users/abservetech/Library/Developer/Xcode/Archives/2023-07-17/eLiift 17-07-23, 11.44 AM.xcarchive/Products/Applications/eLiift.app/Frameworks/leveldb.framework'>', codeSigningInfo='<_DVTCodeSigningInformation_Path: 0x600075757570; isSigned='1', isAdHocSigned='0', signingCertificate='<DVTSigningCertificate: 0x600004060210; name='Apple Distribution: ABSERVETECH PRIVATE LIMITED (F6G9374LLZ)', hash='6E40B4C79DABAE5AE5961A2B18DA486AEC452F3C', serialNumber='5FC7B8D843904D447006DCCCE84B0656', certificateKinds='(
    "1.2.840.113635.100.6.1.7",
    "1.2.840.113635.100.6.1.4"
), issueDate='2022-11-14 09:25:49 +0000''>', entitlements='(null)', teamID='F6G9374LLZ', identifier='org.cocoapods.leveldb', executablePath='<DVTFilePath:0x60001d04c960:'/Users/abservetech/Library/Developer/Xcode/Archives/2023-07-17/eLiift 17-07-23, 11.44 AM.xcarchive/Products/Applications/eLiift.app/Frameworks/leveldb.framework/leveldb'>', hardenedRuntime='0'>'>: {
}
2023-07-17 06:16:22 +0000  Entitlements for <IDEDistributionItem: 0x60001d077780; bundleID='org.cocoapods.leveldb', path='<DVTFilePath:0x600011f2ea00:'/Users/abservetech/Library/Developer/Xcode/Archives/2023-07-17/eLiift 17-07-23, 11.44 AM.xcarchive/Products/Applications/eLiift.app/Frameworks/leveldb.framework'>', codeSigningInfo='<_DVTCodeSigningInformation_Path: 0x600075757570; isSigned='1', isAdHocSigned='0', signingCertificate='<DVTSigningCertificate: 0x6000083aeaa0; name='Apple Distribution: ABSERVETECH PRIVATE LIMITED (F6G9374LLZ)', hash='6E40B4C79DABAE5AE5961A2B18DA486AEC452F3C', serialNumber='5FC7B8D843904D447006DCCCE84B0656', certificateKinds='(
    "1.2.840.113635.100.6.1.7",
    "1.2.840.113635.100.6.1.4"
), issueDate='2022-11-14 09:25:49 +0000''>', entitlements='(null)', teamID='F6G9374LLZ', identifier='org.cocoapods.leveldb', executablePath='<DVTFilePath:0x60001d04c960:'/Users/abservetech/Library/Developer/Xcode/Archives/2023-07-17/eLiift 17-07-23, 11.44 AM.xcarchive/Products/Applications/eLiift.app/Frameworks/leveldb.framework/leveldb'>', hardenedRuntime='0'>'> are: {
}
2023-07-17 06:16:22 +0000  Writing entitlements for <IDEDistributionItem: 0x60001d077780; bundleID='org.cocoapods.leveldb', path='<DVTFilePath:0x600011f2ea00:'/Users/abservetech/Library/Developer/Xcode/Archives/2023-07-17/eLiift 17-07-23, 11.44 AM.xcarchive/Products/Applications/eLiift.app/Frameworks/leveldb.framework'>', codeSigningInfo='<_DVTCodeSigningInformation_Path: 0x600075757570; isSigned='1', isAdHocSigned='0', signingCertificate='<DVTSigningCertificate: 0x6000083ac210; name='Apple Distribution: ABSERVETECH PRIVATE LIMITED (F6G9374LLZ)', hash='6E40B4C79DABAE5AE5961A2B18DA486AEC452F3C', serialNumber='5FC7B8D843904D447006DCCCE84B0656', certificateKinds='(
    "1.2.840.113635.100.6.1.7",
    "1.2.840.113635.100.6.1.4"
), issueDate='2022-11-14 09:25:49 +0000''>', entitlements='(null)', teamID='F6G9374LLZ', identifier='org.cocoapods.leveldb', executablePath='<DVTFilePath:0x60001d04c960:'/Users/abservetech/Library/Developer/Xcode/Archives/2023-07-17/eLiift 17-07-23, 11.44 AM.xcarchive/Products/Applications/eLiift.app/Frameworks/leveldb.framework/leveldb'>', hardenedRuntime='0'>'> to: /var/folders/jk/cq_68h790_s6pqybtrp646840000gn/T/XcodeDistPipeline.~~~AFayZA/entitlements~~~QVy6Ak
2023-07-17 06:16:22 +0000  Running /usr/bin/codesign '-vvv' '--force' '--sign' '6E40B4C79DABAE5AE5961A2B18DA486AEC452F3C' '--entitlements' '/var/folders/jk/cq_68h790_s6pqybtrp646840000gn/T/XcodeDistPipeline.~~~AFayZA/entitlements~~~QVy6Ak' '--generate-entitlement-der' '--preserve-metadata=identifier,flags,runtime' '/var/folders/jk/cq_68h790_s6pqybtrp646840000gn/T/XcodeDistPipeline.~~~AFayZA/Root/Payload/eLiift.app/Frameworks/leveldb.framework'
2023-07-17 06:16:22 +0000  /var/folders/jk/cq_68h790_s6pqybtrp646840000gn/T/XcodeDistPipeline.~~~AFayZA/Root/Payload/eLiift.app/Frameworks/leveldb.framework: replacing existing signature
2023-07-17 06:16:22 +0000  /var/folders/jk/cq_68h790_s6pqybtrp646840000gn/T/XcodeDistPipeline.~~~AFayZA/Root/Payload/eLiift.app/Frameworks/leveldb.framework: signed bundle with Mach-O thin (arm64) [org.cocoapods.leveldb]
2023-07-17 06:16:22 +0000  /usr/bin/codesign exited with 0
2023-07-17 06:16:22 +0000  Entitlements for <IDEDistributionItem: 0x60001d10d740; bundleID='com.apple.dt.runtime.swiftConcurrency', path='<DVTFilePath:0x600011a57d80:'/Users/abservetech/Library/Developer/Xcode/Archives/2023-07-17/eLiift 17-07-23, 11.44 AM.xcarchive/Products/Applications/eLiift.app/Frameworks/libswift_Concurrency.dylib'>', codeSigningInfo='<_DVTCodeSigningInformation_Path: 0x6000754e6170; isSigned='1', isAdHocSigned='0', signingCertificate='<DVTSigningCertificate: 0x6000040ceec0; name='Apple Distribution: ABSERVETECH PRIVATE LIMITED (F6G9374LLZ)', hash='6E40B4C79DABAE5AE5961A2B18DA486AEC452F3C', serialNumber='5FC7B8D843904D447006DCCCE84B0656', certificateKinds='(
    "1.2.840.113635.100.6.1.7",
    "1.2.840.113635.100.6.1.4"
), issueDate='2022-11-14 09:25:49 +0000''>', entitlements='(null)', teamID='F6G9374LLZ', identifier='com.apple.dt.runtime.swiftConcurrency', executablePath='<DVTFilePath:0x600011a57d80:'/Users/abservetech/Library/Developer/Xcode/Archives/2023-07-17/eLiift 17-07-23, 11.44 AM.xcarchive/Products/Applications/eLiift.app/Frameworks/libswift_Concurrency.dylib'>', hardenedRuntime='0'>'>: {
}
2023-07-17 06:16:22 +0000  Entitlements for <IDEDistributionItem: 0x60001d10d740; bundleID='com.apple.dt.runtime.swiftConcurrency', path='<DVTFilePath:0x600011a57d80:'/Users/abservetech/Library/Developer/Xcode/Archives/2023-07-17/eLiift 17-07-23, 11.44 AM.xcarchive/Products/Applications/eLiift.app/Frameworks/libswift_Concurrency.dylib'>', codeSigningInfo='<_DVTCodeSigningInformation_Path: 0x6000754e6170; isSigned='1', isAdHocSigned='0', signingCertificate='<DVTSigningCertificate: 0x6000083aeaa0; name='Apple Distribution: ABSERVETECH PRIVATE LIMITED (F6G9374LLZ)', hash='6E40B4C79DABAE5AE5961A2B18DA486AEC452F3C', serialNumber='5FC7B8D843904D447006DCCCE84B0656', certificateKinds='(
    "1.2.840.113635.100.6.1.7",
    "1.2.840.113635.100.6.1.4"
), issueDate='2022-11-14 09:25:49 +0000''>', entitlements='(null)', teamID='F6G9374LLZ', identifier='com.apple.dt.runtime.swiftConcurrency', executablePath='<DVTFilePath:0x600011a57d80:'/Users/abservetech/Library/Developer/Xcode/Archives/2023-07-17/eLiift 17-07-23, 11.44 AM.xcarchive/Products/Applications/eLiift.app/Frameworks/libswift_Concurrency.dylib'>', hardenedRuntime='0'>'> are: {
}
2023-07-17 06:16:22 +0000  Writing entitlements for <IDEDistributionItem: 0x60001d10d740; bundleID='com.apple.dt.runtime.swiftConcurrency', path='<DVTFilePath:0x600011a57d80:'/Users/abservetech/Library/Developer/Xcode/Archives/2023-07-17/eLiift 17-07-23, 11.44 AM.xcarchive/Products/Applications/eLiift.app/Frameworks/libswift_Concurrency.dylib'>', codeSigningInfo='<_DVTCodeSigningInformation_Path: 0x6000754e6170; isSigned='1', isAdHocSigned='0', signingCertificate='<DVTSigningCertificate: 0x6000083ac210; name='Apple Distribution: ABSERVETECH PRIVATE LIMITED (F6G9374LLZ)', hash='6E40B4C79DABAE5AE5961A2B18DA486AEC452F3C', serialNumber='5FC7B8D843904D447006DCCCE84B0656', certificateKinds='(
    "1.2.840.113635.100.6.1.7",
    "1.2.840.113635.100.6.1.4"
), issueDate='2022-11-14 09:25:49 +0000''>', entitlements='(null)', teamID='F6G9374LLZ', identifier='com.apple.dt.runtime.swiftConcurrency', executablePath='<DVTFilePath:0x600011a57d80:'/Users/abservetech/Library/Developer/Xcode/Archives/2023-07-17/eLiift 17-07-23, 11.44 AM.xcarchive/Products/Applications/eLiift.app/Frameworks/libswift_Concurrency.dylib'>', hardenedRuntime='0'>'> to: /var/folders/jk/cq_68h790_s6pqybtrp646840000gn/T/XcodeDistPipeline.~~~AFayZA/entitlements~~~dLm2OY
2023-07-17 06:16:22 +0000  Running /usr/bin/codesign '-vvv' '--force' '--sign' '6E40B4C79DABAE5AE5961A2B18DA486AEC452F3C' '--entitlements' '/var/folders/jk/cq_68h790_s6pqybtrp646840000gn/T/XcodeDistPipeline.~~~AFayZA/entitlements~~~dLm2OY' '--generate-entitlement-der' '--preserve-metadata=identifier,flags,runtime' '/var/folders/jk/cq_68h790_s6pqybtrp646840000gn/T/XcodeDistPipeline.~~~AFayZA/Root/Payload/eLiift.app/Frameworks/libswift_Concurrency.dylib'
2023-07-17 06:16:22 +0000  /var/folders/jk/cq_68h790_s6pqybtrp646840000gn/T/XcodeDistPipeline.~~~AFayZA/Root/Payload/eLiift.app/Frameworks/libswift_Concurrency.dylib: replacing existing signature
2023-07-17 06:16:23 +0000  /var/folders/jk/cq_68h790_s6pqybtrp646840000gn/T/XcodeDistPipeline.~~~AFayZA/Root/Payload/eLiift.app/Frameworks/libswift_Concurrency.dylib: signed Mach-O thin (arm64) [com.apple.dt.runtime.swiftConcurrency]
2023-07-17 06:16:23 +0000  /usr/bin/codesign exited with 0
2023-07-17 06:16:23 +0000  Entitlements for <IDEDistributionItem: 0x60001d1dfb40; bundleID='org.cocoapods.nanopb', path='<DVTFilePath:0x60001dc90700:'/Users/abservetech/Library/Developer/Xcode/Archives/2023-07-17/eLiift 17-07-23, 11.44 AM.xcarchive/Products/Applications/eLiift.app/Frameworks/nanopb.framework'>', codeSigningInfo='<_DVTCodeSigningInformation_Path: 0x6000754b2300; isSigned='1', isAdHocSigned='0', signingCertificate='<DVTSigningCertificate: 0x6000083acb00; name='Apple Distribution: ABSERVETECH PRIVATE LIMITED (F6G9374LLZ)', hash='6E40B4C79DABAE5AE5961A2B18DA486AEC452F3C', serialNumber='5FC7B8D843904D447006DCCCE84B0656', certificateKinds='(
    "1.2.840.113635.100.6.1.7",
    "1.2.840.113635.100.6.1.4"
), issueDate='2022-11-14 09:25:49 +0000''>', entitlements='(null)', teamID='F6G9374LLZ', identifier='org.cocoapods.nanopb', executablePath='<DVTFilePath:0x6000190b8ea0:'/Users/abservetech/Library/Developer/Xcode/Archives/2023-07-17/eLiift 17-07-23, 11.44 AM.xcarchive/Products/Applications/eLiift.app/Frameworks/nanopb.framework/nanopb'>', hardenedRuntime='0'>'>: {
}
2023-07-17 06:16:23 +0000  Entitlements for <IDEDistributionItem: 0x60001d1dfb40; bundleID='org.cocoapods.nanopb', path='<DVTFilePath:0x60001dc90700:'/Users/abservetech/Library/Developer/Xcode/Archives/2023-07-17/eLiift 17-07-23, 11.44 AM.xcarchive/Products/Applications/eLiift.app/Frameworks/nanopb.framework'>', codeSigningInfo='<_DVTCodeSigningInformation_Path: 0x6000754b2300; isSigned='1', isAdHocSigned='0', signingCertificate='<DVTSigningCertificate: 0x6000083aeb50; name='Apple Distribution: ABSERVETECH PRIVATE LIMITED (F6G9374LLZ)', hash='6E40B4C79DABAE5AE5961A2B18DA486AEC452F3C', serialNumber='5FC7B8D843904D447006DCCCE84B0656', certificateKinds='(
    "1.2.840.113635.100.6.1.7",
    "1.2.840.113635.100.6.1.4"
), issueDate='2022-11-14 09:25:49 +0000''>', entitlements='(null)', teamID='F6G9374LLZ', identifier='org.cocoapods.nanopb', executablePath='<DVTFilePath:0x6000190b8ea0:'/Users/abservetech/Library/Developer/Xcode/Archives/2023-07-17/eLiift 17-07-23, 11.44 AM.xcarchive/Products/Applications/eLiift.app/Frameworks/nanopb.framework/nanopb'>', hardenedRuntime='0'>'> are: {
}
2023-07-17 06:16:23 +0000  Writing entitlements for <IDEDistributionItem: 0x60001d1dfb40; bundleID='org.cocoapods.nanopb', path='<DVTFilePath:0x60001dc90700:'/Users/abservetech/Library/Developer/Xcode/Archives/2023-07-17/eLiift 17-07-23, 11.44 AM.xcarchive/Products/Applications/eLiift.app/Frameworks/nanopb.framework'>', codeSigningInfo='<_DVTCodeSigningInformation_Path: 0x6000754b2300; isSigned='1', isAdHocSigned='0', signingCertificate='<DVTSigningCertificate: 0x6000083ac6e0; name='Apple Distribution: ABSERVETECH PRIVATE LIMITED (F6G9374LLZ)', hash='6E40B4C79DABAE5AE5961A2B18DA486AEC452F3C', serialNumber='5FC7B8D843904D447006DCCCE84B0656', certificateKinds='(
    "1.2.840.113635.100.6.1.7",
    "1.2.840.113635.100.6.1.4"
), issueDate='2022-11-14 09:25:49 +0000''>', entitlements='(null)', teamID='F6G9374LLZ', identifier='org.cocoapods.nanopb', executablePath='<DVTFilePath:0x6000190b8ea0:'/Users/abservetech/Library/Developer/Xcode/Archives/2023-07-17/eLiift 17-07-23, 11.44 AM.xcarchive/Products/Applications/eLiift.app/Frameworks/nanopb.framework/nanopb'>', hardenedRuntime='0'>'> to: /var/folders/jk/cq_68h790_s6pqybtrp646840000gn/T/XcodeDistPipeline.~~~AFayZA/entitlements~~~AWW84S
2023-07-17 06:16:23 +0000  Running /usr/bin/codesign '-vvv' '--force' '--sign' '6E40B4C79DABAE5AE5961A2B18DA486AEC452F3C' '--entitlements' '/var/folders/jk/cq_68h790_s6pqybtrp646840000gn/T/XcodeDistPipeline.~~~AFayZA/entitlements~~~AWW84S' '--generate-entitlement-der' '--preserve-metadata=identifier,flags,runtime' '/var/folders/jk/cq_68h790_s6pqybtrp646840000gn/T/XcodeDistPipeline.~~~AFayZA/Root/Payload/eLiift.app/Frameworks/nanopb.framework'
2023-07-17 06:16:23 +0000  /var/folders/jk/cq_68h790_s6pqybtrp646840000gn/T/XcodeDistPipeline.~~~AFayZA/Root/Payload/eLiift.app/Frameworks/nanopb.framework: replacing existing signature
2023-07-17 06:16:23 +0000  /var/folders/jk/cq_68h790_s6pqybtrp646840000gn/T/XcodeDistPipeline.~~~AFayZA/Root/Payload/eLiift.app/Frameworks/nanopb.framework: signed bundle with Mach-O thin (arm64) [org.cocoapods.nanopb]
2023-07-17 06:16:23 +0000  /usr/bin/codesign exited with 0
2023-07-17 06:16:23 +0000  Entitlements for <IDEDistributionItem: 0x60001d1609c0; bundleID='com.abservetech.eliift', path='<DVTFilePath:0x60001dc77a30:'/Users/abservetech/Library/Developer/Xcode/Archives/2023-07-17/eLiift 17-07-23, 11.44 AM.xcarchive/Products/Applications/eLiift.app'>', codeSigningInfo='<_DVTCodeSigningInformation_Path: 0x6000754ea6c0; isSigned='1', isAdHocSigned='0', signingCertificate='<DVTSigningCertificate: 0x6000083acb00; name='Apple Distribution: ABSERVETECH PRIVATE LIMITED (F6G9374LLZ)', hash='6E40B4C79DABAE5AE5961A2B18DA486AEC452F3C', serialNumber='5FC7B8D843904D447006DCCCE84B0656', certificateKinds='(
    "1.2.840.113635.100.6.1.7",
    "1.2.840.113635.100.6.1.4"
), issueDate='2022-11-14 09:25:49 +0000''>', entitlements='{
    "application-identifier" = "F6G9374LLZ.com.abservetech.eliift";
    "aps-environment" = production;
    "com.apple.developer.team-identifier" = F6G9374LLZ;
    "get-task-allow" = 0;
}', teamID='F6G9374LLZ', identifier='com.abservetech.eliift', executablePath='<DVTFilePath:0x60001d160c00:'/Users/abservetech/Library/Developer/Xcode/Archives/2023-07-17/eLiift 17-07-23, 11.44 AM.xcarchive/Products/Applications/eLiift.app/eLiift'>', hardenedRuntime='0'>'>: {
    "application-identifier" = "F6G9374LLZ.com.abservetech.eliift";
    "aps-environment" = production;
    "com.apple.developer.team-identifier" = F6G9374LLZ;
    "get-task-allow" = 0;
}
2023-07-17 06:16:23 +0000  Entitlements for <IDEDistributionItem: 0x60001d1609c0; bundleID='com.abservetech.eliift', path='<DVTFilePath:0x60001dc77a30:'/Users/abservetech/Library/Developer/Xcode/Archives/2023-07-17/eLiift 17-07-23, 11.44 AM.xcarchive/Products/Applications/eLiift.app'>', codeSigningInfo='<_DVTCodeSigningInformation_Path: 0x6000754ea6c0; isSigned='1', isAdHocSigned='0', signingCertificate='<DVTSigningCertificate: 0x6000040616b0; name='Apple Distribution: ABSERVETECH PRIVATE LIMITED (F6G9374LLZ)', hash='6E40B4C79DABAE5AE5961A2B18DA486AEC452F3C', serialNumber='5FC7B8D843904D447006DCCCE84B0656', certificateKinds='(
    "1.2.840.113635.100.6.1.7",
    "1.2.840.113635.100.6.1.4"
), issueDate='2022-11-14 09:25:49 +0000''>', entitlements='{
    "application-identifier" = "F6G9374LLZ.com.abservetech.eliift";
    "aps-environment" = production;
    "com.apple.developer.team-identifier" = F6G9374LLZ;
    "get-task-allow" = 0;
}', teamID='F6G9374LLZ', identifier='com.abservetech.eliift', executablePath='<DVTFilePath:0x60001d160c00:'/Users/abservetech/Library/Developer/Xcode/Archives/2023-07-17/eLiift 17-07-23, 11.44 AM.xcarchive/Products/Applications/eLiift.app/eLiift'>', hardenedRuntime='0'>'> are: {
    "application-identifier" = "F6G9374LLZ.com.abservetech.eliift";
    "aps-environment" = production;
    "com.apple.developer.team-identifier" = F6G9374LLZ;
    "get-task-allow" = 0;
}
2023-07-17 06:16:23 +0000  Writing entitlements for <IDEDistributionItem: 0x60001d1609c0; bundleID='com.abservetech.eliift', path='<DVTFilePath:0x60001dc77a30:'/Users/abservetech/Library/Developer/Xcode/Archives/2023-07-17/eLiift 17-07-23, 11.44 AM.xcarchive/Products/Applications/eLiift.app'>', codeSigningInfo='<_DVTCodeSigningInformation_Path: 0x6000754ea6c0; isSigned='1', isAdHocSigned='0', signingCertificate='<DVTSigningCertificate: 0x6000083aeb50; name='Apple Distribution: ABSERVETECH PRIVATE LIMITED (F6G9374LLZ)', hash='6E40B4C79DABAE5AE5961A2B18DA486AEC452F3C', serialNumber='5FC7B8D843904D447006DCCCE84B0656', certificateKinds='(
    "1.2.840.113635.100.6.1.7",
    "1.2.840.113635.100.6.1.4"
), issueDate='2022-11-14 09:25:49 +0000''>', entitlements='{
    "application-identifier" = "F6G9374LLZ.com.abservetech.eliift";
    "aps-environment" = production;
    "com.apple.developer.team-identifier" = F6G9374LLZ;
    "get-task-allow" = 0;
}', teamID='F6G9374LLZ', identifier='com.abservetech.eliift', executablePath='<DVTFilePath:0x60001d160c00:'/Users/abservetech/Library/Developer/Xcode/Archives/2023-07-17/eLiift 17-07-23, 11.44 AM.xcarchive/Products/Applications/eLiift.app/eLiift'>', hardenedRuntime='0'>'> to: /var/folders/jk/cq_68h790_s6pqybtrp646840000gn/T/XcodeDistPipeline.~~~AFayZA/entitlements~~~xEbOAz
2023-07-17 06:16:23 +0000  Running /usr/bin/codesign '-vvv' '--force' '--sign' '6E40B4C79DABAE5AE5961A2B18DA486AEC452F3C' '--entitlements' '/var/folders/jk/cq_68h790_s6pqybtrp646840000gn/T/XcodeDistPipeline.~~~AFayZA/entitlements~~~xEbOAz' '--generate-entitlement-der' '--preserve-metadata=identifier,flags,runtime' '/var/folders/jk/cq_68h790_s6pqybtrp646840000gn/T/XcodeDistPipeline.~~~AFayZA/Root/Payload/eLiift.app'
2023-07-17 06:16:23 +0000  /var/folders/jk/cq_68h790_s6pqybtrp646840000gn/T/XcodeDistPipeline.~~~AFayZA/Root/Payload/eLiift.app: replacing existing signature
2023-07-17 06:16:23 +0000  /var/folders/jk/cq_68h790_s6pqybtrp646840000gn/T/XcodeDistPipeline.~~~AFayZA/Root/Payload/eLiift.app: signed app bundle with Mach-O thin (arm64) [com.abservetech.eliift]
2023-07-17 06:16:23 +0000  /usr/bin/codesign exited with 0
2023-07-17 06:16:23 +0000  Processing step: IDEDistributionZipODRItemStep
2023-07-17 06:16:23 +0000  Skipping step: IDEDistributionZipODRItemStep because it said so
2023-07-17 06:16:23 +0000  Skipping step: IDEDistributionZipODRItemStep because it said so
2023-07-17 06:16:23 +0000  Skipping step: IDEDistributionZipODRItemStep because it said so
2023-07-17 06:16:23 +0000  Skipping step: IDEDistributionZipODRItemStep because it said so
2023-07-17 06:16:23 +0000  Skipping step: IDEDistributionZipODRItemStep because it said so
2023-07-17 06:16:23 +0000  Skipping step: IDEDistributionZipODRItemStep because it said so
2023-07-17 06:16:23 +0000  Skipping step: IDEDistributionZipODRItemStep because it said so
2023-07-17 06:16:23 +0000  Skipping step: IDEDistributionZipODRItemStep because it said so
2023-07-17 06:16:23 +0000  Skipping step: IDEDistributionZipODRItemStep because it said so
2023-07-17 06:16:23 +0000  Skipping step: IDEDistributionZipODRItemStep because it said so
2023-07-17 06:16:23 +0000  Skipping step: IDEDistributionZipODRItemStep because it said so
2023-07-17 06:16:23 +0000  Skipping step: IDEDistributionZipODRItemStep because it said so
2023-07-17 06:16:23 +0000  Skipping step: IDEDistributionZipODRItemStep because it said so
2023-07-17 06:16:23 +0000  Skipping step: IDEDistributionZipODRItemStep because it said so
2023-07-17 06:16:23 +0000  Skipping step: IDEDistributionZipODRItemStep because it said so
2023-07-17 06:16:23 +0000  Skipping step: IDEDistributionZipODRItemStep because it said so
2023-07-17 06:16:23 +0000  Skipping step: IDEDistributionZipODRItemStep because it said so
2023-07-17 06:16:23 +0000  Skipping step: IDEDistributionZipODRItemStep because it said so
2023-07-17 06:16:23 +0000  Skipping step: IDEDistributionZipODRItemStep because it said so
2023-07-17 06:16:23 +0000  Skipping step: IDEDistributionZipODRItemStep because it said so
2023-07-17 06:16:23 +0000  Skipping step: IDEDistributionZipODRItemStep because it said so
2023-07-17 06:16:23 +0000  Skipping step: IDEDistributionZipODRItemStep because it said so
2023-07-17 06:16:23 +0000  Skipping step: IDEDistributionZipODRItemStep because it said so
2023-07-17 06:16:23 +0000  Skipping step: IDEDistributionZipODRItemStep because it said so
2023-07-17 06:16:23 +0000  Skipping step: IDEDistributionZipODRItemStep because it said so
2023-07-17 06:16:23 +0000  Skipping step: IDEDistributionZipODRItemStep because it said so
2023-07-17 06:16:23 +0000  Skipping step: IDEDistributionZipODRItemStep because it said so
2023-07-17 06:16:23 +0000  Skipping step: IDEDistributionZipODRItemStep because it said so
2023-07-17 06:16:23 +0000  Skipping step: IDEDistributionZipODRItemStep because it said so
2023-07-17 06:16:23 +0000  Skipping step: IDEDistributionZipODRItemStep because it said so
2023-07-17 06:16:23 +0000  Skipping step: IDEDistributionZipODRItemStep because it said so
2023-07-17 06:16:23 +0000  Skipping step: IDEDistributionZipODRItemStep because it said so
2023-07-17 06:16:23 +0000  Skipping step: IDEDistributionZipODRItemStep because it said so
2023-07-17 06:16:23 +0000  Skipping step: IDEDistributionZipODRItemStep because it said so
2023-07-17 06:16:23 +0000  Skipping step: IDEDistributionZipODRItemStep because it said so
2023-07-17 06:16:23 +0000  Skipping step: IDEDistributionZipODRItemStep because it said so
2023-07-17 06:16:23 +0000  Skipping step: IDEDistributionZipODRItemStep because it said so
2023-07-17 06:16:23 +0000  Skipping step: IDEDistributionZipODRItemStep because it said so
2023-07-17 06:16:23 +0000  Processing step: IDEDistributionCreateIPAStep
2023-07-17 06:16:23 +0000  Running /usr/bin/ditto '-V' '-c' '-k' '--norsrc' '/var/folders/jk/cq_68h790_s6pqybtrp646840000gn/T/XcodeDistPipeline.~~~AFayZA/Root' '/var/folders/jk/cq_68h790_s6pqybtrp646840000gn/T/XcodeDistPipeline.~~~AFayZA/Packages/eLiift.ipa'
2023-07-17 06:16:23 +0000  >>> Copying /var/folders/jk/cq_68h790_s6pqybtrp646840000gn/T/XcodeDistPipeline.~~~AFayZA/Root 
2023-07-17 06:16:23 +0000  copying file ./Payload/eLiift.app/_CodeSignature/CodeResources ... 
2023-07-17 06:16:23 +0000  403643 bytes for ./Payload/eLiift.app/_CodeSignature/CodeResources
2023-07-17 06:16:23 +0000  copying file ./Payload/eLiift.app/ChatLeftCell.nib/objects-13.0+.nib ... 
2023-07-17 06:16:23 +0000  5745 bytes for ./Payload/eLiift.app/ChatLeftCell.nib/objects-13.0+.nib
2023-07-17 06:16:23 +0000  copying file ./Payload/eLiift.app/ChatLeftCell.nib/runtime.nib ... 
2023-07-17 06:16:23 +0000  6045 bytes for ./Payload/eLiift.app/ChatLeftCell.nib/runtime.nib
2023-07-17 06:16:23 +0000  copying file ./Payload/eLiift.app/RideCustomView.nib/objects-13.0+.nib ... 
2023-07-17 06:16:23 +0000  35112 bytes for ./Payload/eLiift.app/RideCustomView.nib/objects-13.0+.nib
copying file ./Payload/eLiift.app/RideCustomView.nib/runtime.nib ... 
2023-07-17 06:16:23 +0000  36116 bytes for ./Payload/eLiift.app/RideCustomView.nib/runtime.nib
copying file ./Payload/eLiift.app/RideCustomView.nib/objects-14.0+.nib ... 
2023-07-17 06:16:23 +0000  35048 bytes for ./Payload/eLiift.app/RideCustomView.nib/objects-14.0+.nib
copying file ./Payload/eLiift.app/SchudleCell.nib ... 
2023-07-17 06:16:23 +0000  5840 bytes for ./Payload/eLiift.app/SchudleCell.nib
copying file ./Payload/eLiift.app/empty.json ... 
2023-07-17 06:16:23 +0000  157956 bytes for ./Payload/eLiift.app/empty.json
copying file ./Payload/eLiift.app/checked_out.json ... 
2023-07-17 06:16:23 +0000  13165 bytes for ./Payload/eLiift.app/checked_out.json
2023-07-17 06:16:23 +0000  copying file ./Payload/eLiift.app/en.lproj/Main.strings ... 
2023-07-17 06:16:23 +0000  432 bytes for ./Payload/eLiift.app/en.lproj/Main.strings
copying file ./Payload/eLiift.app/en.lproj/Localizable.strings ... 
2023-07-17 06:16:23 +0000  15621 bytes for ./Payload/eLiift.app/en.lproj/Localizable.strings
2023-07-17 06:16:23 +0000  copying file ./Payload/eLiift.app/Account.storyboardc/LauncherVC.nib/objects-13.0+.nib ... 
2023-07-17 06:16:23 +0000  1009 bytes for ./Payload/eLiift.app/Account.storyboardc/LauncherVC.nib/objects-13.0+.nib
copying file ./Payload/eLiift.app/Account.storyboardc/LauncherVC.nib/runtime.nib ... 
2023-07-17 06:16:23 +0000  1009 bytes for ./Payload/eLiift.app/Account.storyboardc/LauncherVC.nib/runtime.nib
copying file ./Payload/eLiift.app/Account.storyboardc/LauncherVC.nib/objects-14.0+.nib ... 
2023-07-17 06:16:23 +0000  1009 bytes for ./Payload/eLiift.app/Account.storyboardc/LauncherVC.nib/objects-14.0+.nib
2023-07-17 06:16:23 +0000  copying file ./Payload/eLiift.app/Account.storyboardc/Bkd-Xn-6tc-view-As4-nj-c0M.nib/objects-13.0+.nib ... 
2023-07-17 06:16:23 +0000  6425 bytes for ./Payload/eLiift.app/Account.storyboardc/Bkd-Xn-6tc-view-As4-nj-c0M.nib/objects-13.0+.nib
copying file ./Payload/eLiift.app/Account.storyboardc/Bkd-Xn-6tc-view-As4-nj-c0M.nib/runtime.nib ... 
2023-07-17 06:16:23 +0000  7125 bytes for ./Payload/eLiift.app/Account.storyboardc/Bkd-Xn-6tc-view-As4-nj-c0M.nib/runtime.nib
copying file ./Payload/eLiift.app/Account.storyboardc/Bkd-Xn-6tc-view-As4-nj-c0M.nib/objects-14.0+.nib ... 
2023-07-17 06:16:23 +0000  6425 bytes for ./Payload/eLiift.app/Account.storyboardc/Bkd-Xn-6tc-view-As4-nj-c0M.nib/objects-14.0+.nib
2023-07-17 06:16:23 +0000  copying file ./Payload/eLiift.app/Account.storyboardc/CJa-c6-O7m-view-YXB-Gk-Rex.nib/objects-13.0+.nib ... 
2023-07-17 06:16:23 +0000  16146 bytes for ./Payload/eLiift.app/Account.storyboardc/CJa-c6-O7m-view-YXB-Gk-Rex.nib/objects-13.0+.nib
copying file ./Payload/eLiift.app/Account.storyboardc/CJa-c6-O7m-view-YXB-Gk-Rex.nib/runtime.nib ... 
2023-07-17 06:16:23 +0000  17186 bytes for ./Payload/eLiift.app/Account.storyboardc/CJa-c6-O7m-view-YXB-Gk-Rex.nib/runtime.nib
copying file ./Payload/eLiift.app/Account.storyboardc/CJa-c6-O7m-view-YXB-Gk-Rex.nib/objects-14.0+.nib ... 
2023-07-17 06:16:23 +0000  14685 bytes for ./Payload/eLiift.app/Account.storyboardc/CJa-c6-O7m-view-YXB-Gk-Rex.nib/objects-14.0+.nib
2023-07-17 06:16:23 +0000  copying file ./Payload/eLiift.app/Account.storyboardc/c4k-Q3-8Wy-view-d5g-ly-fiM.nib/objects-13.0+.nib ... 
2023-07-17 06:16:23 +0000  14360 bytes for ./Payload/eLiift.app/Account.storyboardc/c4k-Q3-8Wy-view-d5g-ly-fiM.nib/objects-13.0+.nib
2023-07-17 06:16:23 +0000  copying file ./Payload/eLiift.app/Account.storyboardc/c4k-Q3-8Wy-view-d5g-ly-fiM.nib/runtime.nib ... 
2023-07-17 06:16:23 +0000  15345 bytes for ./Payload/eLiift.app/Account.storyboardc/c4k-Q3-8Wy-view-d5g-ly-fiM.nib/runtime.nib
2023-07-17 06:16:23 +0000  copying file ./Payload/eLiift.app/Account.storyboardc/c4k-Q3-8Wy-view-d5g-ly-fiM.nib/objects-14.0+.nib ... 
2023-07-17 06:16:23 +0000  13112 bytes for ./Payload/eLiift.app/Account.storyboardc/c4k-Q3-8Wy-view-d5g-ly-fiM.nib/objects-14.0+.nib
2023-07-17 06:16:23 +0000  copying file ./Payload/eLiift.app/Account.storyboardc/kin-hz-PBY-view-uxD-yF-nQN.nib/objects-13.0+.nib ... 
2023-07-17 06:16:23 +0000  26757 bytes for ./Payload/eLiift.app/Account.storyboardc/kin-hz-PBY-view-uxD-yF-nQN.nib/objects-13.0+.nib
copying file ./Payload/eLiift.app/Account.storyboardc/kin-hz-PBY-view-uxD-yF-nQN.nib/runtime.nib ... 
2023-07-17 06:16:23 +0000  30054 bytes for ./Payload/eLiift.app/Account.storyboardc/kin-hz-PBY-view-uxD-yF-nQN.nib/runtime.nib
copying file ./Payload/eLiift.app/Account.storyboardc/kin-hz-PBY-view-uxD-yF-nQN.nib/objects-14.0+.nib ... 
2023-07-17 06:16:23 +0000  25168 bytes for ./Payload/eLiift.app/Account.storyboardc/kin-hz-PBY-view-uxD-yF-nQN.nib/objects-14.0+.nib
2023-07-17 06:16:23 +0000  copying file ./Payload/eLiift.app/Account.storyboardc/SignupVC.nib/objects-13.0+.nib ... 
2023-07-17 06:16:23 +0000  1004 bytes for ./Payload/eLiift.app/Account.storyboardc/SignupVC.nib/objects-13.0+.nib
copying file ./Payload/eLiift.app/Account.storyboardc/SignupVC.nib/runtime.nib ... 
2023-07-17 06:16:23 +0000  1004 bytes for ./Payload/eLiift.app/Account.storyboardc/SignupVC.nib/runtime.nib
copying file ./Payload/eLiift.app/Account.storyboardc/SignupVC.nib/objects-14.0+.nib ... 
2023-07-17 06:16:23 +0000  1004 bytes for ./Payload/eLiift.app/Account.storyboardc/SignupVC.nib/objects-14.0+.nib
2023-07-17 06:16:23 +0000  copying file ./Payload/eLiift.app/Account.storyboardc/MobileOTPVC.nib/objects-13.0+.nib ... 
2023-07-17 06:16:23 +0000  1011 bytes for ./Payload/eLiift.app/Account.storyboardc/MobileOTPVC.nib/objects-13.0+.nib
copying file ./Payload/eLiift.app/Account.storyboardc/MobileOTPVC.nib/runtime.nib ... 
2023-07-17 06:16:23 +0000  1011 bytes for ./Payload/eLiift.app/Account.storyboardc/MobileOTPVC.nib/runtime.nib
copying file ./Payload/eLiift.app/Account.storyboardc/MobileOTPVC.nib/objects-14.0+.nib ... 
2023-07-17 06:16:23 +0000  1011 bytes for ./Payload/eLiift.app/Account.storyboardc/MobileOTPVC.nib/objects-14.0+.nib
2023-07-17 06:16:23 +0000  copying file ./Payload/eLiift.app/Account.storyboardc/ForgotVC.nib/objects-13.0+.nib ... 
2023-07-17 06:16:23 +0000  1004 bytes for ./Payload/eLiift.app/Account.storyboardc/ForgotVC.nib/objects-13.0+.nib
copying file ./Payload/eLiift.app/Account.storyboardc/ForgotVC.nib/runtime.nib ... 
2023-07-17 06:16:23 +0000  1004 bytes for ./Payload/eLiift.app/Account.storyboardc/ForgotVC.nib/runtime.nib
copying file ./Payload/eLiift.app/Account.storyboardc/ForgotVC.nib/objects-14.0+.nib ... 
2023-07-17 06:16:23 +0000  1004 bytes for ./Payload/eLiift.app/Account.storyboardc/ForgotVC.nib/objects-14.0+.nib
2023-07-17 06:16:23 +0000  copying file ./Payload/eLiift.app/Account.storyboardc/mIf-tD-OFi-view-Zn7-GL-McE.nib/objects-13.0+.nib ... 
2023-07-17 06:16:23 +0000  11395 bytes for ./Payload/eLiift.app/Account.storyboardc/mIf-tD-OFi-view-Zn7-GL-McE.nib/objects-13.0+.nib
copying file ./Payload/eLiift.app/Account.storyboardc/mIf-tD-OFi-view-Zn7-GL-McE.nib/runtime.nib ... 
2023-07-17 06:16:23 +0000  12085 bytes for ./Payload/eLiift.app/Account.storyboardc/mIf-tD-OFi-view-Zn7-GL-McE.nib/runtime.nib
copying file ./Payload/eLiift.app/Account.storyboardc/mIf-tD-OFi-view-Zn7-GL-McE.nib/objects-14.0+.nib ... 
2023-07-17 06:16:23 +0000  10371 bytes for ./Payload/eLiift.app/Account.storyboardc/mIf-tD-OFi-view-Zn7-GL-McE.nib/objects-14.0+.nib
2023-07-17 06:16:23 +0000  copying file ./Payload/eLiift.app/Account.storyboardc/dVa-Fu-G66-view-oEv-LI-kc8.nib/objects-13.0+.nib ... 
2023-07-17 06:16:23 +0000  11803 bytes for ./Payload/eLiift.app/Account.storyboardc/dVa-Fu-G66-view-oEv-LI-kc8.nib/objects-13.0+.nib
copying file ./Payload/eLiift.app/Account.storyboardc/dVa-Fu-G66-view-oEv-LI-kc8.nib/runtime.nib ... 
2023-07-17 06:16:23 +0000  12920 bytes for ./Payload/eLiift.app/Account.storyboardc/dVa-Fu-G66-view-oEv-LI-kc8.nib/runtime.nib
copying file ./Payload/eLiift.app/Account.storyboardc/dVa-Fu-G66-view-oEv-LI-kc8.nib/objects-14.0+.nib ... 
2023-07-17 06:16:23 +0000  10642 bytes for ./Payload/eLiift.app/Account.storyboardc/dVa-Fu-G66-view-oEv-LI-kc8.nib/objects-14.0+.nib
2023-07-17 06:16:23 +0000  copying file ./Payload/eLiift.app/Account.storyboardc/ResetPassVC.nib/objects-13.0+.nib ... 
2023-07-17 06:16:23 +0000  1011 bytes for ./Payload/eLiift.app/Account.storyboardc/ResetPassVC.nib/objects-13.0+.nib
copying file ./Payload/eLiift.app/Account.storyboardc/ResetPassVC.nib/runtime.nib ... 
2023-07-17 06:16:23 +0000  1011 bytes for ./Payload/eLiift.app/Account.storyboardc/ResetPassVC.nib/runtime.nib
2023-07-17 06:16:23 +0000  copying file ./Payload/eLiift.app/Account.storyboardc/ResetPassVC.nib/objects-14.0+.nib ... 
2023-07-17 06:16:23 +0000  1011 bytes for ./Payload/eLiift.app/Account.storyboardc/ResetPassVC.nib/objects-14.0+.nib
copying file ./Payload/eLiift.app/Account.storyboardc/Info.plist ... 
2023-07-17 06:16:23 +0000  261 bytes for ./Payload/eLiift.app/Account.storyboardc/Info.plist
copying file ./Payload/eLiift.app/Account.storyboardc/LoginVC.nib/objects-13.0+.nib ... 
2023-07-17 06:16:23 +0000  1002 bytes for ./Payload/eLiift.app/Account.storyboardc/LoginVC.nib/objects-13.0+.nib
copying file ./Payload/eLiift.app/Account.storyboardc/LoginVC.nib/runtime.nib ... 
2023-07-17 06:16:23 +0000  1002 bytes for ./Payload/eLiift.app/Account.storyboardc/LoginVC.nib/runtime.nib
copying file ./Payload/eLiift.app/Account.storyboardc/LoginVC.nib/objects-14.0+.nib ... 
2023-07-17 06:16:23 +0000  1002 bytes for ./Payload/eLiift.app/Account.storyboardc/LoginVC.nib/objects-14.0+.nib
2023-07-17 06:16:23 +0000  copying file ./Payload/eLiift.app/TransactionCell.nib/objects-13.0+.nib ... 
2023-07-17 06:16:23 +0000  8926 bytes for ./Payload/eLiift.app/TransactionCell.nib/objects-13.0+.nib
copying file ./Payload/eLiift.app/TransactionCell.nib/runtime.nib ... 
2023-07-17 06:16:23 +0000  9417 bytes for ./Payload/eLiift.app/TransactionCell.nib/runtime.nib
2023-07-17 06:16:23 +0000  copying file ./Payload/eLiift.app/LocationCell.nib/objects-13.0+.nib ... 
2023-07-17 06:16:23 +0000  5770 bytes for ./Payload/eLiift.app/LocationCell.nib/objects-13.0+.nib
copying file ./Payload/eLiift.app/LocationCell.nib/runtime.nib ... 
2023-07-17 06:16:23 +0000  6361 bytes for ./Payload/eLiift.app/LocationCell.nib/runtime.nib
2023-07-17 06:16:23 +0000  copying file ./Payload/eLiift.app/SettingCell.nib/objects-13.0+.nib ... 
2023-07-17 06:16:23 +0000  8001 bytes for ./Payload/eLiift.app/SettingCell.nib/objects-13.0+.nib
copying file ./Payload/eLiift.app/SettingCell.nib/runtime.nib ... 
2023-07-17 06:16:23 +0000  8749 bytes for ./Payload/eLiift.app/SettingCell.nib/runtime.nib
copying file ./Payload/eLiift.app/traffic.json ... 
2023-07-17 06:16:23 +0000  18563 bytes for ./Payload/eLiift.app/traffic.json
2023-07-17 06:16:23 +0000  copying file ./Payload/eLiift.app/es.lproj/Main.strings ... 
432 bytes for ./Payload/eLiift.app/es.lproj/Main.strings
2023-07-17 06:16:23 +0000  copying file ./Payload/eLiift.app/es.lproj/Localizable.strings ... 
2023-07-17 06:16:23 +0000  2052 bytes for ./Payload/eLiift.app/es.lproj/Localizable.strings
2023-07-17 06:16:23 +0000  copying file ./Payload/eLiift.app/GoogleMaps.bundle/bubble_left@3x.png ... 
2023-07-17 06:16:23 +0000  2386 bytes for ./Payload/eLiift.app/GoogleMaps.bundle/bubble_left@3x.png
2023-07-17 06:16:23 +0000  copying file ./Payload/eLiift.app/GoogleMaps.bundle/bubble_left.png ... 
451 bytes for ./Payload/eLiift.app/GoogleMaps.bundle/bubble_left.png
2023-07-17 06:16:23 +0000  copying file ./Payload/eLiift.app/GoogleMaps.bundle/bubble_left@2x.png ... 
2023-07-17 06:16:23 +0000  1055 bytes for ./Payload/eLiift.app/GoogleMaps.bundle/bubble_left@2x.png
copying file ./Payload/eLiift.app/GoogleMaps.bundle/bubble_right@3x.png ... 
2023-07-17 06:16:23 +0000  2374 bytes for ./Payload/eLiift.app/GoogleMaps.bundle/bubble_right@3x.png
2023-07-17 06:16:23 +0000  copying file ./Payload/eLiift.app/GoogleMaps.bundle/ic_error.png ... 
2023-07-17 06:16:23 +0000  236 bytes for ./Payload/eLiift.app/GoogleMaps.bundle/ic_error.png
copying file ./Payload/eLiift.app/GoogleMaps.bundle/bubble_right@2x.png ... 
2023-07-17 06:16:23 +0000  1051 bytes for ./Payload/eLiift.app/GoogleMaps.bundle/bubble_right@2x.png
2023-07-17 06:16:23 +0000  copying file ./Payload/eLiift.app/GoogleMaps.bundle/GMSCoreResources.bundle/de.lproj/GMSCore.strings ... 
2023-07-17 06:16:23 +0000  4308 bytes for ./Payload/eLiift.app/GoogleMaps.bundle/GMSCoreResources.bundle/de.lproj/GMSCore.strings
2023-07-17 06:16:23 +0000  copying file ./Payload/eLiift.app/GoogleMaps.bundle/GMSCoreResources.bundle/he.lproj/GMSCore.strings ... 
2023-07-17 06:16:23 +0000  4436 bytes for ./Payload/eLiift.app/GoogleMaps.bundle/GMSCoreResources.bundle/he.lproj/GMSCore.strings
2023-07-17 06:16:23 +0000  copying file ./Payload/eLiift.app/GoogleMaps.bundle/GMSCoreResources.bundle/en_AU.lproj/GMSCore.strings ... 
2023-07-17 06:16:23 +0000  4078 bytes for ./Payload/eLiift.app/GoogleMaps.bundle/GMSCoreResources.bundle/en_AU.lproj/GMSCore.strings
2023-07-17 06:16:23 +0000  copying file ./Payload/eLiift.app/GoogleMaps.bundle/GMSCoreResources.bundle/ic_covid_medical_waypoint_alert_32pt@2x.png ... 
2023-07-17 06:16:23 +0000  943 bytes for ./Payload/eLiift.app/GoogleMaps.bundle/GMSCoreResources.bundle/ic_covid_medical_waypoint_alert_32pt@2x.png
2023-07-17 06:16:23 +0000  copying file ./Payload/eLiift.app/GoogleMaps.bundle/GMSCoreResources.bundle/ar.lproj/GMSCore.strings ... 
2023-07-17 06:16:23 +0000  5230 bytes for ./Payload/eLiift.app/GoogleMaps.bundle/GMSCoreResources.bundle/ar.lproj/GMSCore.strings
2023-07-17 06:16:23 +0000  copying file ./Payload/eLiift.app/GoogleMaps.bundle/GMSCoreResources.bundle/el.lproj/GMSCore.strings ... 
2023-07-17 06:16:23 +0000  4694 bytes for ./Payload/eLiift.app/GoogleMaps.bundle/GMSCoreResources.bundle/el.lproj/GMSCore.strings
2023-07-17 06:16:23 +0000  copying file ./Payload/eLiift.app/GoogleMaps.bundle/GMSCoreResources.bundle/ja.lproj/GMSCore.strings ... 
2023-07-17 06:16:23 +0000  3880 bytes for ./Payload/eLiift.app/GoogleMaps.bundle/GMSCoreResources.bundle/ja.lproj/GMSCore.strings
copying file ./Payload/eLiift.app/GoogleMaps.bundle/GMSCoreResources.bundle/ic_covid_checkpoint_waypoint_alert_night_32pt.png ... 
2023-07-17 06:16:23 +0000  602 bytes for ./Payload/eLiift.app/GoogleMaps.bundle/GMSCoreResources.bundle/ic_covid_checkpoint_waypoint_alert_night_32pt.png
2023-07-17 06:16:23 +0000  copying file ./Payload/eLiift.app/GoogleMaps.bundle/GMSCoreResources.bundle/sq.lproj/GMSCore.strings ... 
2023-07-17 06:16:23 +0000  4410 bytes for ./Payload/eLiift.app/GoogleMaps.bundle/GMSCoreResources.bundle/sq.lproj/GMSCore.strings
2023-07-17 06:16:23 +0000  copying file ./Payload/eLiift.app/GoogleMaps.bundle/GMSCoreResources.bundle/ic_qu_direction_mylocation@2x.png ... 
2023-07-17 06:16:23 +0000  663 bytes for ./Payload/eLiift.app/GoogleMaps.bundle/GMSCoreResources.bundle/ic_qu_direction_mylocation@2x.png
2023-07-17 06:16:23 +0000  copying file ./Payload/eLiift.app/GoogleMaps.bundle/GMSCoreResources.bundle/en.lproj/GMSCore.strings ... 
2023-07-17 06:16:23 +0000  4061 bytes for ./Payload/eLiift.app/GoogleMaps.bundle/GMSCoreResources.bundle/en.lproj/GMSCore.strings
2023-07-17 06:16:23 +0000  copying file ./Payload/eLiift.app/GoogleMaps.bundle/GMSCoreResources.bundle/ic_covid_border_waypoint_alert_32pt.png ... 
2023-07-17 06:16:23 +0000  422 bytes for ./Payload/eLiift.app/GoogleMaps.bundle/GMSCoreResources.bundle/ic_covid_border_waypoint_alert_32pt.png
copying file ./Payload/eLiift.app/GoogleMaps.bundle/GMSCoreResources.bundle/uk.lproj/GMSCore.strings ... 
2023-07-17 06:16:23 +0000  4963 bytes for ./Payload/eLiift.app/GoogleMaps.bundle/GMSCoreResources.bundle/uk.lproj/GMSCore.strings
2023-07-17 06:16:23 +0000  copying file ./Payload/eLiift.app/GoogleMaps.bundle/GMSCoreResources.bundle/ic_qu_direction_mylocation.png ... 
362 bytes for ./Payload/eLiift.app/GoogleMaps.bundle/GMSCoreResources.bundle/ic_qu_direction_mylocation.png
2023-07-17 06:16:23 +0000  copying file ./Payload/eLiift.app/GoogleMaps.bundle/GMSCoreResources.bundle/es_419.lproj/GMSCore.strings ... 
2023-07-17 06:16:23 +0000  4376 bytes for ./Payload/eLiift.app/GoogleMaps.bundle/GMSCoreResources.bundle/es_419.lproj/GMSCore.strings
2023-07-17 06:16:23 +0000  copying file ./Payload/eLiift.app/GoogleMaps.bundle/GMSCoreResources.bundle/GMSSprites-0-1x.png ... 
2023-07-17 06:16:23 +0000  13906 bytes for ./Payload/eLiift.app/GoogleMaps.bundle/GMSCoreResources.bundle/GMSSprites-0-1x.png
copying file ./Payload/eLiift.app/GoogleMaps.bundle/GMSCoreResources.bundle/ic_compass_needle_large@2x.png ... 
2023-07-17 06:16:23 +0000  2446 bytes for ./Payload/eLiift.app/GoogleMaps.bundle/GMSCoreResources.bundle/ic_compass_needle_large@2x.png
2023-07-17 06:16:23 +0000  copying file ./Payload/eLiift.app/GoogleMaps.bundle/GMSCoreResources.bundle/ic_compass_needle_large@3x.png ... 
2023-07-17 06:16:23 +0000  3304 bytes for ./Payload/eLiift.app/GoogleMaps.bundle/GMSCoreResources.bundle/ic_compass_needle_large@3x.png
2023-07-17 06:16:23 +0000  copying file ./Payload/eLiift.app/GoogleMaps.bundle/GMSCoreResources.bundle/es_MX.lproj/GMSCore.strings ... 
2023-07-17 06:16:23 +0000  4376 bytes for ./Payload/eLiift.app/GoogleMaps.bundle/GMSCoreResources.bundle/es_MX.lproj/GMSCore.strings
2023-07-17 06:16:23 +0000  copying file ./Payload/eLiift.app/GoogleMaps.bundle/GMSCoreResources.bundle/ic_compass_needle_large.png ... 
2023-07-17 06:16:23 +0000  1114 bytes for ./Payload/eLiift.app/GoogleMaps.bundle/GMSCoreResources.bundle/ic_compass_needle_large.png
copying file ./Payload/eLiift.app/GoogleMaps.bundle/GMSCoreResources.bundle/zh_CN.lproj/GMSCore.strings ... 
2023-07-17 06:16:23 +0000  3871 bytes for ./Payload/eLiift.app/GoogleMaps.bundle/GMSCoreResources.bundle/zh_CN.lproj/GMSCore.strings
copying file ./Payload/eLiift.app/GoogleMaps.bundle/GMSCoreResources.bundle/ic_qu_direction_mylocation@3x.png ... 
2023-07-17 06:16:23 +0000  1240 bytes for ./Payload/eLiift.app/GoogleMaps.bundle/GMSCoreResources.bundle/ic_qu_direction_mylocation@3x.png
2023-07-17 06:16:23 +0000  copying file ./Payload/eLiift.app/GoogleMaps.bundle/GMSCoreResources.bundle/DroidSansMerged-Regular.ttf ... 
2023-07-17 06:16:23 +0000  392092 bytes for ./Payload/eLiift.app/GoogleMaps.bundle/GMSCoreResources.bundle/DroidSansMerged-Regular.ttf
2023-07-17 06:16:23 +0000  copying file ./Payload/eLiift.app/GoogleMaps.bundle/GMSCoreResources.bundle/nb.lproj/GMSCore.strings ... 
2023-07-17 06:16:23 +0000  4231 bytes for ./Payload/eLiift.app/GoogleMaps.bundle/GMSCoreResources.bundle/nb.lproj/GMSCore.strings
2023-07-17 06:16:23 +0000  copying file ./Payload/eLiift.app/GoogleMaps.bundle/GMSCoreResources.bundle/es.lproj/GMSCore.strings ... 
2023-07-17 06:16:23 +0000  4377 bytes for ./Payload/eLiift.app/GoogleMaps.bundle/GMSCoreResources.bundle/es.lproj/GMSCore.strings
2023-07-17 06:16:23 +0000  copying file ./Payload/eLiift.app/GoogleMaps.bundle/GMSCoreResources.bundle/sw.lproj/GMSCore.strings ... 
2023-07-17 06:16:23 +0000  4171 bytes for ./Payload/eLiift.app/GoogleMaps.bundle/GMSCoreResources.bundle/sw.lproj/GMSCore.strings
copying file ./Payload/eLiift.app/GoogleMaps.bundle/GMSCoreResources.bundle/ic_covid_medical_waypoint_alert_32pt@3x.png ... 
2023-07-17 06:16:23 +0000  1203 bytes for ./Payload/eLiift.app/GoogleMaps.bundle/GMSCoreResources.bundle/ic_covid_medical_waypoint_alert_32pt@3x.png
2023-07-17 06:16:23 +0000  copying file ./Payload/eLiift.app/GoogleMaps.bundle/GMSCoreResources.bundle/pt_BR.lproj/GMSCore.strings ... 
2023-07-17 06:16:23 +0000  4388 bytes for ./Payload/eLiift.app/GoogleMaps.bundle/GMSCoreResources.bundle/pt_BR.lproj/GMSCore.strings
2023-07-17 06:16:23 +0000  copying file ./Payload/eLiift.app/GoogleMaps.bundle/GMSCoreResources.bundle/da.lproj/GMSCore.strings ... 
2023-07-17 06:16:23 +0000  4321 bytes for ./Payload/eLiift.app/GoogleMaps.bundle/GMSCoreResources.bundle/da.lproj/GMSCore.strings
copying file ./Payload/eLiift.app/GoogleMaps.bundle/GMSCoreResources.bundle/ic_location_off@3x.png ... 
2023-07-17 06:16:23 +0000  1577 bytes for ./Payload/eLiift.app/GoogleMaps.bundle/GMSCoreResources.bundle/ic_location_off@3x.png
2023-07-17 06:16:23 +0000  copying file ./Payload/eLiift.app/GoogleMaps.bundle/GMSCoreResources.bundle/it.lproj/GMSCore.strings ... 
2023-07-17 06:16:23 +0000  4115 bytes for ./Payload/eLiift.app/GoogleMaps.bundle/GMSCoreResources.bundle/it.lproj/GMSCore.strings
2023-07-17 06:16:23 +0000  copying file ./Payload/eLiift.app/GoogleMaps.bundle/GMSCoreResources.bundle/sk.lproj/GMSCore.strings ... 
2023-07-17 06:16:23 +0000  4441 bytes for ./Payload/eLiift.app/GoogleMaps.bundle/GMSCoreResources.bundle/sk.lproj/GMSCore.strings
2023-07-17 06:16:23 +0000  copying file ./Payload/eLiift.app/GoogleMaps.bundle/GMSCoreResources.bundle/GMSNavSprites-0-3x.png ... 
2023-07-17 06:16:23 +0000  20924 bytes for ./Payload/eLiift.app/GoogleMaps.bundle/GMSCoreResources.bundle/GMSNavSprites-0-3x.png
2023-07-17 06:16:23 +0000  copying file ./Payload/eLiift.app/GoogleMaps.bundle/GMSCoreResources.bundle/pt_PT.lproj/GMSCore.strings ... 
2023-07-17 06:16:23 +0000  4389 bytes for ./Payload/eLiift.app/GoogleMaps.bundle/GMSCoreResources.bundle/pt_PT.lproj/GMSCore.strings
copying file ./Payload/eLiift.app/GoogleMaps.bundle/GMSCoreResources.bundle/button_compass_night.png ... 
2023-07-17 06:16:23 +0000  720 bytes for ./Payload/eLiift.app/GoogleMaps.bundle/GMSCoreResources.bundle/button_compass_night.png
copying file ./Payload/eLiift.app/GoogleMaps.bundle/GMSCoreResources.bundle/button_my_location.png ... 
2023-07-17 06:16:23 +0000  492 bytes for ./Payload/eLiift.app/GoogleMaps.bundle/GMSCoreResources.bundle/button_my_location.png
copying file ./Payload/eLiift.app/GoogleMaps.bundle/GMSCoreResources.bundle/road_16-4.png ... 
2023-07-17 06:16:23 +0000  127 bytes for ./Payload/eLiift.app/GoogleMaps.bundle/GMSCoreResources.bundle/road_16-4.png
2023-07-17 06:16:23 +0000  copying file ./Payload/eLiift.app/GoogleMaps.bundle/GMSCoreResources.bundle/sr.lproj/GMSCore.strings ... 
2023-07-17 06:16:23 +0000  4754 bytes for ./Payload/eLiift.app/GoogleMaps.bundle/GMSCoreResources.bundle/sr.lproj/GMSCore.strings
2023-07-17 06:16:23 +0000  copying file ./Payload/eLiift.app/GoogleMaps.bundle/GMSCoreResources.bundle/ms.lproj/GMSCore.strings ... 
2023-07-17 06:16:23 +0000  4033 bytes for ./Payload/eLiift.app/GoogleMaps.bundle/GMSCoreResources.bundle/ms.lproj/GMSCore.strings
2023-07-17 06:16:23 +0000  copying file ./Payload/eLiift.app/GoogleMaps.bundle/GMSCoreResources.bundle/road_256-64.png ... 
2023-07-17 06:16:23 +0000  1934 bytes for ./Payload/eLiift.app/GoogleMaps.bundle/GMSCoreResources.bundle/road_256-64.png
2023-07-17 06:16:23 +0000  copying file ./Payload/eLiift.app/GoogleMaps.bundle/GMSCoreResources.bundle/button_compass.png ... 
2023-07-17 06:16:23 +0000  631 bytes for ./Payload/eLiift.app/GoogleMaps.bundle/GMSCoreResources.bundle/button_compass.png
2023-07-17 06:16:23 +0000  copying file ./Payload/eLiift.app/GoogleMaps.bundle/GMSCoreResources.bundle/sv.lproj/GMSCore.strings ... 
2023-07-17 06:16:23 +0000  4451 bytes for ./Payload/eLiift.app/GoogleMaps.bundle/GMSCoreResources.bundle/sv.lproj/GMSCore.strings
copying file ./Payload/eLiift.app/GoogleMaps.bundle/GMSCoreResources.bundle/road_8-2.png ... 
2023-07-17 06:16:23 +0000  93 bytes for ./Payload/eLiift.app/GoogleMaps.bundle/GMSCoreResources.bundle/road_8-2.png
copying file ./Payload/eLiift.app/GoogleMaps.bundle/GMSCoreResources.bundle/ic_closed_place_waypoint_alert_32pt.png ... 
2023-07-17 06:16:23 +0000  494 bytes for ./Payload/eLiift.app/GoogleMaps.bundle/GMSCoreResources.bundle/ic_closed_place_waypoint_alert_32pt.png
2023-07-17 06:16:23 +0000  copying file ./Payload/eLiift.app/GoogleMaps.bundle/GMSCoreResources.bundle/cs.lproj/GMSCore.strings ... 
2023-07-17 06:16:23 +0000  4667 bytes for ./Payload/eLiift.app/GoogleMaps.bundle/GMSCoreResources.bundle/cs.lproj/GMSCore.strings
copying file ./Payload/eLiift.app/GoogleMaps.bundle/GMSCoreResources.bundle/button_background.png ... 
2023-07-17 06:16:23 +0000  334 bytes for ./Payload/eLiift.app/GoogleMaps.bundle/GMSCoreResources.bundle/button_background.png
2023-07-17 06:16:23 +0000  copying file ./Payload/eLiift.app/GoogleMaps.bundle/GMSCoreResources.bundle/GMSNavNightModeSprites-0-1x.png ... 
2023-07-17 06:16:23 +0000  3393 bytes for ./Payload/eLiift.app/GoogleMaps.bundle/GMSCoreResources.bundle/GMSNavNightModeSprites-0-1x.png
2023-07-17 06:16:23 +0000  copying file ./Payload/eLiift.app/GoogleMaps.bundle/GMSCoreResources.bundle/button_my_location@2x.png ... 
2023-07-17 06:16:23 +0000  1229 bytes for ./Payload/eLiift.app/GoogleMaps.bundle/GMSCoreResources.bundle/button_my_location@2x.png
2023-07-17 06:16:23 +0000  copying file ./Payload/eLiift.app/GoogleMaps.bundle/GMSCoreResources.bundle/en_IN.lproj/GMSCore.strings ... 
2023-07-17 06:16:23 +0000  4078 bytes for ./Payload/eLiift.app/GoogleMaps.bundle/GMSCoreResources.bundle/en_IN.lproj/GMSCore.strings
2023-07-17 06:16:23 +0000  copying file ./Payload/eLiift.app/GoogleMaps.bundle/GMSCoreResources.bundle/ko.lproj/GMSCore.strings ... 
2023-07-17 06:16:23 +0000  3904 bytes for ./Payload/eLiift.app/GoogleMaps.bundle/GMSCoreResources.bundle/ko.lproj/GMSCore.strings
copying file ./Payload/eLiift.app/GoogleMaps.bundle/GMSCoreResources.bundle/GMSNavSprites-0-2x.png ... 
2023-07-17 06:16:23 +0000  13321 bytes for ./Payload/eLiift.app/GoogleMaps.bundle/GMSCoreResources.bundle/GMSNavSprites-0-2x.png
2023-07-17 06:16:23 +0000  copying file ./Payload/eLiift.app/GoogleMaps.bundle/GMSCoreResources.bundle/ic_location_off@2x.png ... 
2023-07-17 06:16:23 +0000  860 bytes for ./Payload/eLiift.app/GoogleMaps.bundle/GMSCoreResources.bundle/ic_location_off@2x.png
2023-07-17 06:16:23 +0000  copying file ./Payload/eLiift.app/GoogleMaps.bundle/GMSCoreResources.bundle/my.lproj/GMSCore.strings ... 
2023-07-17 06:16:23 +0000  4524 bytes for ./Payload/eLiift.app/GoogleMaps.bundle/GMSCoreResources.bundle/my.lproj/GMSCore.strings
2023-07-17 06:16:23 +0000  copying file ./Payload/eLiift.app/GoogleMaps.bundle/GMSCoreResources.bundle/ic_covid_checkpoint_waypoint_alert_32pt@2x.png ... 
2023-07-17 06:16:23 +0000  1373 bytes for ./Payload/eLiift.app/GoogleMaps.bundle/GMSCoreResources.bundle/ic_covid_checkpoint_waypoint_alert_32pt@2x.png
2023-07-17 06:16:23 +0000  copying file ./Payload/eLiift.app/GoogleMaps.bundle/GMSCoreResources.bundle/GMSNavSprites-0-1x.png ... 
2023-07-17 06:16:23 +0000  5684 bytes for ./Payload/eLiift.app/GoogleMaps.bundle/GMSCoreResources.bundle/GMSNavSprites-0-1x.png
2023-07-17 06:16:23 +0000  copying file ./Payload/eLiift.app/GoogleMaps.bundle/GMSCoreResources.bundle/Tharlon-Regular.ttf ... 
2023-07-17 06:16:24 +0000  353228 bytes for ./Payload/eLiift.app/GoogleMaps.bundle/GMSCoreResources.bundle/Tharlon-Regular.ttf
2023-07-17 06:16:24 +0000  copying file ./Payload/eLiift.app/GoogleMaps.bundle/GMSCoreResources.bundle/hu.lproj/GMSCore.strings ... 
2023-07-17 06:16:24 +0000  4195 bytes for ./Payload/eLiift.app/GoogleMaps.bundle/GMSCoreResources.bundle/hu.lproj/GMSCore.strings
copying file ./Payload/eLiift.app/GoogleMaps.bundle/GMSCoreResources.bundle/zh_HK.lproj/GMSCore.strings ... 
2023-07-17 06:16:24 +0000  3832 bytes for ./Payload/eLiift.app/GoogleMaps.bundle/GMSCoreResources.bundle/zh_HK.lproj/GMSCore.strings
copying file ./Payload/eLiift.app/GoogleMaps.bundle/GMSCoreResources.bundle/road_4-1.png ... 
2023-07-17 06:16:24 +0000  74 bytes for ./Payload/eLiift.app/GoogleMaps.bundle/GMSCoreResources.bundle/road_4-1.png
2023-07-17 06:16:24 +0000  copying file ./Payload/eLiift.app/GoogleMaps.bundle/GMSCoreResources.bundle/ka.lproj/GMSCore.strings ... 
2023-07-17 06:16:24 +0000  4322 bytes for ./Payload/eLiift.app/GoogleMaps.bundle/GMSCoreResources.bundle/ka.lproj/GMSCore.strings
copying file ./Payload/eLiift.app/GoogleMaps.bundle/GMSCoreResources.bundle/button_background@2x.png ... 
2023-07-17 06:16:24 +0000  433 bytes for ./Payload/eLiift.app/GoogleMaps.bundle/GMSCoreResources.bundle/button_background@2x.png
copying file ./Payload/eLiift.app/GoogleMaps.bundle/GMSCoreResources.bundle/ic_compass_needle_32pt.png ... 
2023-07-17 06:16:24 +0000  742 bytes for ./Payload/eLiift.app/GoogleMaps.bundle/GMSCoreResources.bundle/ic_compass_needle_32pt.png
2023-07-17 06:16:24 +0000  copying file ./Payload/eLiift.app/GoogleMaps.bundle/GMSCoreResources.bundle/ic_compass_needle@2x.png ... 
2023-07-17 06:16:24 +0000  992 bytes for ./Payload/eLiift.app/GoogleMaps.bundle/GMSCoreResources.bundle/ic_compass_needle@2x.png
copying file ./Payload/eLiift.app/GoogleMaps.bundle/GMSCoreResources.bundle/Assets.car ... 
2023-07-17 06:16:24 +0000  78127 bytes for ./Payload/eLiift.app/GoogleMaps.bundle/GMSCoreResources.bundle/Assets.car
2023-07-17 06:16:24 +0000  copying file ./Payload/eLiift.app/GoogleMaps.bundle/GMSCoreResources.bundle/tr.lproj/GMSCore.strings ... 
2023-07-17 06:16:24 +0000  4175 bytes for ./Payload/eLiift.app/GoogleMaps.bundle/GMSCoreResources.bundle/tr.lproj/GMSCore.strings
2023-07-17 06:16:24 +0000  copying file ./Payload/eLiift.app/GoogleMaps.bundle/GMSCoreResources.bundle/pl.lproj/GMSCore.strings ... 
2023-07-17 06:16:24 +0000  4491 bytes for ./Payload/eLiift.app/GoogleMaps.bundle/GMSCoreResources.bundle/pl.lproj/GMSCore.strings
2023-07-17 06:16:24 +0000  copying file ./Payload/eLiift.app/GoogleMaps.bundle/GMSCoreResources.bundle/zh_TW.lproj/GMSCore.strings ... 
2023-07-17 06:16:24 +0000  3857 bytes for ./Payload/eLiift.app/GoogleMaps.bundle/GMSCoreResources.bundle/zh_TW.lproj/GMSCore.strings
copying file ./Payload/eLiift.app/GoogleMaps.bundle/GMSCoreResources.bundle/ic_closed_place_waypoint_alert_32pt@3x.png ... 
2023-07-17 06:16:24 +0000  1643 bytes for ./Payload/eLiift.app/GoogleMaps.bundle/GMSCoreResources.bundle/ic_closed_place_waypoint_alert_32pt@3x.png
2023-07-17 06:16:24 +0000  copying file ./Payload/eLiift.app/GoogleMaps.bundle/GMSCoreResources.bundle/GMSNavNightModeSprites-0-2x.png ... 
2023-07-17 06:16:24 +0000  7660 bytes for ./Payload/eLiift.app/GoogleMaps.bundle/GMSCoreResources.bundle/GMSNavNightModeSprites-0-2x.png
2023-07-17 06:16:24 +0000  copying file ./Payload/eLiift.app/GoogleMaps.bundle/GMSCoreResources.bundle/GMSNavNightModeSprites-0-3x.png ... 
2023-07-17 06:16:24 +0000  12519 bytes for ./Payload/eLiift.app/GoogleMaps.bundle/GMSCoreResources.bundle/GMSNavNightModeSprites-0-3x.png
copying file ./Payload/eLiift.app/GoogleMaps.bundle/GMSCoreResources.bundle/ic_closed_place_waypoint_alert_32pt@2x.png ... 
2023-07-17 06:16:24 +0000  1210 bytes for ./Payload/eLiift.app/GoogleMaps.bundle/GMSCoreResources.bundle/ic_closed_place_waypoint_alert_32pt@2x.png
2023-07-17 06:16:24 +0000  copying file ./Payload/eLiift.app/GoogleMaps.bundle/GMSCoreResources.bundle/en_GB.lproj/GMSCore.strings ... 
2023-07-17 06:16:24 +0000  4078 bytes for ./Payload/eLiift.app/GoogleMaps.bundle/GMSCoreResources.bundle/en_GB.lproj/GMSCore.strings
2023-07-17 06:16:24 +0000  copying file ./Payload/eLiift.app/GoogleMaps.bundle/GMSCoreResources.bundle/dav_one_way_16_256.png ... 
2023-07-17 06:16:24 +0000  315 bytes for ./Payload/eLiift.app/GoogleMaps.bundle/GMSCoreResources.bundle/dav_one_way_16_256.png
copying file ./Payload/eLiift.app/GoogleMaps.bundle/GMSCoreResources.bundle/road_2-1.png ... 
2023-07-17 06:16:24 +0000  84 bytes for ./Payload/eLiift.app/GoogleMaps.bundle/GMSCoreResources.bundle/road_2-1.png
copying file ./Payload/eLiift.app/GoogleMaps.bundle/GMSCoreResources.bundle/vi.lproj/GMSCore.strings ... 
2023-07-17 06:16:24 +0000  4232 bytes for ./Payload/eLiift.app/GoogleMaps.bundle/GMSCoreResources.bundle/vi.lproj/GMSCore.strings
copying file ./Payload/eLiift.app/GoogleMaps.bundle/GMSCoreResources.bundle/button_background@3x.png ... 
2023-07-17 06:16:24 +0000  515 bytes for ./Payload/eLiift.app/GoogleMaps.bundle/GMSCoreResources.bundle/button_background@3x.png
copying file ./Payload/eLiift.app/GoogleMaps.bundle/GMSCoreResources.bundle/road_32-8.png ... 
2023-07-17 06:16:24 +0000  223 bytes for ./Payload/eLiift.app/GoogleMaps.bundle/GMSCoreResources.bundle/road_32-8.png
2023-07-17 06:16:24 +0000  copying file ./Payload/eLiift.app/GoogleMaps.bundle/GMSCoreResources.bundle/lv.lproj/GMSCore.strings ... 
2023-07-17 06:16:24 +0000  4617 bytes for ./Payload/eLiift.app/GoogleMaps.bundle/GMSCoreResources.bundle/lv.lproj/GMSCore.strings
2023-07-17 06:16:24 +0000  copying file ./Payload/eLiift.app/GoogleMaps.bundle/GMSCoreResources.bundle/lt.lproj/GMSCore.strings ... 
2023-07-17 06:16:24 +0000  4321 bytes for ./Payload/eLiift.app/GoogleMaps.bundle/GMSCoreResources.bundle/lt.lproj/GMSCore.strings
2023-07-17 06:16:24 +0000  copying file ./Payload/eLiift.app/GoogleMaps.bundle/GMSCoreResources.bundle/ru.lproj/GMSCore.strings ... 
2023-07-17 06:16:24 +0000  4771 bytes for ./Payload/eLiift.app/GoogleMaps.bundle/GMSCoreResources.bundle/ru.lproj/GMSCore.strings
copying file ./Payload/eLiift.app/GoogleMaps.bundle/GMSCoreResources.bundle/GMSShaders.metallib ... 
2023-07-17 06:16:24 +0000  199844 bytes for ./Payload/eLiift.app/GoogleMaps.bundle/GMSCoreResources.bundle/GMSShaders.metallib
2023-07-17 06:16:24 +0000  copying file ./Payload/eLiift.app/GoogleMaps.bundle/GMSCoreResources.bundle/polyline_colors_texture_dim.png ... 
2023-07-17 06:16:24 +0000  7485 bytes for ./Payload/eLiift.app/GoogleMaps.bundle/GMSCoreResources.bundle/polyline_colors_texture_dim.png
2023-07-17 06:16:24 +0000  copying file ./Payload/eLiift.app/GoogleMaps.bundle/GMSCoreResources.bundle/ic_covid_checkpoint_waypoint_alert_32pt@3x.png ... 
2023-07-17 06:16:24 +0000  1826 bytes for ./Payload/eLiift.app/GoogleMaps.bundle/GMSCoreResources.bundle/ic_covid_checkpoint_waypoint_alert_32pt@3x.png
copying file ./Payload/eLiift.app/GoogleMaps.bundle/GMSCoreResources.bundle/ic_closed_place_waypoint_alert_night_32pt.png ... 
2023-07-17 06:16:24 +0000  435 bytes for ./Payload/eLiift.app/GoogleMaps.bundle/GMSCoreResources.bundle/ic_closed_place_waypoint_alert_night_32pt.png
2023-07-17 06:16:24 +0000  copying file ./Payload/eLiift.app/GoogleMaps.bundle/GMSCoreResources.bundle/fr_CA.lproj/GMSCore.strings ... 
2023-07-17 06:16:24 +0000  4335 bytes for ./Payload/eLiift.app/GoogleMaps.bundle/GMSCoreResources.bundle/fr_CA.lproj/GMSCore.strings
copying file ./Payload/eLiift.app/GoogleMaps.bundle/GMSCoreResources.bundle/ic_covid_checkpoint_waypoint_alert_night_32pt@3x.png ... 
1841 bytes for ./Payload/eLiift.app/GoogleMaps.bundle/GMSCoreResources.bundle/ic_covid_checkpoint_waypoint_alert_night_32pt@3x.png
copying file ./Payload/eLiift.app/GoogleMaps.bundle/GMSCoreResources.bundle/ic_compass_needle_32pt@2x.png ... 
1360 bytes for ./Payload/eLiift.app/GoogleMaps.bundle/GMSCoreResources.bundle/ic_compass_needle_32pt@2x.png
copying file ./Payload/eLiift.app/GoogleMaps.bundle/GMSCoreResources.bundle/road_128-32.png ... 
2023-07-17 06:16:24 +0000  1029 bytes for ./Payload/eLiift.app/GoogleMaps.bundle/GMSCoreResources.bundle/road_128-32.png
2023-07-17 06:16:24 +0000  copying file ./Payload/eLiift.app/GoogleMaps.bundle/GMSCoreResources.bundle/ic_covid_medical_waypoint_alert_32pt.png ... 
2023-07-17 06:16:24 +0000  441 bytes for ./Payload/eLiift.app/GoogleMaps.bundle/GMSCoreResources.bundle/ic_covid_medical_waypoint_alert_32pt.png
copying file ./Payload/eLiift.app/GoogleMaps.bundle/GMSCoreResources.bundle/fr.lproj/GMSCore.strings ... 
2023-07-17 06:16:24 +0000  4633 bytes for ./Payload/eLiift.app/GoogleMaps.bundle/GMSCoreResources.bundle/fr.lproj/GMSCore.strings
2023-07-17 06:16:24 +0000  copying file ./Payload/eLiift.app/GoogleMaps.bundle/GMSCoreResources.bundle/fi.lproj/GMSCore.strings ... 
2023-07-17 06:16:24 +0000  4286 bytes for ./Payload/eLiift.app/GoogleMaps.bundle/GMSCoreResources.bundle/fi.lproj/GMSCore.strings
2023-07-17 06:16:24 +0000  copying file ./Payload/eLiift.app/GoogleMaps.bundle/GMSCoreResources.bundle/id.lproj/GMSCore.strings ... 
2023-07-17 06:16:24 +0000  3954 bytes for ./Payload/eLiift.app/GoogleMaps.bundle/GMSCoreResources.bundle/id.lproj/GMSCore.strings
2023-07-17 06:16:24 +0000  copying file ./Payload/eLiift.app/GoogleMaps.bundle/GMSCoreResources.bundle/nl.lproj/GMSCore.strings ... 
2023-07-17 06:16:24 +0000  4144 bytes for ./Payload/eLiift.app/GoogleMaps.bundle/GMSCoreResources.bundle/nl.lproj/GMSCore.strings
2023-07-17 06:16:24 +0000  copying file ./Payload/eLiift.app/GoogleMaps.bundle/GMSCoreResources.bundle/th.lproj/GMSCore.strings ... 
2023-07-17 06:16:24 +0000  4157 bytes for ./Payload/eLiift.app/GoogleMaps.bundle/GMSCoreResources.bundle/th.lproj/GMSCore.strings
copying file ./Payload/eLiift.app/GoogleMaps.bundle/GMSCoreResources.bundle/ic_covid_medical_waypoint_alert_night_32pt@3x.png ... 
2023-07-17 06:16:24 +0000  1066 bytes for ./Payload/eLiift.app/GoogleMaps.bundle/GMSCoreResources.bundle/ic_covid_medical_waypoint_alert_night_32pt@3x.png
2023-07-17 06:16:24 +0000  copying file ./Payload/eLiift.app/GoogleMaps.bundle/GMSCoreResources.bundle/road_64-16.png ... 
425 bytes for ./Payload/eLiift.app/GoogleMaps.bundle/GMSCoreResources.bundle/road_64-16.png
2023-07-17 06:16:24 +0000  copying file ./Payload/eLiift.app/GoogleMaps.bundle/GMSCoreResources.bundle/GMSSprites-0-3x.png ... 
2023-07-17 06:16:24 +0000  61437 bytes for ./Payload/eLiift.app/GoogleMaps.bundle/GMSCoreResources.bundle/GMSSprites-0-3x.png
2023-07-17 06:16:24 +0000  copying file ./Payload/eLiift.app/GoogleMaps.bundle/GMSCoreResources.bundle/polyline_colors_texture.png ... 
2023-07-17 06:16:24 +0000  7433 bytes for ./Payload/eLiift.app/GoogleMaps.bundle/GMSCoreResources.bundle/polyline_colors_texture.png
2023-07-17 06:16:24 +0000  copying file ./Payload/eLiift.app/GoogleMaps.bundle/GMSCoreResources.bundle/ic_compass_needle.png ... 
2023-07-17 06:16:24 +0000  483 bytes for ./Payload/eLiift.app/GoogleMaps.bundle/GMSCoreResources.bundle/ic_compass_needle.png
copying file ./Payload/eLiift.app/GoogleMaps.bundle/GMSCoreResources.bundle/pt.lproj/GMSCore.strings ... 
2023-07-17 06:16:24 +0000  4388 bytes for ./Payload/eLiift.app/GoogleMaps.bundle/GMSCoreResources.bundle/pt.lproj/GMSCore.strings
2023-07-17 06:16:24 +0000  copying file ./Payload/eLiift.app/GoogleMaps.bundle/GMSCoreResources.bundle/GMSShadersSim.metallib ... 
2023-07-17 06:16:24 +0000  200964 bytes for ./Payload/eLiift.app/GoogleMaps.bundle/GMSCoreResources.bundle/GMSShadersSim.metallib
2023-07-17 06:16:24 +0000  copying file ./Payload/eLiift.app/GoogleMaps.bundle/GMSCoreResources.bundle/ic_covid_border_waypoint_alert_32pt@2x.png ... 
2023-07-17 06:16:24 +0000  1012 bytes for ./Payload/eLiift.app/GoogleMaps.bundle/GMSCoreResources.bundle/ic_covid_border_waypoint_alert_32pt@2x.png
copying file ./Payload/eLiift.app/GoogleMaps.bundle/GMSCoreResources.bundle/ic_closed_place_waypoint_alert_night_32pt@2x.png ... 
2023-07-17 06:16:24 +0000  1069 bytes for ./Payload/eLiift.app/GoogleMaps.bundle/GMSCoreResources.bundle/ic_closed_place_waypoint_alert_night_32pt@2x.png
copying file ./Payload/eLiift.app/GoogleMaps.bundle/GMSCoreResources.bundle/road_1-1.png ... 
2023-07-17 06:16:24 +0000  95 bytes for ./Payload/eLiift.app/GoogleMaps.bundle/GMSCoreResources.bundle/road_1-1.png
copying file ./Payload/eLiift.app/GoogleMaps.bundle/GMSCoreResources.bundle/ic_location_off.png ... 
2023-07-17 06:16:24 +0000  498 bytes for ./Payload/eLiift.app/GoogleMaps.bundle/GMSCoreResources.bundle/ic_location_off.png
copying file ./Payload/eLiift.app/GoogleMaps.bundle/GMSCoreResources.bundle/ic_covid_border_waypoint_alert_32pt@3x.png ... 
2023-07-17 06:16:24 +0000  1353 bytes for ./Payload/eLiift.app/GoogleMaps.bundle/GMSCoreResources.bundle/ic_covid_border_waypoint_alert_32pt@3x.png
2023-07-17 06:16:24 +0000  copying file ./Payload/eLiift.app/GoogleMaps.bundle/GMSCoreResources.bundle/ic_closed_place_waypoint_alert_night_32pt@3x.png ... 
1472 bytes for ./Payload/eLiift.app/GoogleMaps.bundle/GMSCoreResources.bundle/ic_closed_place_waypoint_alert_night_32pt@3x.png
2023-07-17 06:16:24 +0000  copying file ./Payload/eLiift.app/GoogleMaps.bundle/GMSCoreResources.bundle/ro.lproj/GMSCore.strings ... 
2023-07-17 06:16:24 +0000  4491 bytes for ./Payload/eLiift.app/GoogleMaps.bundle/GMSCoreResources.bundle/ro.lproj/GMSCore.strings
2023-07-17 06:16:24 +0000  copying file ./Payload/eLiift.app/GoogleMaps.bundle/GMSCoreResources.bundle/Info.plist ... 
2023-07-17 06:16:24 +0000  364 bytes for ./Payload/eLiift.app/GoogleMaps.bundle/GMSCoreResources.bundle/Info.plist
copying file ./Payload/eLiift.app/GoogleMaps.bundle/GMSCoreResources.bundle/GMSSprites-0-2x.png ... 
2023-07-17 06:16:24 +0000  40485 bytes for ./Payload/eLiift.app/GoogleMaps.bundle/GMSCoreResources.bundle/GMSSprites-0-2x.png
copying file ./Payload/eLiift.app/GoogleMaps.bundle/GMSCoreResources.bundle/ic_covid_medical_waypoint_alert_night_32pt.png ... 
2023-07-17 06:16:24 +0000  382 bytes for ./Payload/eLiift.app/GoogleMaps.bundle/GMSCoreResources.bundle/ic_covid_medical_waypoint_alert_night_32pt.png
copying file ./Payload/eLiift.app/GoogleMaps.bundle/GMSCoreResources.bundle/ic_covid_checkpoint_waypoint_alert_32pt.png ... 
2023-07-17 06:16:24 +0000  601 bytes for ./Payload/eLiift.app/GoogleMaps.bundle/GMSCoreResources.bundle/ic_covid_checkpoint_waypoint_alert_32pt.png
2023-07-17 06:16:24 +0000  copying file ./Payload/eLiift.app/GoogleMaps.bundle/GMSCoreResources.bundle/ic_covid_medical_waypoint_alert_night_32pt@2x.png ... 
2023-07-17 06:16:24 +0000  825 bytes for ./Payload/eLiift.app/GoogleMaps.bundle/GMSCoreResources.bundle/ic_covid_medical_waypoint_alert_night_32pt@2x.png
copying file ./Payload/eLiift.app/GoogleMaps.bundle/GMSCoreResources.bundle/button_compass_night@2x.png ... 
2023-07-17 06:16:24 +0000  2221 bytes for ./Payload/eLiift.app/GoogleMaps.bundle/GMSCoreResources.bundle/button_compass_night@2x.png
copying file ./Payload/eLiift.app/GoogleMaps.bundle/GMSCoreResources.bundle/button_compass@2x.png ... 
2023-07-17 06:16:24 +0000  2560 bytes for ./Payload/eLiift.app/GoogleMaps.bundle/GMSCoreResources.bundle/button_compass@2x.png
2023-07-17 06:16:24 +0000  copying file ./Payload/eLiift.app/GoogleMaps.bundle/GMSCoreResources.bundle/hr.lproj/GMSCore.strings ... 
2023-07-17 06:16:24 +0000  4264 bytes for ./Payload/eLiift.app/GoogleMaps.bundle/GMSCoreResources.bundle/hr.lproj/GMSCore.strings
2023-07-17 06:16:24 +0000  copying file ./Payload/eLiift.app/GoogleMaps.bundle/GMSCoreResources.bundle/hi.lproj/GMSCore.strings ... 
2023-07-17 06:16:24 +0000  4242 bytes for ./Payload/eLiift.app/GoogleMaps.bundle/GMSCoreResources.bundle/hi.lproj/GMSCore.strings
2023-07-17 06:16:24 +0000  copying file ./Payload/eLiift.app/GoogleMaps.bundle/GMSCoreResources.bundle/ca.lproj/GMSCore.strings ... 
2023-07-17 06:16:24 +0000  4274 bytes for ./Payload/eLiift.app/GoogleMaps.bundle/GMSCoreResources.bundle/ca.lproj/GMSCore.strings
2023-07-17 06:16:24 +0000  copying file ./Payload/eLiift.app/GoogleMaps.bundle/GMSCoreResources.bundle/ic_compass_needle_32pt@3x.png ... 
2023-07-17 06:16:24 +0000  1962 bytes for ./Payload/eLiift.app/GoogleMaps.bundle/GMSCoreResources.bundle/ic_compass_needle_32pt@3x.png
copying file ./Payload/eLiift.app/GoogleMaps.bundle/GMSCoreResources.bundle/ic_covid_checkpoint_waypoint_alert_night_32pt@2x.png ... 
2023-07-17 06:16:24 +0000  1380 bytes for ./Payload/eLiift.app/GoogleMaps.bundle/GMSCoreResources.bundle/ic_covid_checkpoint_waypoint_alert_night_32pt@2x.png
2023-07-17 06:16:24 +0000  copying file ./Payload/eLiift.app/GoogleMaps.bundle/default_marker.png ... 
2023-07-17 06:16:24 +0000  1379 bytes for ./Payload/eLiift.app/GoogleMaps.bundle/default_marker.png
copying file ./Payload/eLiift.app/GoogleMaps.bundle/ic_error@3x.png ... 
2023-07-17 06:16:24 +0000  743 bytes for ./Payload/eLiift.app/GoogleMaps.bundle/ic_error@3x.png
copying file ./Payload/eLiift.app/GoogleMaps.bundle/oss_licenses_maps.txt.gz ... 
2023-07-17 06:16:24 +0000  21968 bytes for ./Payload/eLiift.app/GoogleMaps.bundle/oss_licenses_maps.txt.gz
copying file ./Payload/eLiift.app/GoogleMaps.bundle/Assets.car ... 
2023-07-17 06:16:24 +0000  52447 bytes for ./Payload/eLiift.app/GoogleMaps.bundle/Assets.car
copying file ./Payload/eLiift.app/GoogleMaps.bundle/bubble_right.png ... 
2023-07-17 06:16:24 +0000  455 bytes for ./Payload/eLiift.app/GoogleMaps.bundle/bubble_right.png
copying file ./Payload/eLiift.app/GoogleMaps.bundle/default_marker@3x.png ... 
2023-07-17 06:16:24 +0000  4275 bytes for ./Payload/eLiift.app/GoogleMaps.bundle/default_marker@3x.png
copying file ./Payload/eLiift.app/GoogleMaps.bundle/default_marker@2x.png ... 
2023-07-17 06:16:24 +0000  2815 bytes for ./Payload/eLiift.app/GoogleMaps.bundle/default_marker@2x.png
copying file ./Payload/eLiift.app/GoogleMaps.bundle/ic_error@2x.png ... 
2023-07-17 06:16:24 +0000  454 bytes for ./Payload/eLiift.app/GoogleMaps.bundle/ic_error@2x.png
2023-07-17 06:16:24 +0000  copying file ./Payload/eLiift.app/GoogleMaps.bundle/GMSCacheStorage.momd/Storage.mom ... 
2023-07-17 06:16:24 +0000  4615 bytes for ./Payload/eLiift.app/GoogleMaps.bundle/GMSCacheStorage.momd/Storage.mom
copying file ./Payload/eLiift.app/GoogleMaps.bundle/GMSCacheStorage.momd/VersionInfo.plist ... 
2023-07-17 06:16:24 +0000  1197 bytes for ./Payload/eLiift.app/GoogleMaps.bundle/GMSCacheStorage.momd/VersionInfo.plist
2023-07-17 06:16:24 +0000  copying file ./Payload/eLiift.app/GoogleMaps.bundle/GMSCacheStorage.momd/StorageWithTileProto.mom ... 
2023-07-17 06:16:24 +0000  5211 bytes for ./Payload/eLiift.app/GoogleMaps.bundle/GMSCacheStorage.momd/StorageWithTileProto.mom
copying file ./Payload/eLiift.app/GoogleMaps.bundle/GMSCacheStorage.momd/StorageWithTileVersionID.mom ... 
2023-07-17 06:16:24 +0000  4721 bytes for ./Payload/eLiift.app/GoogleMaps.bundle/GMSCacheStorage.momd/StorageWithTileVersionID.mom
copying file ./Payload/eLiift.app/GoogleMaps.bundle/Info.plist ... 
2023-07-17 06:16:24 +0000  368 bytes for ./Payload/eLiift.app/GoogleMaps.bundle/Info.plist
copying file ./Payload/eLiift.app/FloatingTextView.nib ... 
2023-07-17 06:16:24 +0000  5716 bytes for ./Payload/eLiift.app/FloatingTextView.nib
copying file ./Payload/eLiift.app/Loading.json ... 
2023-07-17 06:16:24 +0000  5079 bytes for ./Payload/eLiift.app/Loading.json
2023-07-17 06:16:24 +0000  copying file ./Payload/eLiift.app/Payments.storyboardc/RedeemVC.nib/objects-13.0+.nib ... 
2023-07-17 06:16:24 +0000  1004 bytes for ./Payload/eLiift.app/Payments.storyboardc/RedeemVC.nib/objects-13.0+.nib
2023-07-17 06:16:24 +0000  copying file ./Payload/eLiift.app/Payments.storyboardc/RedeemVC.nib/runtime.nib ... 
2023-07-17 06:16:24 +0000  1004 bytes for ./Payload/eLiift.app/Payments.storyboardc/RedeemVC.nib/runtime.nib
copying file ./Payload/eLiift.app/Payments.storyboardc/aw7-M0-eLk-view-DnS-vl-vQd.nib/objects-13.0+.nib ... 
2023-07-17 06:16:24 +0000  6729 bytes for ./Payload/eLiift.app/Payments.storyboardc/aw7-M0-eLk-view-DnS-vl-vQd.nib/objects-13.0+.nib
copying file ./Payload/eLiift.app/Payments.storyboardc/aw7-M0-eLk-view-DnS-vl-vQd.nib/runtime.nib ... 
2023-07-17 06:16:24 +0000  7517 bytes for ./Payload/eLiift.app/Payments.storyboardc/aw7-M0-eLk-view-DnS-vl-vQd.nib/runtime.nib
2023-07-17 06:16:24 +0000  copying file ./Payload/eLiift.app/Payments.storyboardc/TransferVC.nib/objects-13.0+.nib ... 
2023-07-17 06:16:24 +0000  1009 bytes for ./Payload/eLiift.app/Payments.storyboardc/TransferVC.nib/objects-13.0+.nib
copying file ./Payload/eLiift.app/Payments.storyboardc/TransferVC.nib/runtime.nib ... 
2023-07-17 06:16:24 +0000  1009 bytes for ./Payload/eLiift.app/Payments.storyboardc/TransferVC.nib/runtime.nib
2023-07-17 06:16:24 +0000  copying file ./Payload/eLiift.app/Payments.storyboardc/i4d-KL-P67-view-r1H-dI-gpn.nib/objects-13.0+.nib ... 
2023-07-17 06:16:24 +0000  11097 bytes for ./Payload/eLiift.app/Payments.storyboardc/i4d-KL-P67-view-r1H-dI-gpn.nib/objects-13.0+.nib
copying file ./Payload/eLiift.app/Payments.storyboardc/i4d-KL-P67-view-r1H-dI-gpn.nib/runtime.nib ... 
2023-07-17 06:16:24 +0000  12102 bytes for ./Payload/eLiift.app/Payments.storyboardc/i4d-KL-P67-view-r1H-dI-gpn.nib/runtime.nib
2023-07-17 06:16:24 +0000  copying file ./Payload/eLiift.app/Payments.storyboardc/c6r-X1-14p-view-tHn-qc-1AD.nib/objects-13.0+.nib ... 
2023-07-17 06:16:24 +0000  18380 bytes for ./Payload/eLiift.app/Payments.storyboardc/c6r-X1-14p-view-tHn-qc-1AD.nib/objects-13.0+.nib
copying file ./Payload/eLiift.app/Payments.storyboardc/c6r-X1-14p-view-tHn-qc-1AD.nib/runtime.nib ... 
2023-07-17 06:16:24 +0000  19194 bytes for ./Payload/eLiift.app/Payments.storyboardc/c6r-X1-14p-view-tHn-qc-1AD.nib/runtime.nib
2023-07-17 06:16:24 +0000  copying file ./Payload/eLiift.app/Payments.storyboardc/PaymentPageControllerVC.nib/objects-13.0+.nib ... 
2023-07-17 06:16:24 +0000  1035 bytes for ./Payload/eLiift.app/Payments.storyboardc/PaymentPageControllerVC.nib/objects-13.0+.nib
copying file ./Payload/eLiift.app/Payments.storyboardc/PaymentPageControllerVC.nib/runtime.nib ... 
2023-07-17 06:16:24 +0000  1035 bytes for ./Payload/eLiift.app/Payments.storyboardc/PaymentPageControllerVC.nib/runtime.nib
2023-07-17 06:16:24 +0000  copying file ./Payload/eLiift.app/Payments.storyboardc/TransactionVC.nib/objects-13.0+.nib ... 
2023-07-17 06:16:24 +0000  1015 bytes for ./Payload/eLiift.app/Payments.storyboardc/TransactionVC.nib/objects-13.0+.nib
copying file ./Payload/eLiift.app/Payments.storyboardc/TransactionVC.nib/runtime.nib ... 
2023-07-17 06:16:24 +0000  1015 bytes for ./Payload/eLiift.app/Payments.storyboardc/TransactionVC.nib/runtime.nib
2023-07-17 06:16:24 +0000  copying file ./Payload/eLiift.app/Payments.storyboardc/kfM-mO-9KK-view-0DK-g7-7kN.nib/objects-13.0+.nib ... 
2023-07-17 06:16:24 +0000  6728 bytes for ./Payload/eLiift.app/Payments.storyboardc/kfM-mO-9KK-view-0DK-g7-7kN.nib/objects-13.0+.nib
copying file ./Payload/eLiift.app/Payments.storyboardc/kfM-mO-9KK-view-0DK-g7-7kN.nib/runtime.nib ... 
2023-07-17 06:16:24 +0000  7200 bytes for ./Payload/eLiift.app/Payments.storyboardc/kfM-mO-9KK-view-0DK-g7-7kN.nib/runtime.nib
2023-07-17 06:16:24 +0000  copying file ./Payload/eLiift.app/Payments.storyboardc/RechargeVC.nib/objects-13.0+.nib ... 
2023-07-17 06:16:24 +0000  1009 bytes for ./Payload/eLiift.app/Payments.storyboardc/RechargeVC.nib/objects-13.0+.nib
copying file ./Payload/eLiift.app/Payments.storyboardc/RechargeVC.nib/runtime.nib ... 
2023-07-17 06:16:24 +0000  1009 bytes for ./Payload/eLiift.app/Payments.storyboardc/RechargeVC.nib/runtime.nib
2023-07-17 06:16:24 +0000  copying file ./Payload/eLiift.app/Payments.storyboardc/754-Zj-Ezy-view-3i3-lS-uip.nib/objects-13.0+.nib ... 
2023-07-17 06:16:24 +0000  14404 bytes for ./Payload/eLiift.app/Payments.storyboardc/754-Zj-Ezy-view-3i3-lS-uip.nib/objects-13.0+.nib
copying file ./Payload/eLiift.app/Payments.storyboardc/754-Zj-Ezy-view-3i3-lS-uip.nib/runtime.nib ... 
2023-07-17 06:16:24 +0000  15524 bytes for ./Payload/eLiift.app/Payments.storyboardc/754-Zj-Ezy-view-3i3-lS-uip.nib/runtime.nib
2023-07-17 06:16:24 +0000  copying file ./Payload/eLiift.app/Payments.storyboardc/DonateVC.nib/objects-13.0+.nib ... 
2023-07-17 06:16:24 +0000  1004 bytes for ./Payload/eLiift.app/Payments.storyboardc/DonateVC.nib/objects-13.0+.nib
copying file ./Payload/eLiift.app/Payments.storyboardc/DonateVC.nib/runtime.nib ... 
2023-07-17 06:16:24 +0000  1004 bytes for ./Payload/eLiift.app/Payments.storyboardc/DonateVC.nib/runtime.nib
2023-07-17 06:16:24 +0000  copying file ./Payload/eLiift.app/Payments.storyboardc/7Sy-9F-6Yn-view-05B-vQ-Gb3.nib/objects-13.0+.nib ... 
2023-07-17 06:16:24 +0000  24630 bytes for ./Payload/eLiift.app/Payments.storyboardc/7Sy-9F-6Yn-view-05B-vQ-Gb3.nib/objects-13.0+.nib
copying file ./Payload/eLiift.app/Payments.storyboardc/7Sy-9F-6Yn-view-05B-vQ-Gb3.nib/runtime.nib ... 
2023-07-17 06:16:24 +0000  26408 bytes for ./Payload/eLiift.app/Payments.storyboardc/7Sy-9F-6Yn-view-05B-vQ-Gb3.nib/runtime.nib
copying file ./Payload/eLiift.app/Payments.storyboardc/Info.plist ... 
2023-07-17 06:16:24 +0000  299 bytes for ./Payload/eLiift.app/Payments.storyboardc/Info.plist
2023-07-17 06:16:24 +0000  copying file ./Payload/eLiift.app/AccountCustomView.nib/objects-13.0+.nib ... 
2023-07-17 06:16:24 +0000  11657 bytes for ./Payload/eLiift.app/AccountCustomView.nib/objects-13.0+.nib
copying file ./Payload/eLiift.app/AccountCustomView.nib/runtime.nib ... 
2023-07-17 06:16:24 +0000  12294 bytes for ./Payload/eLiift.app/AccountCustomView.nib/runtime.nib
copying file ./Payload/eLiift.app/UserCell.nib ... 
2023-07-17 06:16:24 +0000  6788 bytes for ./Payload/eLiift.app/UserCell.nib
copying file ./Payload/eLiift.app/AppIcon60x60@2x.png ... 
2023-07-17 06:16:24 +0000  8872 bytes for ./Payload/eLiift.app/AppIcon60x60@2x.png
copying file ./Payload/eLiift.app/AddressCell.nib ... 
2023-07-17 06:16:24 +0000  4745 bytes for ./Payload/eLiift.app/AddressCell.nib
2023-07-17 06:16:24 +0000  copying file ./Payload/eLiift.app/SettingustomViews.nib/objects-13.0+.nib ... 
2023-07-17 06:16:24 +0000  41029 bytes for ./Payload/eLiift.app/SettingustomViews.nib/objects-13.0+.nib
copying file ./Payload/eLiift.app/SettingustomViews.nib/runtime.nib ... 
2023-07-17 06:16:24 +0000  42987 bytes for ./Payload/eLiift.app/SettingustomViews.nib/runtime.nib
2023-07-17 06:16:24 +0000  copying file ./Payload/eLiift.app/SettingustomViews.nib/objects-14.0+.nib ... 
2023-07-17 06:16:24 +0000  38956 bytes for ./Payload/eLiift.app/SettingustomViews.nib/objects-14.0+.nib
2023-07-17 06:16:24 +0000  copying file ./Payload/eLiift.app/GoogleService-Info.plist ... 
736 bytes for ./Payload/eLiift.app/GoogleService-Info.plist
2023-07-17 06:16:24 +0000  copying file ./Payload/eLiift.app/done.json ... 
2023-07-17 06:16:24 +0000  3790 bytes for ./Payload/eLiift.app/done.json
2023-07-17 06:16:24 +0000  copying file ./Payload/eLiift.app/Base.lproj/Main.storyboardc/OfflineVC.nib/objects-13.0+.nib ... 
2023-07-17 06:16:24 +0000  1006 bytes for ./Payload/eLiift.app/Base.lproj/Main.storyboardc/OfflineVC.nib/objects-13.0+.nib
copying file ./Payload/eLiift.app/Base.lproj/Main.storyboardc/OfflineVC.nib/runtime.nib ... 
2023-07-17 06:16:24 +0000  1006 bytes for ./Payload/eLiift.app/Base.lproj/Main.storyboardc/OfflineVC.nib/runtime.nib
2023-07-17 06:16:24 +0000  copying file ./Payload/eLiift.app/Base.lproj/Main.storyboardc/ViewController.nib/objects-13.0+.nib ... 
2023-07-17 06:16:24 +0000  1209 bytes for ./Payload/eLiift.app/Base.lproj/Main.storyboardc/ViewController.nib/objects-13.0+.nib
copying file ./Payload/eLiift.app/Base.lproj/Main.storyboardc/ViewController.nib/runtime.nib ... 
2023-07-17 06:16:24 +0000  1209 bytes for ./Payload/eLiift.app/Base.lproj/Main.storyboardc/ViewController.nib/runtime.nib
2023-07-17 06:16:24 +0000  copying file ./Payload/eLiift.app/Base.lproj/Main.storyboardc/6xS-5o-FUo-view-aOh-pr-tPq.nib/objects-13.0+.nib ... 
2023-07-17 06:16:24 +0000  4957 bytes for ./Payload/eLiift.app/Base.lproj/Main.storyboardc/6xS-5o-FUo-view-aOh-pr-tPq.nib/objects-13.0+.nib
copying file ./Payload/eLiift.app/Base.lproj/Main.storyboardc/6xS-5o-FUo-view-aOh-pr-tPq.nib/runtime.nib ... 
2023-07-17 06:16:24 +0000  5365 bytes for ./Payload/eLiift.app/Base.lproj/Main.storyboardc/6xS-5o-FUo-view-aOh-pr-tPq.nib/runtime.nib
2023-07-17 06:16:24 +0000  copying file ./Payload/eLiift.app/Base.lproj/Main.storyboardc/SplashVC.nib/objects-13.0+.nib ... 
2023-07-17 06:16:24 +0000  965 bytes for ./Payload/eLiift.app/Base.lproj/Main.storyboardc/SplashVC.nib/objects-13.0+.nib
copying file ./Payload/eLiift.app/Base.lproj/Main.storyboardc/SplashVC.nib/runtime.nib ... 
2023-07-17 06:16:24 +0000  965 bytes for ./Payload/eLiift.app/Base.lproj/Main.storyboardc/SplashVC.nib/runtime.nib
2023-07-17 06:16:24 +0000  copying file ./Payload/eLiift.app/Base.lproj/Main.storyboardc/BYZ-38-t0r-view-8bC-Xf-vdC.nib/objects-13.0+.nib ... 
2023-07-17 06:16:24 +0000  7447 bytes for ./Payload/eLiift.app/Base.lproj/Main.storyboardc/BYZ-38-t0r-view-8bC-Xf-vdC.nib/objects-13.0+.nib
copying file ./Payload/eLiift.app/Base.lproj/Main.storyboardc/BYZ-38-t0r-view-8bC-Xf-vdC.nib/runtime.nib ... 
2023-07-17 06:16:24 +0000  8264 bytes for ./Payload/eLiift.app/Base.lproj/Main.storyboardc/BYZ-38-t0r-view-8bC-Xf-vdC.nib/runtime.nib
2023-07-17 06:16:24 +0000  copying file ./Payload/eLiift.app/Base.lproj/Main.storyboardc/4oF-yQ-CrY-view-aS5-1O-kZx.nib/objects-13.0+.nib ... 
2023-07-17 06:16:24 +0000  3468 bytes for ./Payload/eLiift.app/Base.lproj/Main.storyboardc/4oF-yQ-CrY-view-aS5-1O-kZx.nib/objects-13.0+.nib
2023-07-17 06:16:24 +0000  copying file ./Payload/eLiift.app/Base.lproj/Main.storyboardc/4oF-yQ-CrY-view-aS5-1O-kZx.nib/runtime.nib ... 
2023-07-17 06:16:24 +0000  3868 bytes for ./Payload/eLiift.app/Base.lproj/Main.storyboardc/4oF-yQ-CrY-view-aS5-1O-kZx.nib/runtime.nib
2023-07-17 06:16:24 +0000  copying file ./Payload/eLiift.app/Base.lproj/Main.storyboardc/Roc-z3-bOR-view-fsh-3K-dJL.nib/objects-13.0+.nib ... 
2023-07-17 06:16:24 +0000  6828 bytes for ./Payload/eLiift.app/Base.lproj/Main.storyboardc/Roc-z3-bOR-view-fsh-3K-dJL.nib/objects-13.0+.nib
2023-07-17 06:16:24 +0000  copying file ./Payload/eLiift.app/Base.lproj/Main.storyboardc/Roc-z3-bOR-view-fsh-3K-dJL.nib/runtime.nib ... 
2023-07-17 06:16:24 +0000  7255 bytes for ./Payload/eLiift.app/Base.lproj/Main.storyboardc/Roc-z3-bOR-view-fsh-3K-dJL.nib/runtime.nib
2023-07-17 06:16:24 +0000  copying file ./Payload/eLiift.app/Base.lproj/Main.storyboardc/AlertVC.nib/objects-13.0+.nib ... 
2023-07-17 06:16:24 +0000  1002 bytes for ./Payload/eLiift.app/Base.lproj/Main.storyboardc/AlertVC.nib/objects-13.0+.nib
2023-07-17 06:16:24 +0000  copying file ./Payload/eLiift.app/Base.lproj/Main.storyboardc/AlertVC.nib/runtime.nib ... 
2023-07-17 06:16:24 +0000  1002 bytes for ./Payload/eLiift.app/Base.lproj/Main.storyboardc/AlertVC.nib/runtime.nib
2023-07-17 06:16:24 +0000  copying file ./Payload/eLiift.app/Base.lproj/Main.storyboardc/mTJ-71-3Rf-view-TWT-lG-y9E.nib/objects-13.0+.nib ... 
2023-07-17 06:16:24 +0000  6480 bytes for ./Payload/eLiift.app/Base.lproj/Main.storyboardc/mTJ-71-3Rf-view-TWT-lG-y9E.nib/objects-13.0+.nib
copying file ./Payload/eLiift.app/Base.lproj/Main.storyboardc/mTJ-71-3Rf-view-TWT-lG-y9E.nib/runtime.nib ... 
2023-07-17 06:16:24 +0000  6988 bytes for ./Payload/eLiift.app/Base.lproj/Main.storyboardc/mTJ-71-3Rf-view-TWT-lG-y9E.nib/runtime.nib
2023-07-17 06:16:24 +0000  copying file ./Payload/eLiift.app/Base.lproj/Main.storyboardc/Info.plist ... 
2023-07-17 06:16:24 +0000  295 bytes for ./Payload/eLiift.app/Base.lproj/Main.storyboardc/Info.plist
2023-07-17 06:16:24 +0000  copying file ./Payload/eLiift.app/Base.lproj/Main.storyboardc/ForceLogoutVC.nib/objects-13.0+.nib ... 
2023-07-17 06:16:24 +0000  1015 bytes for ./Payload/eLiift.app/Base.lproj/Main.storyboardc/ForceLogoutVC.nib/objects-13.0+.nib
copying file ./Payload/eLiift.app/Base.lproj/Main.storyboardc/ForceLogoutVC.nib/runtime.nib ... 
2023-07-17 06:16:24 +0000  1015 bytes for ./Payload/eLiift.app/Base.lproj/Main.storyboardc/ForceLogoutVC.nib/runtime.nib
2023-07-17 06:16:24 +0000  copying file ./Payload/eLiift.app/GooglePlaces.bundle/de.lproj/GooglePlaces.strings ... 
2023-07-17 06:16:24 +0000  4440 bytes for ./Payload/eLiift.app/GooglePlaces.bundle/de.lproj/GooglePlaces.strings
2023-07-17 06:16:24 +0000  copying file ./Payload/eLiift.app/GooglePlaces.bundle/he.lproj/GooglePlaces.strings ... 
2023-07-17 06:16:24 +0000  5000 bytes for ./Payload/eLiift.app/GooglePlaces.bundle/he.lproj/GooglePlaces.strings
2023-07-17 06:16:24 +0000  copying file ./Payload/eLiift.app/GooglePlaces.bundle/en_AU.lproj/GooglePlaces.strings ... 
2023-07-17 06:16:24 +0000  4090 bytes for ./Payload/eLiift.app/GooglePlaces.bundle/en_AU.lproj/GooglePlaces.strings
2023-07-17 06:16:24 +0000  copying file ./Payload/eLiift.app/GooglePlaces.bundle/ar.lproj/GooglePlaces.strings ... 
2023-07-17 06:16:24 +0000  5106 bytes for ./Payload/eLiift.app/GooglePlaces.bundle/ar.lproj/GooglePlaces.strings
2023-07-17 06:16:24 +0000  copying file ./Payload/eLiift.app/GooglePlaces.bundle/el.lproj/GooglePlaces.strings ... 
2023-07-17 06:16:24 +0000  5898 bytes for ./Payload/eLiift.app/GooglePlaces.bundle/el.lproj/GooglePlaces.strings
2023-07-17 06:16:24 +0000  copying file ./Payload/eLiift.app/GooglePlaces.bundle/ja.lproj/GooglePlaces.strings ... 
2023-07-17 06:16:24 +0000  3949 bytes for ./Payload/eLiift.app/GooglePlaces.bundle/ja.lproj/GooglePlaces.strings
2023-07-17 06:16:24 +0000  copying file ./Payload/eLiift.app/GooglePlaces.bundle/sq.lproj/GooglePlaces.strings ... 
2023-07-17 06:16:24 +0000  4856 bytes for ./Payload/eLiift.app/GooglePlaces.bundle/sq.lproj/GooglePlaces.strings
2023-07-17 06:16:24 +0000  copying file ./Payload/eLiift.app/GooglePlaces.bundle/en.lproj/GooglePlaces.strings ... 
2023-07-17 06:16:24 +0000  4114 bytes for ./Payload/eLiift.app/GooglePlaces.bundle/en.lproj/GooglePlaces.strings
2023-07-17 06:16:24 +0000  copying file ./Payload/eLiift.app/GooglePlaces.bundle/uk.lproj/GooglePlaces.strings ... 
2023-07-17 06:16:24 +0000  5569 bytes for ./Payload/eLiift.app/GooglePlaces.bundle/uk.lproj/GooglePlaces.strings
2023-07-17 06:16:24 +0000  copying file ./Payload/eLiift.app/GooglePlaces.bundle/es_419.lproj/GooglePlaces.strings ... 
2023-07-17 06:16:24 +0000  5076 bytes for ./Payload/eLiift.app/GooglePlaces.bundle/es_419.lproj/GooglePlaces.strings
2023-07-17 06:16:24 +0000  copying file ./Payload/eLiift.app/GooglePlaces.bundle/es_MX.lproj/GooglePlaces.strings ... 
2023-07-17 06:16:24 +0000  5076 bytes for ./Payload/eLiift.app/GooglePlaces.bundle/es_MX.lproj/GooglePlaces.strings
2023-07-17 06:16:24 +0000  copying file ./Payload/eLiift.app/GooglePlaces.bundle/zh_CN.lproj/GooglePlaces.strings ... 
2023-07-17 06:16:24 +0000  3634 bytes for ./Payload/eLiift.app/GooglePlaces.bundle/zh_CN.lproj/GooglePlaces.strings
2023-07-17 06:16:24 +0000  copying file ./Payload/eLiift.app/GooglePlaces.bundle/nb.lproj/GooglePlaces.strings ... 
2023-07-17 06:16:24 +0000  4273 bytes for ./Payload/eLiift.app/GooglePlaces.bundle/nb.lproj/GooglePlaces.strings
2023-07-17 06:16:24 +0000  copying file ./Payload/eLiift.app/GooglePlaces.bundle/es.lproj/GooglePlaces.strings ... 
2023-07-17 06:16:24 +0000  5170 bytes for ./Payload/eLiift.app/GooglePlaces.bundle/es.lproj/GooglePlaces.strings
2023-07-17 06:16:24 +0000  copying file ./Payload/eLiift.app/GooglePlaces.bundle/sw.lproj/GooglePlaces.strings ... 
2023-07-17 06:16:24 +0000  4554 bytes for ./Payload/eLiift.app/GooglePlaces.bundle/sw.lproj/GooglePlaces.strings
2023-07-17 06:16:24 +0000  copying file ./Payload/eLiift.app/GooglePlaces.bundle/pt_BR.lproj/GooglePlaces.strings ... 
2023-07-17 06:16:24 +0000  4963 bytes for ./Payload/eLiift.app/GooglePlaces.bundle/pt_BR.lproj/GooglePlaces.strings
2023-07-17 06:16:24 +0000  copying file ./Payload/eLiift.app/GooglePlaces.bundle/da.lproj/GooglePlaces.strings ... 
2023-07-17 06:16:24 +0000  4364 bytes for ./Payload/eLiift.app/GooglePlaces.bundle/da.lproj/GooglePlaces.strings
2023-07-17 06:16:24 +0000  copying file ./Payload/eLiift.app/GooglePlaces.bundle/it.lproj/GooglePlaces.strings ... 
2023-07-17 06:16:24 +0000  4506 bytes for ./Payload/eLiift.app/GooglePlaces.bundle/it.lproj/GooglePlaces.strings
2023-07-17 06:16:24 +0000  copying file ./Payload/eLiift.app/GooglePlaces.bundle/oss_licenses_places.txt.gz ... 
2023-07-17 06:16:24 +0000  6827 bytes for ./Payload/eLiift.app/GooglePlaces.bundle/oss_licenses_places.txt.gz
2023-07-17 06:16:24 +0000  copying file ./Payload/eLiift.app/GooglePlaces.bundle/sad_cloud@2x.png ... 
2023-07-17 06:16:24 +0000  1654 bytes for ./Payload/eLiift.app/GooglePlaces.bundle/sad_cloud@2x.png
2023-07-17 06:16:24 +0000  copying file ./Payload/eLiift.app/GooglePlaces.bundle/sk.lproj/GooglePlaces.strings ... 
2023-07-17 06:16:24 +0000  5419 bytes for ./Payload/eLiift.app/GooglePlaces.bundle/sk.lproj/GooglePlaces.strings
2023-07-17 06:16:24 +0000  copying file ./Payload/eLiift.app/GooglePlaces.bundle/build-with-google-black@3x.png ... 
2023-07-17 06:16:24 +0000  3701 bytes for ./Payload/eLiift.app/GooglePlaces.bundle/build-with-google-black@3x.png
2023-07-17 06:16:24 +0000  copying file ./Payload/eLiift.app/GooglePlaces.bundle/pt_PT.lproj/GooglePlaces.strings ... 
2023-07-17 06:16:24 +0000  5255 bytes for ./Payload/eLiift.app/GooglePlaces.bundle/pt_PT.lproj/GooglePlaces.strings
2023-07-17 06:16:24 +0000  copying file ./Payload/eLiift.app/GooglePlaces.bundle/sr.lproj/GooglePlaces.strings ... 
2023-07-17 06:16:24 +0000  5722 bytes for ./Payload/eLiift.app/GooglePlaces.bundle/sr.lproj/GooglePlaces.strings
2023-07-17 06:16:24 +0000  copying file ./Payload/eLiift.app/GooglePlaces.bundle/ms.lproj/GooglePlaces.strings ... 
2023-07-17 06:16:24 +0000  4371 bytes for ./Payload/eLiift.app/GooglePlaces.bundle/ms.lproj/GooglePlaces.strings
2023-07-17 06:16:24 +0000  copying file ./Payload/eLiift.app/GooglePlaces.bundle/sv.lproj/GooglePlaces.strings ... 
2023-07-17 06:16:24 +0000  4496 bytes for ./Payload/eLiift.app/GooglePlaces.bundle/sv.lproj/GooglePlaces.strings
2023-07-17 06:16:24 +0000  copying file ./Payload/eLiift.app/GooglePlaces.bundle/cs.lproj/GooglePlaces.strings ... 
2023-07-17 06:16:24 +0000  5251 bytes for ./Payload/eLiift.app/GooglePlaces.bundle/cs.lproj/GooglePlaces.strings
2023-07-17 06:16:24 +0000  copying file ./Payload/eLiift.app/GooglePlaces.bundle/en_IN.lproj/GooglePlaces.strings ... 
2023-07-17 06:16:24 +0000  4092 bytes for ./Payload/eLiift.app/GooglePlaces.bundle/en_IN.lproj/GooglePlaces.strings
2023-07-17 06:16:24 +0000  copying file ./Payload/eLiift.app/GooglePlaces.bundle/ko.lproj/GooglePlaces.strings ... 
2023-07-17 06:16:24 +0000  3807 bytes for ./Payload/eLiift.app/GooglePlaces.bundle/ko.lproj/GooglePlaces.strings
2023-07-17 06:16:24 +0000  copying file ./Payload/eLiift.app/GooglePlaces.bundle/build-with-google-black@2x.png ... 
2023-07-17 06:16:24 +0000  2419 bytes for ./Payload/eLiift.app/GooglePlaces.bundle/build-with-google-black@2x.png
2023-07-17 06:16:24 +0000  copying file ./Payload/eLiift.app/GooglePlaces.bundle/sad_cloud@3x.png ... 
2023-07-17 06:16:24 +0000  2428 bytes for ./Payload/eLiift.app/GooglePlaces.bundle/sad_cloud@3x.png
2023-07-17 06:16:24 +0000  copying file ./Payload/eLiift.app/GooglePlaces.bundle/my.lproj/GooglePlaces.strings ... 
2023-07-17 06:16:24 +0000  6449 bytes for ./Payload/eLiift.app/GooglePlaces.bundle/my.lproj/GooglePlaces.strings
2023-07-17 06:16:24 +0000  copying file ./Payload/eLiift.app/GooglePlaces.bundle/hu.lproj/GooglePlaces.strings ... 
2023-07-17 06:16:24 +0000  5096 bytes for ./Payload/eLiift.app/GooglePlaces.bundle/hu.lproj/GooglePlaces.strings
2023-07-17 06:16:24 +0000  copying file ./Payload/eLiift.app/GooglePlaces.bundle/zh_HK.lproj/GooglePlaces.strings ... 
2023-07-17 06:16:24 +0000  3667 bytes for ./Payload/eLiift.app/GooglePlaces.bundle/zh_HK.lproj/GooglePlaces.strings
2023-07-17 06:16:24 +0000  copying file ./Payload/eLiift.app/GooglePlaces.bundle/ka.lproj/GooglePlaces.strings ... 
2023-07-17 06:16:24 +0000  5849 bytes for ./Payload/eLiift.app/GooglePlaces.bundle/ka.lproj/GooglePlaces.strings
2023-07-17 06:16:24 +0000  copying file ./Payload/eLiift.app/GooglePlaces.bundle/sad_cloud_dark@2x.png ... 
2023-07-17 06:16:24 +0000  1859 bytes for ./Payload/eLiift.app/GooglePlaces.bundle/sad_cloud_dark@2x.png
2023-07-17 06:16:24 +0000  copying file ./Payload/eLiift.app/GooglePlaces.bundle/tr.lproj/GooglePlaces.strings ... 
2023-07-17 06:16:24 +0000  4839 bytes for ./Payload/eLiift.app/GooglePlaces.bundle/tr.lproj/GooglePlaces.strings
2023-07-17 06:16:24 +0000  copying file ./Payload/eLiift.app/GooglePlaces.bundle/pl.lproj/GooglePlaces.strings ... 
2023-07-17 06:16:24 +0000  4885 bytes for ./Payload/eLiift.app/GooglePlaces.bundle/pl.lproj/GooglePlaces.strings
2023-07-17 06:16:24 +0000  copying file ./Payload/eLiift.app/GooglePlaces.bundle/zh_TW.lproj/GooglePlaces.strings ... 
2023-07-17 06:16:24 +0000  3671 bytes for ./Payload/eLiift.app/GooglePlaces.bundle/zh_TW.lproj/GooglePlaces.strings
2023-07-17 06:16:24 +0000  copying file ./Payload/eLiift.app/GooglePlaces.bundle/en_GB.lproj/GooglePlaces.strings ... 
2023-07-17 06:16:24 +0000  4090 bytes for ./Payload/eLiift.app/GooglePlaces.bundle/en_GB.lproj/GooglePlaces.strings
2023-07-17 06:16:24 +0000  copying file ./Payload/eLiift.app/GooglePlaces.bundle/sad_cloud_dark@3x.png ... 
2023-07-17 06:16:24 +0000  2738 bytes for ./Payload/eLiift.app/GooglePlaces.bundle/sad_cloud_dark@3x.png
2023-07-17 06:16:24 +0000  copying file ./Payload/eLiift.app/GooglePlaces.bundle/vi.lproj/GooglePlaces.strings ... 
2023-07-17 06:16:24 +0000  5789 bytes for ./Payload/eLiift.app/GooglePlaces.bundle/vi.lproj/GooglePlaces.strings
2023-07-17 06:16:24 +0000  copying file ./Payload/eLiift.app/GooglePlaces.bundle/lv.lproj/GooglePlaces.strings ... 
2023-07-17 06:16:24 +0000  5605 bytes for ./Payload/eLiift.app/GooglePlaces.bundle/lv.lproj/GooglePlaces.strings
2023-07-17 06:16:24 +0000  copying file ./Payload/eLiift.app/GooglePlaces.bundle/lt.lproj/GooglePlaces.strings ... 
2023-07-17 06:16:24 +0000  5587 bytes for ./Payload/eLiift.app/GooglePlaces.bundle/lt.lproj/GooglePlaces.strings
2023-07-17 06:16:24 +0000  copying file ./Payload/eLiift.app/GooglePlaces.bundle/ru.lproj/GooglePlaces.strings ... 
2023-07-17 06:16:24 +0000  5723 bytes for ./Payload/eLiift.app/GooglePlaces.bundle/ru.lproj/GooglePlaces.strings
2023-07-17 06:16:24 +0000  copying file ./Payload/eLiift.app/GooglePlaces.bundle/fr_CA.lproj/GooglePlaces.strings ... 
2023-07-17 06:16:24 +0000  5082 bytes for ./Payload/eLiift.app/GooglePlaces.bundle/fr_CA.lproj/GooglePlaces.strings
2023-07-17 06:16:24 +0000  copying file ./Payload/eLiift.app/GooglePlaces.bundle/fr.lproj/GooglePlaces.strings ... 
2023-07-17 06:16:24 +0000  5119 bytes for ./Payload/eLiift.app/GooglePlaces.bundle/fr.lproj/GooglePlaces.strings
2023-07-17 06:16:24 +0000  copying file ./Payload/eLiift.app/GooglePlaces.bundle/fi.lproj/GooglePlaces.strings ... 
2023-07-17 06:16:24 +0000  4545 bytes for ./Payload/eLiift.app/GooglePlaces.bundle/fi.lproj/GooglePlaces.strings
2023-07-17 06:16:24 +0000  copying file ./Payload/eLiift.app/GooglePlaces.bundle/id.lproj/GooglePlaces.strings ... 
2023-07-17 06:16:24 +0000  4266 bytes for ./Payload/eLiift.app/GooglePlaces.bundle/id.lproj/GooglePlaces.strings
2023-07-17 06:16:24 +0000  copying file ./Payload/eLiift.app/GooglePlaces.bundle/nl.lproj/GooglePlaces.strings ... 
2023-07-17 06:16:24 +0000  4122 bytes for ./Payload/eLiift.app/GooglePlaces.bundle/nl.lproj/GooglePlaces.strings
2023-07-17 06:16:24 +0000  copying file ./Payload/eLiift.app/GooglePlaces.bundle/th.lproj/GooglePlaces.strings ... 
2023-07-17 06:16:24 +0000  5524 bytes for ./Payload/eLiift.app/GooglePlaces.bundle/th.lproj/GooglePlaces.strings
2023-07-17 06:16:24 +0000  copying file ./Payload/eLiift.app/GooglePlaces.bundle/pt.lproj/GooglePlaces.strings ... 
2023-07-17 06:16:24 +0000  4963 bytes for ./Payload/eLiift.app/GooglePlaces.bundle/pt.lproj/GooglePlaces.strings
2023-07-17 06:16:24 +0000  copying file ./Payload/eLiift.app/GooglePlaces.bundle/build-with-google-white@3x.png ... 
2023-07-17 06:16:24 +0000  4372 bytes for ./Payload/eLiift.app/GooglePlaces.bundle/build-with-google-white@3x.png
2023-07-17 06:16:24 +0000  copying file ./Payload/eLiift.app/GooglePlaces.bundle/build-with-google-white@2x.png ... 
2023-07-17 06:16:24 +0000  2861 bytes for ./Payload/eLiift.app/GooglePlaces.bundle/build-with-google-white@2x.png
2023-07-17 06:16:24 +0000  copying file ./Payload/eLiift.app/GooglePlaces.bundle/ro.lproj/GooglePlaces.strings ... 
2023-07-17 06:16:24 +0000  5210 bytes for ./Payload/eLiift.app/GooglePlaces.bundle/ro.lproj/GooglePlaces.strings
2023-07-17 06:16:24 +0000  copying file ./Payload/eLiift.app/GooglePlaces.bundle/Info.plist ... 
2023-07-17 06:16:24 +0000  343 bytes for ./Payload/eLiift.app/GooglePlaces.bundle/Info.plist
2023-07-17 06:16:24 +0000  copying file ./Payload/eLiift.app/GooglePlaces.bundle/hr.lproj/GooglePlaces.strings ... 
2023-07-17 06:16:24 +0000  5025 bytes for ./Payload/eLiift.app/GooglePlaces.bundle/hr.lproj/GooglePlaces.strings
2023-07-17 06:16:24 +0000  copying file ./Payload/eLiift.app/GooglePlaces.bundle/hi.lproj/GooglePlaces.strings ... 
2023-07-17 06:16:24 +0000  5735 bytes for ./Payload/eLiift.app/GooglePlaces.bundle/hi.lproj/GooglePlaces.strings
2023-07-17 06:16:24 +0000  copying file ./Payload/eLiift.app/GooglePlaces.bundle/ca.lproj/GooglePlaces.strings ... 
2023-07-17 06:16:24 +0000  4942 bytes for ./Payload/eLiift.app/GooglePlaces.bundle/ca.lproj/GooglePlaces.strings
2023-07-17 06:16:24 +0000  copying file ./Payload/eLiift.app/Home.storyboardc/ViewVehicleVC.nib/objects-13.0+.nib ... 
2023-07-17 06:16:24 +0000  1015 bytes for ./Payload/eLiift.app/Home.storyboardc/ViewVehicleVC.nib/objects-13.0+.nib
2023-07-17 06:16:24 +0000  copying file ./Payload/eLiift.app/Home.storyboardc/ViewVehicleVC.nib/runtime.nib ... 
2023-07-17 06:16:24 +0000  1015 bytes for ./Payload/eLiift.app/Home.storyboardc/ViewVehicleVC.nib/runtime.nib
copying file ./Payload/eLiift.app/Home.storyboardc/ViewVehicleVC.nib/objects-14.0+.nib ... 
2023-07-17 06:16:24 +0000  1015 bytes for ./Payload/eLiift.app/Home.storyboardc/ViewVehicleVC.nib/objects-14.0+.nib
2023-07-17 06:16:24 +0000  copying file ./Payload/eLiift.app/Home.storyboardc/cB1-pb-H78-view-Hjk-jo-9Ru.nib/objects-13.0+.nib ... 
2023-07-17 06:16:24 +0000  16108 bytes for ./Payload/eLiift.app/Home.storyboardc/cB1-pb-H78-view-Hjk-jo-9Ru.nib/objects-13.0+.nib
2023-07-17 06:16:24 +0000  copying file ./Payload/eLiift.app/Home.storyboardc/cB1-pb-H78-view-Hjk-jo-9Ru.nib/runtime.nib ... 
2023-07-17 06:16:24 +0000  17245 bytes for ./Payload/eLiift.app/Home.storyboardc/cB1-pb-H78-view-Hjk-jo-9Ru.nib/runtime.nib
2023-07-17 06:16:24 +0000  copying file ./Payload/eLiift.app/Home.storyboardc/cB1-pb-H78-view-Hjk-jo-9Ru.nib/objects-14.0+.nib ... 
2023-07-17 06:16:24 +0000  14946 bytes for ./Payload/eLiift.app/Home.storyboardc/cB1-pb-H78-view-Hjk-jo-9Ru.nib/objects-14.0+.nib
2023-07-17 06:16:24 +0000  copying file ./Payload/eLiift.app/Home.storyboardc/MenuVC.nib/objects-13.0+.nib ... 
2023-07-17 06:16:24 +0000  1000 bytes for ./Payload/eLiift.app/Home.storyboardc/MenuVC.nib/objects-13.0+.nib
copying file ./Payload/eLiift.app/Home.storyboardc/MenuVC.nib/runtime.nib ... 
2023-07-17 06:16:24 +0000  1000 bytes for ./Payload/eLiift.app/Home.storyboardc/MenuVC.nib/runtime.nib
copying file ./Payload/eLiift.app/Home.storyboardc/MenuVC.nib/objects-14.0+.nib ... 
2023-07-17 06:16:24 +0000  1000 bytes for ./Payload/eLiift.app/Home.storyboardc/MenuVC.nib/objects-14.0+.nib
2023-07-17 06:16:24 +0000  copying file ./Payload/eLiift.app/Home.storyboardc/fFg-wo-gPN-view-J1G-M0-Ccs.nib/objects-13.0+.nib ... 
2023-07-17 06:16:24 +0000  3217 bytes for ./Payload/eLiift.app/Home.storyboardc/fFg-wo-gPN-view-J1G-M0-Ccs.nib/objects-13.0+.nib
2023-07-17 06:16:24 +0000  copying file ./Payload/eLiift.app/Home.storyboardc/fFg-wo-gPN-view-J1G-M0-Ccs.nib/runtime.nib ... 
2023-07-17 06:16:24 +0000  3650 bytes for ./Payload/eLiift.app/Home.storyboardc/fFg-wo-gPN-view-J1G-M0-Ccs.nib/runtime.nib
2023-07-17 06:16:24 +0000  copying file ./Payload/eLiift.app/Home.storyboardc/fFg-wo-gPN-view-J1G-M0-Ccs.nib/objects-14.0+.nib ... 
2023-07-17 06:16:24 +0000  3217 bytes for ./Payload/eLiift.app/Home.storyboardc/fFg-wo-gPN-view-J1G-M0-Ccs.nib/objects-14.0+.nib
2023-07-17 06:16:24 +0000  copying file ./Payload/eLiift.app/Home.storyboardc/EditRouteVC.nib/objects-13.0+.nib ... 
2023-07-17 06:16:24 +0000  1011 bytes for ./Payload/eLiift.app/Home.storyboardc/EditRouteVC.nib/objects-13.0+.nib
copying file ./Payload/eLiift.app/Home.storyboardc/EditRouteVC.nib/runtime.nib ... 
2023-07-17 06:16:24 +0000  1011 bytes for ./Payload/eLiift.app/Home.storyboardc/EditRouteVC.nib/runtime.nib
2023-07-17 06:16:24 +0000  copying file ./Payload/eLiift.app/Home.storyboardc/EditRouteVC.nib/objects-14.0+.nib ... 
2023-07-17 06:16:24 +0000  1011 bytes for ./Payload/eLiift.app/Home.storyboardc/EditRouteVC.nib/objects-14.0+.nib
2023-07-17 06:16:24 +0000  copying file ./Payload/eLiift.app/Home.storyboardc/01P-FC-Qrk-view-Gv9-FQ-awK.nib/objects-13.0+.nib ... 
2023-07-17 06:16:24 +0000  53789 bytes for ./Payload/eLiift.app/Home.storyboardc/01P-FC-Qrk-view-Gv9-FQ-awK.nib/objects-13.0+.nib
2023-07-17 06:16:24 +0000  copying file ./Payload/eLiift.app/Home.storyboardc/01P-FC-Qrk-view-Gv9-FQ-awK.nib/runtime.nib ... 
2023-07-17 06:16:24 +0000  57012 bytes for ./Payload/eLiift.app/Home.storyboardc/01P-FC-Qrk-view-Gv9-FQ-awK.nib/runtime.nib
2023-07-17 06:16:24 +0000  copying file ./Payload/eLiift.app/Home.storyboardc/01P-FC-Qrk-view-Gv9-FQ-awK.nib/objects-14.0+.nib ... 
2023-07-17 06:16:24 +0000  53789 bytes for ./Payload/eLiift.app/Home.storyboardc/01P-FC-Qrk-view-Gv9-FQ-awK.nib/objects-14.0+.nib
2023-07-17 06:16:24 +0000  copying file ./Payload/eLiift.app/Home.storyboardc/QdO-BW-HMV-view-RjF-aU-dEg.nib/objects-13.0+.nib ... 
2023-07-17 06:16:24 +0000  22356 bytes for ./Payload/eLiift.app/Home.storyboardc/QdO-BW-HMV-view-RjF-aU-dEg.nib/objects-13.0+.nib
2023-07-17 06:16:24 +0000  copying file ./Payload/eLiift.app/Home.storyboardc/QdO-BW-HMV-view-RjF-aU-dEg.nib/runtime.nib ... 
2023-07-17 06:16:24 +0000  23486 bytes for ./Payload/eLiift.app/Home.storyboardc/QdO-BW-HMV-view-RjF-aU-dEg.nib/runtime.nib
copying file ./Payload/eLiift.app/Home.storyboardc/QdO-BW-HMV-view-RjF-aU-dEg.nib/objects-14.0+.nib ... 
2023-07-17 06:16:24 +0000  22356 bytes for ./Payload/eLiift.app/Home.storyboardc/QdO-BW-HMV-view-RjF-aU-dEg.nib/objects-14.0+.nib
2023-07-17 06:16:24 +0000  copying file ./Payload/eLiift.app/Home.storyboardc/TripUserProfileVC.nib/objects-13.0+.nib ... 
1023 bytes for ./Payload/eLiift.app/Home.storyboardc/TripUserProfileVC.nib/objects-13.0+.nib
2023-07-17 06:16:24 +0000  copying file ./Payload/eLiift.app/Home.storyboardc/TripUserProfileVC.nib/runtime.nib ... 
2023-07-17 06:16:24 +0000  1023 bytes for ./Payload/eLiift.app/Home.storyboardc/TripUserProfileVC.nib/runtime.nib
copying file ./Payload/eLiift.app/Home.storyboardc/TripUserProfileVC.nib/objects-14.0+.nib ... 
2023-07-17 06:16:24 +0000  1023 bytes for ./Payload/eLiift.app/Home.storyboardc/TripUserProfileVC.nib/objects-14.0+.nib
copying file ./Payload/eLiift.app/Home.storyboardc/LicenseVC.nib/objects-13.0+.nib ... 
2023-07-17 06:16:24 +0000  1006 bytes for ./Payload/eLiift.app/Home.storyboardc/LicenseVC.nib/objects-13.0+.nib
copying file ./Payload/eLiift.app/Home.storyboardc/LicenseVC.nib/runtime.nib ... 
2023-07-17 06:16:24 +0000  1006 bytes for ./Payload/eLiift.app/Home.storyboardc/LicenseVC.nib/runtime.nib
2023-07-17 06:16:24 +0000  copying file ./Payload/eLiift.app/Home.storyboardc/LicenseVC.nib/objects-14.0+.nib ... 
2023-07-17 06:16:24 +0000  1006 bytes for ./Payload/eLiift.app/Home.storyboardc/LicenseVC.nib/objects-14.0+.nib
2023-07-17 06:16:24 +0000  copying file ./Payload/eLiift.app/Home.storyboardc/2yl-HG-DZQ-view-ycT-PU-B9K.nib/objects-13.0+.nib ... 
2023-07-17 06:16:24 +0000  28529 bytes for ./Payload/eLiift.app/Home.storyboardc/2yl-HG-DZQ-view-ycT-PU-B9K.nib/objects-13.0+.nib
copying file ./Payload/eLiift.app/Home.storyboardc/2yl-HG-DZQ-view-ycT-PU-B9K.nib/runtime.nib ... 
2023-07-17 06:16:24 +0000  30375 bytes for ./Payload/eLiift.app/Home.storyboardc/2yl-HG-DZQ-view-ycT-PU-B9K.nib/runtime.nib
copying file ./Payload/eLiift.app/Home.storyboardc/2yl-HG-DZQ-view-ycT-PU-B9K.nib/objects-14.0+.nib ... 
2023-07-17 06:16:24 +0000  28529 bytes for ./Payload/eLiift.app/Home.storyboardc/2yl-HG-DZQ-view-ycT-PU-B9K.nib/objects-14.0+.nib
2023-07-17 06:16:24 +0000  copying file ./Payload/eLiift.app/Home.storyboardc/RideMainVC.nib/objects-13.0+.nib ... 
2023-07-17 06:16:24 +0000  1009 bytes for ./Payload/eLiift.app/Home.storyboardc/RideMainVC.nib/objects-13.0+.nib
copying file ./Payload/eLiift.app/Home.storyboardc/RideMainVC.nib/runtime.nib ... 
2023-07-17 06:16:24 +0000  1009 bytes for ./Payload/eLiift.app/Home.storyboardc/RideMainVC.nib/runtime.nib
copying file ./Payload/eLiift.app/Home.storyboardc/RideMainVC.nib/objects-14.0+.nib ... 
2023-07-17 06:16:24 +0000  1009 bytes for ./Payload/eLiift.app/Home.storyboardc/RideMainVC.nib/objects-14.0+.nib
2023-07-17 06:16:24 +0000  copying file ./Payload/eLiift.app/Home.storyboardc/MatchingOptionVC.nib/objects-13.0+.nib ... 
2023-07-17 06:16:24 +0000  1021 bytes for ./Payload/eLiift.app/Home.storyboardc/MatchingOptionVC.nib/objects-13.0+.nib
copying file ./Payload/eLiift.app/Home.storyboardc/MatchingOptionVC.nib/runtime.nib ... 
2023-07-17 06:16:24 +0000  1021 bytes for ./Payload/eLiift.app/Home.storyboardc/MatchingOptionVC.nib/runtime.nib
copying file ./Payload/eLiift.app/Home.storyboardc/MatchingOptionVC.nib/objects-14.0+.nib ... 
2023-07-17 06:16:24 +0000  1021 bytes for ./Payload/eLiift.app/Home.storyboardc/MatchingOptionVC.nib/objects-14.0+.nib
2023-07-17 06:16:24 +0000  copying file ./Payload/eLiift.app/Home.storyboardc/PostRideVehicleVC.nib/objects-13.0+.nib ... 
2023-07-17 06:16:24 +0000  1023 bytes for ./Payload/eLiift.app/Home.storyboardc/PostRideVehicleVC.nib/objects-13.0+.nib
copying file ./Payload/eLiift.app/Home.storyboardc/PostRideVehicleVC.nib/runtime.nib ... 
2023-07-17 06:16:24 +0000  1023 bytes for ./Payload/eLiift.app/Home.storyboardc/PostRideVehicleVC.nib/runtime.nib
2023-07-17 06:16:24 +0000  copying file ./Payload/eLiift.app/Home.storyboardc/PostRideVehicleVC.nib/objects-14.0+.nib ... 
2023-07-17 06:16:24 +0000  1023 bytes for ./Payload/eLiift.app/Home.storyboardc/PostRideVehicleVC.nib/objects-14.0+.nib
2023-07-17 06:16:24 +0000  copying file ./Payload/eLiift.app/Home.storyboardc/VehicleListVC.nib/objects-13.0+.nib ... 
2023-07-17 06:16:24 +0000  1015 bytes for ./Payload/eLiift.app/Home.storyboardc/VehicleListVC.nib/objects-13.0+.nib
copying file ./Payload/eLiift.app/Home.storyboardc/VehicleListVC.nib/runtime.nib ... 
2023-07-17 06:16:24 +0000  1015 bytes for ./Payload/eLiift.app/Home.storyboardc/VehicleListVC.nib/runtime.nib
copying file ./Payload/eLiift.app/Home.storyboardc/VehicleListVC.nib/objects-14.0+.nib ... 
2023-07-17 06:16:24 +0000  1015 bytes for ./Payload/eLiift.app/Home.storyboardc/VehicleListVC.nib/objects-14.0+.nib
2023-07-17 06:16:24 +0000  copying file ./Payload/eLiift.app/Home.storyboardc/irA-MT-9PG-view-X2v-50-lYl.nib/objects-13.0+.nib ... 
2023-07-17 06:16:24 +0000  16667 bytes for ./Payload/eLiift.app/Home.storyboardc/irA-MT-9PG-view-X2v-50-lYl.nib/objects-13.0+.nib
copying file ./Payload/eLiift.app/Home.storyboardc/irA-MT-9PG-view-X2v-50-lYl.nib/runtime.nib ... 
2023-07-17 06:16:24 +0000  17175 bytes for ./Payload/eLiift.app/Home.storyboardc/irA-MT-9PG-view-X2v-50-lYl.nib/runtime.nib
2023-07-17 06:16:24 +0000  copying file ./Payload/eLiift.app/Home.storyboardc/irA-MT-9PG-view-X2v-50-lYl.nib/objects-14.0+.nib ... 
2023-07-17 06:16:24 +0000  16667 bytes for ./Payload/eLiift.app/Home.storyboardc/irA-MT-9PG-view-X2v-50-lYl.nib/objects-14.0+.nib
2023-07-17 06:16:24 +0000  copying file ./Payload/eLiift.app/Home.storyboardc/AddVehicleVC.nib/objects-13.0+.nib ... 
2023-07-17 06:16:24 +0000  1013 bytes for ./Payload/eLiift.app/Home.storyboardc/AddVehicleVC.nib/objects-13.0+.nib
copying file ./Payload/eLiift.app/Home.storyboardc/AddVehicleVC.nib/runtime.nib ... 
2023-07-17 06:16:24 +0000  1013 bytes for ./Payload/eLiift.app/Home.storyboardc/AddVehicleVC.nib/runtime.nib
copying file ./Payload/eLiift.app/Home.storyboardc/AddVehicleVC.nib/objects-14.0+.nib ... 
2023-07-17 06:16:24 +0000  1013 bytes for ./Payload/eLiift.app/Home.storyboardc/AddVehicleVC.nib/objects-14.0+.nib
2023-07-17 06:16:24 +0000  copying file ./Payload/eLiift.app/Home.storyboardc/kZU-73-etZ-view-HgI-JH-EXh.nib/objects-13.0+.nib ... 
2023-07-17 06:16:24 +0000  31920 bytes for ./Payload/eLiift.app/Home.storyboardc/kZU-73-etZ-view-HgI-JH-EXh.nib/objects-13.0+.nib
copying file ./Payload/eLiift.app/Home.storyboardc/kZU-73-etZ-view-HgI-JH-EXh.nib/runtime.nib ... 
2023-07-17 06:16:24 +0000  34317 bytes for ./Payload/eLiift.app/Home.storyboardc/kZU-73-etZ-view-HgI-JH-EXh.nib/runtime.nib
2023-07-17 06:16:24 +0000  copying file ./Payload/eLiift.app/Home.storyboardc/kZU-73-etZ-view-HgI-JH-EXh.nib/objects-14.0+.nib ... 
2023-07-17 06:16:24 +0000  31920 bytes for ./Payload/eLiift.app/Home.storyboardc/kZU-73-etZ-view-HgI-JH-EXh.nib/objects-14.0+.nib
2023-07-17 06:16:24 +0000  copying file ./Payload/eLiift.app/Home.storyboardc/FGv-0u-vCf-view-Ghn-36-tC3.nib/objects-13.0+.nib ... 
2023-07-17 06:16:24 +0000  6782 bytes for ./Payload/eLiift.app/Home.storyboardc/FGv-0u-vCf-view-Ghn-36-tC3.nib/objects-13.0+.nib
copying file ./Payload/eLiift.app/Home.storyboardc/FGv-0u-vCf-view-Ghn-36-tC3.nib/runtime.nib ... 
2023-07-17 06:16:24 +0000  7531 bytes for ./Payload/eLiift.app/Home.storyboardc/FGv-0u-vCf-view-Ghn-36-tC3.nib/runtime.nib
copying file ./Payload/eLiift.app/Home.storyboardc/FGv-0u-vCf-view-Ghn-36-tC3.nib/objects-14.0+.nib ... 
2023-07-17 06:16:24 +0000  6782 bytes for ./Payload/eLiift.app/Home.storyboardc/FGv-0u-vCf-view-Ghn-36-tC3.nib/objects-14.0+.nib
2023-07-17 06:16:24 +0000  copying file ./Payload/eLiift.app/Home.storyboardc/NotificationVC.nib/objects-13.0+.nib ... 
2023-07-17 06:16:24 +0000  1017 bytes for ./Payload/eLiift.app/Home.storyboardc/NotificationVC.nib/objects-13.0+.nib
copying file ./Payload/eLiift.app/Home.storyboardc/NotificationVC.nib/runtime.nib ... 
2023-07-17 06:16:24 +0000  1017 bytes for ./Payload/eLiift.app/Home.storyboardc/NotificationVC.nib/runtime.nib
copying file ./Payload/eLiift.app/Home.storyboardc/NotificationVC.nib/objects-14.0+.nib ... 
2023-07-17 06:16:24 +0000  1017 bytes for ./Payload/eLiift.app/Home.storyboardc/NotificationVC.nib/objects-14.0+.nib
2023-07-17 06:16:24 +0000  copying file ./Payload/eLiift.app/Home.storyboardc/kMR-5X-K0c-view-2lr-hc-MUA.nib/objects-13.0+.nib ... 
2023-07-17 06:16:24 +0000  25519 bytes for ./Payload/eLiift.app/Home.storyboardc/kMR-5X-K0c-view-2lr-hc-MUA.nib/objects-13.0+.nib
copying file ./Payload/eLiift.app/Home.storyboardc/kMR-5X-K0c-view-2lr-hc-MUA.nib/runtime.nib ... 
2023-07-17 06:16:24 +0000  27380 bytes for ./Payload/eLiift.app/Home.storyboardc/kMR-5X-K0c-view-2lr-hc-MUA.nib/runtime.nib
copying file ./Payload/eLiift.app/Home.storyboardc/kMR-5X-K0c-view-2lr-hc-MUA.nib/objects-14.0+.nib ... 
2023-07-17 06:16:24 +0000  25519 bytes for ./Payload/eLiift.app/Home.storyboardc/kMR-5X-K0c-view-2lr-hc-MUA.nib/objects-14.0+.nib
2023-07-17 06:16:24 +0000  copying file ./Payload/eLiift.app/Home.storyboardc/EditPRofileVC.nib/objects-13.0+.nib ... 
2023-07-17 06:16:24 +0000  1015 bytes for ./Payload/eLiift.app/Home.storyboardc/EditPRofileVC.nib/objects-13.0+.nib
copying file ./Payload/eLiift.app/Home.storyboardc/EditPRofileVC.nib/runtime.nib ... 
2023-07-17 06:16:24 +0000  1015 bytes for ./Payload/eLiift.app/Home.storyboardc/EditPRofileVC.nib/runtime.nib
copying file ./Payload/eLiift.app/Home.storyboardc/EditPRofileVC.nib/objects-14.0+.nib ... 
2023-07-17 06:16:24 +0000  1015 bytes for ./Payload/eLiift.app/Home.storyboardc/EditPRofileVC.nib/objects-14.0+.nib
2023-07-17 06:16:24 +0000  copying file ./Payload/eLiift.app/Home.storyboardc/Gd5-CV-7MF-view-9Br-6I-Qth.nib/objects-13.0+.nib ... 
2023-07-17 06:16:24 +0000  25714 bytes for ./Payload/eLiift.app/Home.storyboardc/Gd5-CV-7MF-view-9Br-6I-Qth.nib/objects-13.0+.nib
copying file ./Payload/eLiift.app/Home.storyboardc/Gd5-CV-7MF-view-9Br-6I-Qth.nib/runtime.nib ... 
2023-07-17 06:16:24 +0000  27458 bytes for ./Payload/eLiift.app/Home.storyboardc/Gd5-CV-7MF-view-9Br-6I-Qth.nib/runtime.nib
copying file ./Payload/eLiift.app/Home.storyboardc/Gd5-CV-7MF-view-9Br-6I-Qth.nib/objects-14.0+.nib ... 
2023-07-17 06:16:24 +0000  25714 bytes for ./Payload/eLiift.app/Home.storyboardc/Gd5-CV-7MF-view-9Br-6I-Qth.nib/objects-14.0+.nib
2023-07-17 06:16:24 +0000  copying file ./Payload/eLiift.app/Home.storyboardc/36M-p3-GmJ-view-Cuy-A7-hHo.nib/objects-13.0+.nib ... 
2023-07-17 06:16:24 +0000  7050 bytes for ./Payload/eLiift.app/Home.storyboardc/36M-p3-GmJ-view-Cuy-A7-hHo.nib/objects-13.0+.nib
2023-07-17 06:16:24 +0000  copying file ./Payload/eLiift.app/Home.storyboardc/36M-p3-GmJ-view-Cuy-A7-hHo.nib/runtime.nib ... 
2023-07-17 06:16:24 +0000  7899 bytes for ./Payload/eLiift.app/Home.storyboardc/36M-p3-GmJ-view-Cuy-A7-hHo.nib/runtime.nib
copying file ./Payload/eLiift.app/Home.storyboardc/36M-p3-GmJ-view-Cuy-A7-hHo.nib/objects-14.0+.nib ... 
2023-07-17 06:16:24 +0000  7050 bytes for ./Payload/eLiift.app/Home.storyboardc/36M-p3-GmJ-view-Cuy-A7-hHo.nib/objects-14.0+.nib
2023-07-17 06:16:24 +0000  copying file ./Payload/eLiift.app/Home.storyboardc/TripUserDetailVC.nib/objects-13.0+.nib ... 
2023-07-17 06:16:24 +0000  1021 bytes for ./Payload/eLiift.app/Home.storyboardc/TripUserDetailVC.nib/objects-13.0+.nib
copying file ./Payload/eLiift.app/Home.storyboardc/TripUserDetailVC.nib/runtime.nib ... 
2023-07-17 06:16:24 +0000  1021 bytes for ./Payload/eLiift.app/Home.storyboardc/TripUserDetailVC.nib/runtime.nib
copying file ./Payload/eLiift.app/Home.storyboardc/TripUserDetailVC.nib/objects-14.0+.nib ... 
2023-07-17 06:16:24 +0000  1021 bytes for ./Payload/eLiift.app/Home.storyboardc/TripUserDetailVC.nib/objects-14.0+.nib
2023-07-17 06:16:24 +0000  copying file ./Payload/eLiift.app/Home.storyboardc/ProfileVC.nib/objects-13.0+.nib ... 
2023-07-17 06:16:24 +0000  1006 bytes for ./Payload/eLiift.app/Home.storyboardc/ProfileVC.nib/objects-13.0+.nib
copying file ./Payload/eLiift.app/Home.storyboardc/ProfileVC.nib/runtime.nib ... 
2023-07-17 06:16:24 +0000  1006 bytes for ./Payload/eLiift.app/Home.storyboardc/ProfileVC.nib/runtime.nib
copying file ./Payload/eLiift.app/Home.storyboardc/ProfileVC.nib/objects-14.0+.nib ... 
2023-07-17 06:16:24 +0000  1006 bytes for ./Payload/eLiift.app/Home.storyboardc/ProfileVC.nib/objects-14.0+.nib
2023-07-17 06:16:24 +0000  copying file ./Payload/eLiift.app/Home.storyboardc/mVi-Vf-d0J-view-GUA-RK-81K.nib/objects-13.0+.nib ... 
2023-07-17 06:16:24 +0000  11294 bytes for ./Payload/eLiift.app/Home.storyboardc/mVi-Vf-d0J-view-GUA-RK-81K.nib/objects-13.0+.nib
copying file ./Payload/eLiift.app/Home.storyboardc/mVi-Vf-d0J-view-GUA-RK-81K.nib/runtime.nib ... 
2023-07-17 06:16:24 +0000  12059 bytes for ./Payload/eLiift.app/Home.storyboardc/mVi-Vf-d0J-view-GUA-RK-81K.nib/runtime.nib
copying file ./Payload/eLiift.app/Home.storyboardc/mVi-Vf-d0J-view-GUA-RK-81K.nib/objects-14.0+.nib ... 
2023-07-17 06:16:24 +0000  11294 bytes for ./Payload/eLiift.app/Home.storyboardc/mVi-Vf-d0J-view-GUA-RK-81K.nib/objects-14.0+.nib
2023-07-17 06:16:24 +0000  copying file ./Payload/eLiift.app/Home.storyboardc/ContactsVC.nib/objects-13.0+.nib ... 
2023-07-17 06:16:24 +0000  1009 bytes for ./Payload/eLiift.app/Home.storyboardc/ContactsVC.nib/objects-13.0+.nib
copying file ./Payload/eLiift.app/Home.storyboardc/ContactsVC.nib/runtime.nib ... 
2023-07-17 06:16:24 +0000  1009 bytes for ./Payload/eLiift.app/Home.storyboardc/ContactsVC.nib/runtime.nib
copying file ./Payload/eLiift.app/Home.storyboardc/ContactsVC.nib/objects-14.0+.nib ... 
2023-07-17 06:16:24 +0000  1009 bytes for ./Payload/eLiift.app/Home.storyboardc/ContactsVC.nib/objects-14.0+.nib
2023-07-17 06:16:24 +0000  copying file ./Payload/eLiift.app/Home.storyboardc/HomeVC.nib/objects-13.0+.nib ... 
2023-07-17 06:16:24 +0000  1000 bytes for ./Payload/eLiift.app/Home.storyboardc/HomeVC.nib/objects-13.0+.nib
copying file ./Payload/eLiift.app/Home.storyboardc/HomeVC.nib/runtime.nib ... 
2023-07-17 06:16:24 +0000  1000 bytes for ./Payload/eLiift.app/Home.storyboardc/HomeVC.nib/runtime.nib
copying file ./Payload/eLiift.app/Home.storyboardc/HomeVC.nib/objects-14.0+.nib ... 
2023-07-17 06:16:24 +0000  1000 bytes for ./Payload/eLiift.app/Home.storyboardc/HomeVC.nib/objects-14.0+.nib
2023-07-17 06:16:24 +0000  copying file ./Payload/eLiift.app/Home.storyboardc/C8V-d7-Eeg-view-Gpv-4Y-c9s.nib/objects-13.0+.nib ... 
2023-07-17 06:16:24 +0000  29632 bytes for ./Payload/eLiift.app/Home.storyboardc/C8V-d7-Eeg-view-Gpv-4Y-c9s.nib/objects-13.0+.nib
2023-07-17 06:16:24 +0000  copying file ./Payload/eLiift.app/Home.storyboardc/C8V-d7-Eeg-view-Gpv-4Y-c9s.nib/runtime.nib ... 
2023-07-17 06:16:24 +0000  31653 bytes for ./Payload/eLiift.app/Home.storyboardc/C8V-d7-Eeg-view-Gpv-4Y-c9s.nib/runtime.nib
copying file ./Payload/eLiift.app/Home.storyboardc/C8V-d7-Eeg-view-Gpv-4Y-c9s.nib/objects-14.0+.nib ... 
2023-07-17 06:16:24 +0000  29632 bytes for ./Payload/eLiift.app/Home.storyboardc/C8V-d7-Eeg-view-Gpv-4Y-c9s.nib/objects-14.0+.nib
2023-07-17 06:16:24 +0000  copying file ./Payload/eLiift.app/Home.storyboardc/Zx8-US-5CO-view-td7-sg-Iog.nib/objects-13.0+.nib ... 
2023-07-17 06:16:24 +0000  3365 bytes for ./Payload/eLiift.app/Home.storyboardc/Zx8-US-5CO-view-td7-sg-Iog.nib/objects-13.0+.nib
copying file ./Payload/eLiift.app/Home.storyboardc/Zx8-US-5CO-view-td7-sg-Iog.nib/runtime.nib ... 
2023-07-17 06:16:24 +0000  3798 bytes for ./Payload/eLiift.app/Home.storyboardc/Zx8-US-5CO-view-td7-sg-Iog.nib/runtime.nib
copying file ./Payload/eLiift.app/Home.storyboardc/Zx8-US-5CO-view-td7-sg-Iog.nib/objects-14.0+.nib ... 
2023-07-17 06:16:24 +0000  3365 bytes for ./Payload/eLiift.app/Home.storyboardc/Zx8-US-5CO-view-td7-sg-Iog.nib/objects-14.0+.nib
2023-07-17 06:16:24 +0000  copying file ./Payload/eLiift.app/Home.storyboardc/qZr-8a-9bU-view-MWa-Kc-Jvm.nib/objects-13.0+.nib ... 
2023-07-17 06:16:24 +0000  18080 bytes for ./Payload/eLiift.app/Home.storyboardc/qZr-8a-9bU-view-MWa-Kc-Jvm.nib/objects-13.0+.nib
copying file ./Payload/eLiift.app/Home.storyboardc/qZr-8a-9bU-view-MWa-Kc-Jvm.nib/runtime.nib ... 
2023-07-17 06:16:24 +0000  19219 bytes for ./Payload/eLiift.app/Home.storyboardc/qZr-8a-9bU-view-MWa-Kc-Jvm.nib/runtime.nib
copying file ./Payload/eLiift.app/Home.storyboardc/qZr-8a-9bU-view-MWa-Kc-Jvm.nib/objects-14.0+.nib ... 
2023-07-17 06:16:24 +0000  18080 bytes for ./Payload/eLiift.app/Home.storyboardc/qZr-8a-9bU-view-MWa-Kc-Jvm.nib/objects-14.0+.nib
2023-07-17 06:16:24 +0000  copying file ./Payload/eLiift.app/Home.storyboardc/f7G-AW-bqN-view-n6j-yd-Daj.nib/objects-13.0+.nib ... 
2023-07-17 06:16:24 +0000  15591 bytes for ./Payload/eLiift.app/Home.storyboardc/f7G-AW-bqN-view-n6j-yd-Daj.nib/objects-13.0+.nib
copying file ./Payload/eLiift.app/Home.storyboardc/f7G-AW-bqN-view-n6j-yd-Daj.nib/runtime.nib ... 
2023-07-17 06:16:24 +0000  16428 bytes for ./Payload/eLiift.app/Home.storyboardc/f7G-AW-bqN-view-n6j-yd-Daj.nib/runtime.nib
copying file ./Payload/eLiift.app/Home.storyboardc/f7G-AW-bqN-view-n6j-yd-Daj.nib/objects-14.0+.nib ... 
2023-07-17 06:16:24 +0000  15591 bytes for ./Payload/eLiift.app/Home.storyboardc/f7G-AW-bqN-view-n6j-yd-Daj.nib/objects-14.0+.nib
copying file ./Payload/eLiift.app/Home.storyboardc/Info.plist ... 
2023-07-17 06:16:24 +0000  708 bytes for ./Payload/eLiift.app/Home.storyboardc/Info.plist
2023-07-17 06:16:24 +0000  copying file ./Payload/eLiift.app/Home.storyboardc/RideTakerVC.nib/objects-13.0+.nib ... 
2023-07-17 06:16:24 +0000  1011 bytes for ./Payload/eLiift.app/Home.storyboardc/RideTakerVC.nib/objects-13.0+.nib
copying file ./Payload/eLiift.app/Home.storyboardc/RideTakerVC.nib/runtime.nib ... 
2023-07-17 06:16:24 +0000  1011 bytes for ./Payload/eLiift.app/Home.storyboardc/RideTakerVC.nib/runtime.nib
2023-07-17 06:16:24 +0000  copying file ./Payload/eLiift.app/Home.storyboardc/RideTakerVC.nib/objects-14.0+.nib ... 
2023-07-17 06:16:24 +0000  1011 bytes for ./Payload/eLiift.app/Home.storyboardc/RideTakerVC.nib/objects-14.0+.nib
2023-07-17 06:16:24 +0000  copying file ./Payload/eLiift.app/Home.storyboardc/EditRideVC.nib/objects-13.0+.nib ... 
2023-07-17 06:16:24 +0000  1009 bytes for ./Payload/eLiift.app/Home.storyboardc/EditRideVC.nib/objects-13.0+.nib
copying file ./Payload/eLiift.app/Home.storyboardc/EditRideVC.nib/runtime.nib ... 
2023-07-17 06:16:24 +0000  1009 bytes for ./Payload/eLiift.app/Home.storyboardc/EditRideVC.nib/runtime.nib
copying file ./Payload/eLiift.app/Home.storyboardc/EditRideVC.nib/objects-14.0+.nib ... 
2023-07-17 06:16:24 +0000  1009 bytes for ./Payload/eLiift.app/Home.storyboardc/EditRideVC.nib/objects-14.0+.nib
2023-07-17 06:16:24 +0000  copying file ./Payload/eLiift.app/Home.storyboardc/K0w-9p-NMP-view-BuI-8u-YDh.nib/objects-13.0+.nib ... 
2023-07-17 06:16:24 +0000  21844 bytes for ./Payload/eLiift.app/Home.storyboardc/K0w-9p-NMP-view-BuI-8u-YDh.nib/objects-13.0+.nib
2023-07-17 06:16:24 +0000  copying file ./Payload/eLiift.app/Home.storyboardc/K0w-9p-NMP-view-BuI-8u-YDh.nib/runtime.nib ... 
2023-07-17 06:16:24 +0000  22917 bytes for ./Payload/eLiift.app/Home.storyboardc/K0w-9p-NMP-view-BuI-8u-YDh.nib/runtime.nib
copying file ./Payload/eLiift.app/Home.storyboardc/K0w-9p-NMP-view-BuI-8u-YDh.nib/objects-14.0+.nib ... 
2023-07-17 06:16:24 +0000  21844 bytes for ./Payload/eLiift.app/Home.storyboardc/K0w-9p-NMP-view-BuI-8u-YDh.nib/objects-14.0+.nib
2023-07-17 06:16:24 +0000  copying file ./Payload/eLiift.app/Home.storyboardc/9NF-kk-9mI-view-Wis-CA-iP3.nib/objects-13.0+.nib ... 
2023-07-17 06:16:24 +0000  9104 bytes for ./Payload/eLiift.app/Home.storyboardc/9NF-kk-9mI-view-Wis-CA-iP3.nib/objects-13.0+.nib
copying file ./Payload/eLiift.app/Home.storyboardc/9NF-kk-9mI-view-Wis-CA-iP3.nib/runtime.nib ... 
2023-07-17 06:16:24 +0000  10256 bytes for ./Payload/eLiift.app/Home.storyboardc/9NF-kk-9mI-view-Wis-CA-iP3.nib/runtime.nib
copying file ./Payload/eLiift.app/Home.storyboardc/9NF-kk-9mI-view-Wis-CA-iP3.nib/objects-14.0+.nib ... 
2023-07-17 06:16:24 +0000  9104 bytes for ./Payload/eLiift.app/Home.storyboardc/9NF-kk-9mI-view-Wis-CA-iP3.nib/objects-14.0+.nib
2023-07-17 06:16:24 +0000  copying file ./Payload/eLiift.app/ChatRightCell.nib/objects-13.0+.nib ... 
2023-07-17 06:16:24 +0000  5739 bytes for ./Payload/eLiift.app/ChatRightCell.nib/objects-13.0+.nib
copying file ./Payload/eLiift.app/ChatRightCell.nib/runtime.nib ... 
2023-07-17 06:16:24 +0000  6039 bytes for ./Payload/eLiift.app/ChatRightCell.nib/runtime.nib
2023-07-17 06:16:24 +0000  copying file ./Payload/eLiift.app/RideTakerCell.nib/objects-13.0+.nib ... 
2023-07-17 06:16:24 +0000  18757 bytes for ./Payload/eLiift.app/RideTakerCell.nib/objects-13.0+.nib
copying file ./Payload/eLiift.app/RideTakerCell.nib/runtime.nib ... 
2023-07-17 06:16:24 +0000  20091 bytes for ./Payload/eLiift.app/RideTakerCell.nib/runtime.nib
copying file ./Payload/eLiift.app/RideTakerCell.nib/objects-14.0+.nib ... 
2023-07-17 06:16:24 +0000  17294 bytes for ./Payload/eLiift.app/RideTakerCell.nib/objects-14.0+.nib
2023-07-17 06:16:24 +0000  copying file ./Payload/eLiift.app/TripBillingCell.nib/objects-13.0+.nib ... 
2023-07-17 06:16:24 +0000  13448 bytes for ./Payload/eLiift.app/TripBillingCell.nib/objects-13.0+.nib
copying file ./Payload/eLiift.app/TripBillingCell.nib/runtime.nib ... 
2023-07-17 06:16:24 +0000  14577 bytes for ./Payload/eLiift.app/TripBillingCell.nib/runtime.nib
copying file ./Payload/eLiift.app/InfoWindow.nib ... 
2023-07-17 06:16:24 +0000  3987 bytes for ./Payload/eLiift.app/InfoWindow.nib
copying file ./Payload/eLiift.app/Assets.car ... 
2023-07-17 06:16:31 +0000  36087696 bytes for ./Payload/eLiift.app/Assets.car
2023-07-17 06:16:31 +0000  copying file ./Payload/eLiift.app/RatingReviewCell.nib/objects-13.0+.nib ... 
2023-07-17 06:16:31 +0000  7972 bytes for ./Payload/eLiift.app/RatingReviewCell.nib/objects-13.0+.nib
copying file ./Payload/eLiift.app/RatingReviewCell.nib/runtime.nib ... 
2023-07-17 06:16:31 +0000  8570 bytes for ./Payload/eLiift.app/RatingReviewCell.nib/runtime.nib
copying file ./Payload/eLiift.app/AlertCustomView.nib ... 
2023-07-17 06:16:31 +0000  4850 bytes for ./Payload/eLiift.app/AlertCustomView.nib
copying file ./Payload/eLiift.app/AppIcon76x76@2x~ipad.png ... 
2023-07-17 06:16:31 +0000  10211 bytes for ./Payload/eLiift.app/AppIcon76x76@2x~ipad.png
2023-07-17 06:16:31 +0000  copying file ./Payload/eLiift.app/TripUserView.nib/objects-13.0+.nib ... 
2023-07-17 06:16:31 +0000  50930 bytes for ./Payload/eLiift.app/TripUserView.nib/objects-13.0+.nib
copying file ./Payload/eLiift.app/TripUserView.nib/runtime.nib ... 
2023-07-17 06:16:31 +0000  55287 bytes for ./Payload/eLiift.app/TripUserView.nib/runtime.nib
copying file ./Payload/eLiift.app/TripUserView.nib/objects-14.0+.nib ... 
2023-07-17 06:16:31 +0000  49235 bytes for ./Payload/eLiift.app/TripUserView.nib/objects-14.0+.nib
2023-07-17 06:16:31 +0000  copying file ./Payload/eLiift.app/NotificationCell.nib ... 
2023-07-17 06:16:31 +0000  11211 bytes for ./Payload/eLiift.app/NotificationCell.nib
copying file ./Payload/eLiift.app/checked_in.json ... 
2023-07-17 06:16:31 +0000  72812 bytes for ./Payload/eLiift.app/checked_in.json
2023-07-17 06:16:31 +0000  copying file ./Payload/eLiift.app/MyRides.storyboardc/FeedBackVC.nib/objects-13.0+.nib ... 
2023-07-17 06:16:31 +0000  1009 bytes for ./Payload/eLiift.app/MyRides.storyboardc/FeedBackVC.nib/objects-13.0+.nib
copying file ./Payload/eLiift.app/MyRides.storyboardc/FeedBackVC.nib/runtime.nib ... 
2023-07-17 06:16:31 +0000  1009 bytes for ./Payload/eLiift.app/MyRides.storyboardc/FeedBackVC.nib/runtime.nib
copying file ./Payload/eLiift.app/MyRides.storyboardc/FeedBackVC.nib/objects-14.0+.nib ... 
2023-07-17 06:16:31 +0000  1009 bytes for ./Payload/eLiift.app/MyRides.storyboardc/FeedBackVC.nib/objects-14.0+.nib
2023-07-17 06:16:31 +0000  copying file ./Payload/eLiift.app/MyRides.storyboardc/PastRideVC.nib/objects-13.0+.nib ... 
2023-07-17 06:16:31 +0000  1009 bytes for ./Payload/eLiift.app/MyRides.storyboardc/PastRideVC.nib/objects-13.0+.nib
copying file ./Payload/eLiift.app/MyRides.storyboardc/PastRideVC.nib/runtime.nib ... 
2023-07-17 06:16:31 +0000  1009 bytes for ./Payload/eLiift.app/MyRides.storyboardc/PastRideVC.nib/runtime.nib
2023-07-17 06:16:31 +0000  copying file ./Payload/eLiift.app/MyRides.storyboardc/PastRideVC.nib/objects-14.0+.nib ... 
2023-07-17 06:16:31 +0000  1009 bytes for ./Payload/eLiift.app/MyRides.storyboardc/PastRideVC.nib/objects-14.0+.nib
2023-07-17 06:16:31 +0000  copying file ./Payload/eLiift.app/MyRides.storyboardc/dFx-F1-snf-view-YNl-v6-cjx.nib/objects-13.0+.nib ... 
2023-07-17 06:16:31 +0000  10884 bytes for ./Payload/eLiift.app/MyRides.storyboardc/dFx-F1-snf-view-YNl-v6-cjx.nib/objects-13.0+.nib
copying file ./Payload/eLiift.app/MyRides.storyboardc/dFx-F1-snf-view-YNl-v6-cjx.nib/runtime.nib ... 
2023-07-17 06:16:31 +0000  11994 bytes for ./Payload/eLiift.app/MyRides.storyboardc/dFx-F1-snf-view-YNl-v6-cjx.nib/runtime.nib
copying file ./Payload/eLiift.app/MyRides.storyboardc/dFx-F1-snf-view-YNl-v6-cjx.nib/objects-14.0+.nib ... 
2023-07-17 06:16:31 +0000  10884 bytes for ./Payload/eLiift.app/MyRides.storyboardc/dFx-F1-snf-view-YNl-v6-cjx.nib/objects-14.0+.nib
2023-07-17 06:16:31 +0000  copying file ./Payload/eLiift.app/MyRides.storyboardc/50W-kN-aZH-view-hbc-6H-cny.nib/objects-13.0+.nib ... 
2023-07-17 06:16:31 +0000  8464 bytes for ./Payload/eLiift.app/MyRides.storyboardc/50W-kN-aZH-view-hbc-6H-cny.nib/objects-13.0+.nib
copying file ./Payload/eLiift.app/MyRides.storyboardc/50W-kN-aZH-view-hbc-6H-cny.nib/runtime.nib ... 
2023-07-17 06:16:31 +0000  8956 bytes for ./Payload/eLiift.app/MyRides.storyboardc/50W-kN-aZH-view-hbc-6H-cny.nib/runtime.nib
2023-07-17 06:16:31 +0000  copying file ./Payload/eLiift.app/MyRides.storyboardc/50W-kN-aZH-view-hbc-6H-cny.nib/objects-14.0+.nib ... 
2023-07-17 06:16:31 +0000  8464 bytes for ./Payload/eLiift.app/MyRides.storyboardc/50W-kN-aZH-view-hbc-6H-cny.nib/objects-14.0+.nib
2023-07-17 06:16:31 +0000  copying file ./Payload/eLiift.app/MyRides.storyboardc/I56-Kk-SEO-view-UK8-Ib-rON.nib/objects-13.0+.nib ... 
2023-07-17 06:16:31 +0000  8839 bytes for ./Payload/eLiift.app/MyRides.storyboardc/I56-Kk-SEO-view-UK8-Ib-rON.nib/objects-13.0+.nib
copying file ./Payload/eLiift.app/MyRides.storyboardc/I56-Kk-SEO-view-UK8-Ib-rON.nib/runtime.nib ... 
2023-07-17 06:16:31 +0000  9435 bytes for ./Payload/eLiift.app/MyRides.storyboardc/I56-Kk-SEO-view-UK8-Ib-rON.nib/runtime.nib
copying file ./Payload/eLiift.app/MyRides.storyboardc/I56-Kk-SEO-view-UK8-Ib-rON.nib/objects-14.0+.nib ... 
2023-07-17 06:16:31 +0000  8795 bytes for ./Payload/eLiift.app/MyRides.storyboardc/I56-Kk-SEO-view-UK8-Ib-rON.nib/objects-14.0+.nib
2023-07-17 06:16:31 +0000  copying file ./Payload/eLiift.app/MyRides.storyboardc/FindRideDetailVC.nib/objects-13.0+.nib ... 
2023-07-17 06:16:31 +0000  1021 bytes for ./Payload/eLiift.app/MyRides.storyboardc/FindRideDetailVC.nib/objects-13.0+.nib
copying file ./Payload/eLiift.app/MyRides.storyboardc/FindRideDetailVC.nib/runtime.nib ... 
2023-07-17 06:16:31 +0000  1021 bytes for ./Payload/eLiift.app/MyRides.storyboardc/FindRideDetailVC.nib/runtime.nib
copying file ./Payload/eLiift.app/MyRides.storyboardc/FindRideDetailVC.nib/objects-14.0+.nib ... 
2023-07-17 06:16:31 +0000  1021 bytes for ./Payload/eLiift.app/MyRides.storyboardc/FindRideDetailVC.nib/objects-14.0+.nib
2023-07-17 06:16:31 +0000  copying file ./Payload/eLiift.app/MyRides.storyboardc/ZR8-fk-bBu-view-MwW-KB-SWB.nib/objects-13.0+.nib ... 
2023-07-17 06:16:31 +0000  19610 bytes for ./Payload/eLiift.app/MyRides.storyboardc/ZR8-fk-bBu-view-MwW-KB-SWB.nib/objects-13.0+.nib
copying file ./Payload/eLiift.app/MyRides.storyboardc/ZR8-fk-bBu-view-MwW-KB-SWB.nib/runtime.nib ... 
2023-07-17 06:16:31 +0000  20852 bytes for ./Payload/eLiift.app/MyRides.storyboardc/ZR8-fk-bBu-view-MwW-KB-SWB.nib/runtime.nib
copying file ./Payload/eLiift.app/MyRides.storyboardc/ZR8-fk-bBu-view-MwW-KB-SWB.nib/objects-14.0+.nib ... 
2023-07-17 06:16:31 +0000  18336 bytes for ./Payload/eLiift.app/MyRides.storyboardc/ZR8-fk-bBu-view-MwW-KB-SWB.nib/objects-14.0+.nib
2023-07-17 06:16:31 +0000  copying file ./Payload/eLiift.app/MyRides.storyboardc/KFZ-bi-dRS-view-6Bl-M3-4Dj.nib/objects-13.0+.nib ... 
2023-07-17 06:16:31 +0000  7641 bytes for ./Payload/eLiift.app/MyRides.storyboardc/KFZ-bi-dRS-view-6Bl-M3-4Dj.nib/objects-13.0+.nib
2023-07-17 06:16:31 +0000  copying file ./Payload/eLiift.app/MyRides.storyboardc/KFZ-bi-dRS-view-6Bl-M3-4Dj.nib/runtime.nib ... 
2023-07-17 06:16:31 +0000  8132 bytes for ./Payload/eLiift.app/MyRides.storyboardc/KFZ-bi-dRS-view-6Bl-M3-4Dj.nib/runtime.nib
copying file ./Payload/eLiift.app/MyRides.storyboardc/KFZ-bi-dRS-view-6Bl-M3-4Dj.nib/objects-14.0+.nib ... 
2023-07-17 06:16:31 +0000  7641 bytes for ./Payload/eLiift.app/MyRides.storyboardc/KFZ-bi-dRS-view-6Bl-M3-4Dj.nib/objects-14.0+.nib
2023-07-17 06:16:31 +0000  copying file ./Payload/eLiift.app/MyRides.storyboardc/RecurringVC.nib/objects-13.0+.nib ... 
2023-07-17 06:16:31 +0000  1011 bytes for ./Payload/eLiift.app/MyRides.storyboardc/RecurringVC.nib/objects-13.0+.nib
copying file ./Payload/eLiift.app/MyRides.storyboardc/RecurringVC.nib/runtime.nib ... 
2023-07-17 06:16:31 +0000  1011 bytes for ./Payload/eLiift.app/MyRides.storyboardc/RecurringVC.nib/runtime.nib
2023-07-17 06:16:31 +0000  copying file ./Payload/eLiift.app/MyRides.storyboardc/RecurringVC.nib/objects-14.0+.nib ... 
2023-07-17 06:16:31 +0000  1011 bytes for ./Payload/eLiift.app/MyRides.storyboardc/RecurringVC.nib/objects-14.0+.nib
copying file ./Payload/eLiift.app/MyRides.storyboardc/UpcomingRideVC.nib/objects-13.0+.nib ... 
2023-07-17 06:16:31 +0000  1017 bytes for ./Payload/eLiift.app/MyRides.storyboardc/UpcomingRideVC.nib/objects-13.0+.nib
2023-07-17 06:16:31 +0000  copying file ./Payload/eLiift.app/MyRides.storyboardc/UpcomingRideVC.nib/runtime.nib ... 
2023-07-17 06:16:31 +0000  1017 bytes for ./Payload/eLiift.app/MyRides.storyboardc/UpcomingRideVC.nib/runtime.nib
copying file ./Payload/eLiift.app/MyRides.storyboardc/UpcomingRideVC.nib/objects-14.0+.nib ... 
2023-07-17 06:16:31 +0000  1017 bytes for ./Payload/eLiift.app/MyRides.storyboardc/UpcomingRideVC.nib/objects-14.0+.nib
2023-07-17 06:16:31 +0000  copying file ./Payload/eLiift.app/MyRides.storyboardc/rpq-LO-JL4-view-XjV-Ze-utJ.nib/objects-13.0+.nib ... 
2023-07-17 06:16:31 +0000  12166 bytes for ./Payload/eLiift.app/MyRides.storyboardc/rpq-LO-JL4-view-XjV-Ze-utJ.nib/objects-13.0+.nib
copying file ./Payload/eLiift.app/MyRides.storyboardc/rpq-LO-JL4-view-XjV-Ze-utJ.nib/runtime.nib ... 
2023-07-17 06:16:31 +0000  13054 bytes for ./Payload/eLiift.app/MyRides.storyboardc/rpq-LO-JL4-view-XjV-Ze-utJ.nib/runtime.nib
2023-07-17 06:16:31 +0000  copying file ./Payload/eLiift.app/MyRides.storyboardc/rpq-LO-JL4-view-XjV-Ze-utJ.nib/objects-14.0+.nib ... 
2023-07-17 06:16:31 +0000  12166 bytes for ./Payload/eLiift.app/MyRides.storyboardc/rpq-LO-JL4-view-XjV-Ze-utJ.nib/objects-14.0+.nib
2023-07-17 06:16:31 +0000  copying file ./Payload/eLiift.app/MyRides.storyboardc/MyRidePageControllerVC.nib/objects-13.0+.nib ... 
2023-07-17 06:16:31 +0000  1033 bytes for ./Payload/eLiift.app/MyRides.storyboardc/MyRidePageControllerVC.nib/objects-13.0+.nib
copying file ./Payload/eLiift.app/MyRides.storyboardc/MyRidePageControllerVC.nib/runtime.nib ... 
2023-07-17 06:16:31 +0000  1033 bytes for ./Payload/eLiift.app/MyRides.storyboardc/MyRidePageControllerVC.nib/runtime.nib
2023-07-17 06:16:31 +0000  copying file ./Payload/eLiift.app/MyRides.storyboardc/MyRidePageControllerVC.nib/objects-14.0+.nib ... 
2023-07-17 06:16:31 +0000  1033 bytes for ./Payload/eLiift.app/MyRides.storyboardc/MyRidePageControllerVC.nib/objects-14.0+.nib
2023-07-17 06:16:31 +0000  copying file ./Payload/eLiift.app/MyRides.storyboardc/vHI-j7-vmi-view-uqq-2O-wf4.nib/objects-13.0+.nib ... 
2023-07-17 06:16:31 +0000  24226 bytes for ./Payload/eLiift.app/MyRides.storyboardc/vHI-j7-vmi-view-uqq-2O-wf4.nib/objects-13.0+.nib
copying file ./Payload/eLiift.app/MyRides.storyboardc/vHI-j7-vmi-view-uqq-2O-wf4.nib/runtime.nib ... 
2023-07-17 06:16:31 +0000  27598 bytes for ./Payload/eLiift.app/MyRides.storyboardc/vHI-j7-vmi-view-uqq-2O-wf4.nib/runtime.nib
copying file ./Payload/eLiift.app/MyRides.storyboardc/vHI-j7-vmi-view-uqq-2O-wf4.nib/objects-14.0+.nib ... 
2023-07-17 06:16:31 +0000  22886 bytes for ./Payload/eLiift.app/MyRides.storyboardc/vHI-j7-vmi-view-uqq-2O-wf4.nib/objects-14.0+.nib
2023-07-17 06:16:31 +0000  copying file ./Payload/eLiift.app/MyRides.storyboardc/HvX-jF-UgW-view-ruA-rK-eaF.nib/objects-13.0+.nib ... 
2023-07-17 06:16:31 +0000  26529 bytes for ./Payload/eLiift.app/MyRides.storyboardc/HvX-jF-UgW-view-ruA-rK-eaF.nib/objects-13.0+.nib
copying file ./Payload/eLiift.app/MyRides.storyboardc/HvX-jF-UgW-view-ruA-rK-eaF.nib/runtime.nib ... 
2023-07-17 06:16:31 +0000  28853 bytes for ./Payload/eLiift.app/MyRides.storyboardc/HvX-jF-UgW-view-ruA-rK-eaF.nib/runtime.nib
copying file ./Payload/eLiift.app/MyRides.storyboardc/HvX-jF-UgW-view-ruA-rK-eaF.nib/objects-14.0+.nib ... 
2023-07-17 06:16:31 +0000  25275 bytes for ./Payload/eLiift.app/MyRides.storyboardc/HvX-jF-UgW-view-ruA-rK-eaF.nib/objects-14.0+.nib
2023-07-17 06:16:31 +0000  copying file ./Payload/eLiift.app/MyRides.storyboardc/OfferRideDetailVC.nib/objects-13.0+.nib ... 
2023-07-17 06:16:31 +0000  1023 bytes for ./Payload/eLiift.app/MyRides.storyboardc/OfferRideDetailVC.nib/objects-13.0+.nib
copying file ./Payload/eLiift.app/MyRides.storyboardc/OfferRideDetailVC.nib/runtime.nib ... 
2023-07-17 06:16:31 +0000  1023 bytes for ./Payload/eLiift.app/MyRides.storyboardc/OfferRideDetailVC.nib/runtime.nib
copying file ./Payload/eLiift.app/MyRides.storyboardc/OfferRideDetailVC.nib/objects-14.0+.nib ... 
2023-07-17 06:16:31 +0000  1023 bytes for ./Payload/eLiift.app/MyRides.storyboardc/OfferRideDetailVC.nib/objects-14.0+.nib
copying file ./Payload/eLiift.app/MyRides.storyboardc/Info.plist ... 
2023-07-17 06:16:31 +0000  430 bytes for ./Payload/eLiift.app/MyRides.storyboardc/Info.plist
2023-07-17 06:16:31 +0000  copying file ./Payload/eLiift.app/MyRides.storyboardc/RecurringRideVC.nib/objects-13.0+.nib ... 
2023-07-17 06:16:31 +0000  1019 bytes for ./Payload/eLiift.app/MyRides.storyboardc/RecurringRideVC.nib/objects-13.0+.nib
2023-07-17 06:16:31 +0000  copying file ./Payload/eLiift.app/MyRides.storyboardc/RecurringRideVC.nib/runtime.nib ... 
2023-07-17 06:16:31 +0000  1019 bytes for ./Payload/eLiift.app/MyRides.storyboardc/RecurringRideVC.nib/runtime.nib
copying file ./Payload/eLiift.app/MyRides.storyboardc/RecurringRideVC.nib/objects-14.0+.nib ... 
2023-07-17 06:16:31 +0000  1019 bytes for ./Payload/eLiift.app/MyRides.storyboardc/RecurringRideVC.nib/objects-14.0+.nib
2023-07-17 06:16:31 +0000  copying file ./Payload/eLiift.app/car_animate.json ... 
2023-07-17 06:16:31 +0000  207158 bytes for ./Payload/eLiift.app/car_animate.json
copying file ./Payload/eLiift.app/madurai.gpx ... 
2023-07-17 06:16:31 +0000  893 bytes for ./Payload/eLiift.app/madurai.gpx
2023-07-17 06:16:31 +0000  copying file ./Payload/eLiift.app/LaunchScreen.storyboardc/01J-lp-oVM-view-Ze5-6b-2t3.nib ... 
2023-07-17 06:16:31 +0000  2688 bytes for ./Payload/eLiift.app/LaunchScreen.storyboardc/01J-lp-oVM-view-Ze5-6b-2t3.nib
2023-07-17 06:16:31 +0000  copying file ./Payload/eLiift.app/LaunchScreen.storyboardc/UIViewController-01J-lp-oVM.nib ... 
2023-07-17 06:16:31 +0000  896 bytes for ./Payload/eLiift.app/LaunchScreen.storyboardc/UIViewController-01J-lp-oVM.nib
copying file ./Payload/eLiift.app/LaunchScreen.storyboardc/Info.plist ... 
2023-07-17 06:16:31 +0000  258 bytes for ./Payload/eLiift.app/LaunchScreen.storyboardc/Info.plist
copying file ./Payload/eLiift.app/AddVehicleCell.nib ... 
2023-07-17 06:16:31 +0000  6410 bytes for ./Payload/eLiift.app/AddVehicleCell.nib
copying file ./Payload/eLiift.app/Right.json ... 
2023-07-17 06:16:31 +0000  4419 bytes for ./Payload/eLiift.app/Right.json
copying file ./Payload/eLiift.app/eLiift ... 
2023-07-17 06:16:32 +0000  15777024 bytes for ./Payload/eLiift.app/eLiift
2023-07-17 06:16:32 +0000  copying file ./Payload/eLiift.app/RideUserCell.nib/runtime.nib ... 
2023-07-17 06:16:32 +0000  7555 bytes for ./Payload/eLiift.app/RideUserCell.nib/runtime.nib
copying file ./Payload/eLiift.app/RideUserCell.nib/objects-12.3+.nib ... 
2023-07-17 06:16:32 +0000  7782 bytes for ./Payload/eLiift.app/RideUserCell.nib/objects-12.3+.nib
copying file ./Payload/eLiift.app/bike_ride.json ... 
2023-07-17 06:16:32 +0000  242208 bytes for ./Payload/eLiift.app/bike_ride.json
2023-07-17 06:16:32 +0000  copying file ./Payload/eLiift.app/Frameworks/SwiftyJSON.framework/_CodeSignature/CodeResources ... 
2023-07-17 06:16:32 +0000  1798 bytes for ./Payload/eLiift.app/Frameworks/SwiftyJSON.framework/_CodeSignature/CodeResources
2023-07-17 06:16:32 +0000  copying file ./Payload/eLiift.app/Frameworks/SwiftyJSON.framework/SwiftyJSON ... 
2023-07-17 06:16:32 +0000  342640 bytes for ./Payload/eLiift.app/Frameworks/SwiftyJSON.framework/SwiftyJSON
copying file ./Payload/eLiift.app/Frameworks/SwiftyJSON.framework/Info.plist ... 
2023-07-17 06:16:32 +0000  788 bytes for ./Payload/eLiift.app/Frameworks/SwiftyJSON.framework/Info.plist
2023-07-17 06:16:32 +0000  copying file ./Payload/eLiift.app/Frameworks/MarqueeLabel.framework/_CodeSignature/CodeResources ... 
2023-07-17 06:16:32 +0000  1798 bytes for ./Payload/eLiift.app/Frameworks/MarqueeLabel.framework/_CodeSignature/CodeResources
2023-07-17 06:16:32 +0000  copying file ./Payload/eLiift.app/Frameworks/MarqueeLabel.framework/MarqueeLabel ... 
2023-07-17 06:16:32 +0000  306048 bytes for ./Payload/eLiift.app/Frameworks/MarqueeLabel.framework/MarqueeLabel
copying file ./Payload/eLiift.app/Frameworks/MarqueeLabel.framework/Info.plist ... 
2023-07-17 06:16:32 +0000  792 bytes for ./Payload/eLiift.app/Frameworks/MarqueeLabel.framework/Info.plist
2023-07-17 06:16:32 +0000  copying file ./Payload/eLiift.app/Frameworks/Razorpay.framework/_CodeSignature/CodeResources ... 
2023-07-17 06:16:32 +0000  5030 bytes for ./Payload/eLiift.app/Frameworks/Razorpay.framework/_CodeSignature/CodeResources
2023-07-17 06:16:32 +0000  copying file ./Payload/eLiift.app/Frameworks/Razorpay.framework/Hash.txt ... 
32 bytes for ./Payload/eLiift.app/Frameworks/Razorpay.framework/Hash.txt
2023-07-17 06:16:32 +0000  copying file ./Payload/eLiift.app/Frameworks/Razorpay.framework/EncryptedOtpelf.js ... 
2023-07-17 06:16:32 +0000  87788 bytes for ./Payload/eLiift.app/Frameworks/Razorpay.framework/EncryptedOtpelf.js
2023-07-17 06:16:32 +0000  copying file ./Payload/eLiift.app/Frameworks/Razorpay.framework/Checkout.storyboardc/UINavigationController-ODs-ga-9IN.nib/objects-11.0+.nib ... 
2023-07-17 06:16:32 +0000  2073 bytes for ./Payload/eLiift.app/Frameworks/Razorpay.framework/Checkout.storyboardc/UINavigationController-ODs-ga-9IN.nib/objects-11.0+.nib
copying file ./Payload/eLiift.app/Frameworks/Razorpay.framework/Checkout.storyboardc/UINavigationController-ODs-ga-9IN.nib/runtime.nib ... 
2023-07-17 06:16:32 +0000  2073 bytes for ./Payload/eLiift.app/Frameworks/Razorpay.framework/Checkout.storyboardc/UINavigationController-ODs-ga-9IN.nib/runtime.nib
2023-07-17 06:16:32 +0000  copying file ./Payload/eLiift.app/Frameworks/Razorpay.framework/Checkout.storyboardc/RazorpayCheckoutVC.nib/objects-11.0+.nib ... 
2023-07-17 06:16:32 +0000  1418 bytes for ./Payload/eLiift.app/Frameworks/Razorpay.framework/Checkout.storyboardc/RazorpayCheckoutVC.nib/objects-11.0+.nib
2023-07-17 06:16:32 +0000  copying file ./Payload/eLiift.app/Frameworks/Razorpay.framework/Checkout.storyboardc/RazorpayCheckoutVC.nib/runtime.nib ... 
2023-07-17 06:16:32 +0000  1418 bytes for ./Payload/eLiift.app/Frameworks/Razorpay.framework/Checkout.storyboardc/RazorpayCheckoutVC.nib/runtime.nib
2023-07-17 06:16:33 +0000  copying file ./Payload/eLiift.app/Frameworks/Razorpay.framework/Checkout.storyboardc/RBq-mH-fUs-view-vI7-59-shd.nib/objects-11.0+.nib ... 
2691 bytes for ./Payload/eLiift.app/Frameworks/Razorpay.framework/Checkout.storyboardc/RBq-mH-fUs-view-vI7-59-shd.nib/objects-11.0+.nib
copying file ./Payload/eLiift.app/Frameworks/Razorpay.framework/Checkout.storyboardc/RBq-mH-fUs-view-vI7-59-shd.nib/runtime.nib ... 
2814 bytes for ./Payload/eLiift.app/Frameworks/Razorpay.framework/Checkout.storyboardc/RBq-mH-fUs-view-vI7-59-shd.nib/runtime.nib
copying file ./Payload/eLiift.app/Frameworks/Razorpay.framework/Checkout.storyboardc/Info.plist ... 
333 bytes for ./Payload/eLiift.app/Frameworks/Razorpay.framework/Checkout.storyboardc/Info.plist
copying file ./Payload/eLiift.app/Frameworks/Razorpay.framework/Razorpay ... 
2023-07-17 06:16:33 +0000  1027504 bytes for ./Payload/eLiift.app/Frameworks/Razorpay.framework/Razorpay
copying file ./Payload/eLiift.app/Frameworks/Razorpay.framework/Info.plist ... 
2023-07-17 06:16:33 +0000  714 bytes for ./Payload/eLiift.app/Frameworks/Razorpay.framework/Info.plist
2023-07-17 06:16:33 +0000  copying file ./Payload/eLiift.app/Frameworks/GoogleDataTransport.framework/_CodeSignature/CodeResources ... 
2023-07-17 06:16:33 +0000  1798 bytes for ./Payload/eLiift.app/Frameworks/GoogleDataTransport.framework/_CodeSignature/CodeResources
2023-07-17 06:16:33 +0000  copying file ./Payload/eLiift.app/Frameworks/GoogleDataTransport.framework/GoogleDataTransport ... 
2023-07-17 06:16:33 +0000  417760 bytes for ./Payload/eLiift.app/Frameworks/GoogleDataTransport.framework/GoogleDataTransport
copying file ./Payload/eLiift.app/Frameworks/GoogleDataTransport.framework/Info.plist ... 
2023-07-17 06:16:33 +0000  808 bytes for ./Payload/eLiift.app/Frameworks/GoogleDataTransport.framework/Info.plist
2023-07-17 06:16:33 +0000  copying file ./Payload/eLiift.app/Frameworks/GeoFire.framework/_CodeSignature/CodeResources ... 
2023-07-17 06:16:33 +0000  1798 bytes for ./Payload/eLiift.app/Frameworks/GeoFire.framework/_CodeSignature/CodeResources
2023-07-17 06:16:33 +0000  copying file ./Payload/eLiift.app/Frameworks/GeoFire.framework/GeoFire ... 
2023-07-17 06:16:33 +0000  167504 bytes for ./Payload/eLiift.app/Frameworks/GeoFire.framework/GeoFire
copying file ./Payload/eLiift.app/Frameworks/GeoFire.framework/Info.plist ... 
2023-07-17 06:16:33 +0000  783 bytes for ./Payload/eLiift.app/Frameworks/GeoFire.framework/Info.plist
2023-07-17 06:16:33 +0000  copying file ./Payload/eLiift.app/Frameworks/Kingfisher.framework/_CodeSignature/CodeResources ... 
2023-07-17 06:16:33 +0000  1798 bytes for ./Payload/eLiift.app/Frameworks/Kingfisher.framework/_CodeSignature/CodeResources
copying file ./Payload/eLiift.app/Frameworks/Kingfisher.framework/Kingfisher ... 
2023-07-17 06:16:33 +0000  2389680 bytes for ./Payload/eLiift.app/Frameworks/Kingfisher.framework/Kingfisher
copying file ./Payload/eLiift.app/Frameworks/Kingfisher.framework/Info.plist ... 
2023-07-17 06:16:33 +0000  789 bytes for ./Payload/eLiift.app/Frameworks/Kingfisher.framework/Info.plist
2023-07-17 06:16:33 +0000  copying file ./Payload/eLiift.app/Frameworks/PINOperation.framework/_CodeSignature/CodeResources ... 
2023-07-17 06:16:33 +0000  1798 bytes for ./Payload/eLiift.app/Frameworks/PINOperation.framework/_CodeSignature/CodeResources
copying file ./Payload/eLiift.app/Frameworks/PINOperation.framework/PINOperation ... 
2023-07-17 06:16:33 +0000  129952 bytes for ./Payload/eLiift.app/Frameworks/PINOperation.framework/PINOperation
copying file ./Payload/eLiift.app/Frameworks/PINOperation.framework/Info.plist ... 
2023-07-17 06:16:33 +0000  792 bytes for ./Payload/eLiift.app/Frameworks/PINOperation.framework/Info.plist
2023-07-17 06:16:33 +0000  copying file ./Payload/eLiift.app/Frameworks/RxRelay.framework/_CodeSignature/CodeResources ... 
2023-07-17 06:16:33 +0000  1798 bytes for ./Payload/eLiift.app/Frameworks/RxRelay.framework/_CodeSignature/CodeResources
copying file ./Payload/eLiift.app/Frameworks/RxRelay.framework/RxRelay ... 
2023-07-17 06:16:33 +0000  109776 bytes for ./Payload/eLiift.app/Frameworks/RxRelay.framework/RxRelay
copying file ./Payload/eLiift.app/Frameworks/RxRelay.framework/Info.plist ... 
2023-07-17 06:16:33 +0000  782 bytes for ./Payload/eLiift.app/Frameworks/RxRelay.framework/Info.plist
2023-07-17 06:16:33 +0000  copying file ./Payload/eLiift.app/Frameworks/SwiftEventBus.framework/_CodeSignature/CodeResources ... 
2023-07-17 06:16:33 +0000  1798 bytes for ./Payload/eLiift.app/Frameworks/SwiftEventBus.framework/_CodeSignature/CodeResources
copying file ./Payload/eLiift.app/Frameworks/SwiftEventBus.framework/SwiftEventBus ... 
2023-07-17 06:16:33 +0000  146432 bytes for ./Payload/eLiift.app/Frameworks/SwiftEventBus.framework/SwiftEventBus
copying file ./Payload/eLiift.app/Frameworks/SwiftEventBus.framework/Info.plist ... 
2023-07-17 06:16:33 +0000  794 bytes for ./Payload/eLiift.app/Frameworks/SwiftEventBus.framework/Info.plist
2023-07-17 06:16:33 +0000  copying file ./Payload/eLiift.app/Frameworks/FBLPromises.framework/_CodeSignature/CodeResources ... 
2023-07-17 06:16:33 +0000  1798 bytes for ./Payload/eLiift.app/Frameworks/FBLPromises.framework/_CodeSignature/CodeResources
copying file ./Payload/eLiift.app/Frameworks/FBLPromises.framework/FBLPromises ... 
2023-07-17 06:16:33 +0000  192432 bytes for ./Payload/eLiift.app/Frameworks/FBLPromises.framework/FBLPromises
copying file ./Payload/eLiift.app/Frameworks/FBLPromises.framework/Info.plist ... 
2023-07-17 06:16:33 +0000  790 bytes for ./Payload/eLiift.app/Frameworks/FBLPromises.framework/Info.plist
2023-07-17 06:16:33 +0000  copying file ./Payload/eLiift.app/Frameworks/StarscreamSocketIO.framework/_CodeSignature/CodeResources ... 
2023-07-17 06:16:33 +0000  1798 bytes for ./Payload/eLiift.app/Frameworks/StarscreamSocketIO.framework/_CodeSignature/CodeResources
2023-07-17 06:16:33 +0000  copying file ./Payload/eLiift.app/Frameworks/StarscreamSocketIO.framework/Info.plist ... 
2023-07-17 06:16:33 +0000  806 bytes for ./Payload/eLiift.app/Frameworks/StarscreamSocketIO.framework/Info.plist
copying file ./Payload/eLiift.app/Frameworks/StarscreamSocketIO.framework/StarscreamSocketIO ... 
2023-07-17 06:16:33 +0000  414592 bytes for ./Payload/eLiift.app/Frameworks/StarscreamSocketIO.framework/StarscreamSocketIO
2023-07-17 06:16:33 +0000  copying file ./Payload/eLiift.app/Frameworks/libswift_Concurrency.dylib ... 
2023-07-17 06:16:33 +0000  557952 bytes for ./Payload/eLiift.app/Frameworks/libswift_Concurrency.dylib
2023-07-17 06:16:33 +0000  copying file ./Payload/eLiift.app/Frameworks/FirebaseCore.framework/_CodeSignature/CodeResources ... 
1798 bytes for ./Payload/eLiift.app/Frameworks/FirebaseCore.framework/_CodeSignature/CodeResources
copying file ./Payload/eLiift.app/Frameworks/FirebaseCore.framework/FirebaseCore ... 
202976 bytes for ./Payload/eLiift.app/Frameworks/FirebaseCore.framework/FirebaseCore
copying file ./Payload/eLiift.app/Frameworks/FirebaseCore.framework/Info.plist ... 
793 bytes for ./Payload/eLiift.app/Frameworks/FirebaseCore.framework/Info.plist
copying file ./Payload/eLiift.app/Frameworks/FirebaseRemoteConfig.framework/_CodeSignature/CodeResources ... 
1798 bytes for ./Payload/eLiift.app/Frameworks/FirebaseRemoteConfig.framework/_CodeSignature/CodeResources
copying file ./Payload/eLiift.app/Frameworks/FirebaseRemoteConfig.framework/FirebaseRemoteConfig ... 
330784 bytes for ./Payload/eLiift.app/Frameworks/FirebaseRemoteConfig.framework/FirebaseRemoteConfig
copying file ./Payload/eLiift.app/Frameworks/FirebaseRemoteConfig.framework/Info.plist ... 
812 bytes for ./Payload/eLiift.app/Frameworks/FirebaseRemoteConfig.framework/Info.plist
copying file ./Payload/eLiift.app/Frameworks/GoogleUtilities.framework/_CodeSignature/CodeResources ... 
1798 bytes for ./Payload/eLiift.app/Frameworks/GoogleUtilities.framework/_CodeSignature/CodeResources
copying file ./Payload/eLiift.app/Frameworks/GoogleUtilities.framework/GoogleUtilities ... 
319536 bytes for ./Payload/eLiift.app/Frameworks/GoogleUtilities.framework/GoogleUtilities
copying file ./Payload/eLiift.app/Frameworks/GoogleUtilities.framework/Info.plist ... 
801 bytes for ./Payload/eLiift.app/Frameworks/GoogleUtilities.framework/Info.plist
copying file ./Payload/eLiift.app/Frameworks/SocketIO.framework/_CodeSignature/CodeResources ... 
1798 bytes for ./Payload/eLiift.app/Frameworks/SocketIO.framework/_CodeSignature/CodeResources
copying file ./Payload/eLiift.app/Frameworks/SocketIO.framework/SocketIO ... 
2023-07-17 06:16:33 +0000  609968 bytes for ./Payload/eLiift.app/Frameworks/SocketIO.framework/SocketIO
copying file ./Payload/eLiift.app/Frameworks/SocketIO.framework/Info.plist ... 
2023-07-17 06:16:33 +0000  785 bytes for ./Payload/eLiift.app/Frameworks/SocketIO.framework/Info.plist
2023-07-17 06:16:33 +0000  copying file ./Payload/eLiift.app/Frameworks/FirebaseMessaging.framework/_CodeSignature/CodeResources ... 
2023-07-17 06:16:33 +0000  1798 bytes for ./Payload/eLiift.app/Frameworks/FirebaseMessaging.framework/_CodeSignature/CodeResources
copying file ./Payload/eLiift.app/Frameworks/FirebaseMessaging.framework/FirebaseMessaging ... 
2023-07-17 06:16:33 +0000  566016 bytes for ./Payload/eLiift.app/Frameworks/FirebaseMessaging.framework/FirebaseMessaging
2023-07-17 06:16:33 +0000  copying file ./Payload/eLiift.app/Frameworks/FirebaseMessaging.framework/Info.plist ... 
806 bytes for ./Payload/eLiift.app/Frameworks/FirebaseMessaging.framework/Info.plist
2023-07-17 06:16:33 +0000  copying file ./Payload/eLiift.app/Frameworks/DropDown.framework/_CodeSignature/CodeResources ... 
2023-07-17 06:16:33 +0000  2096 bytes for ./Payload/eLiift.app/Frameworks/DropDown.framework/_CodeSignature/CodeResources
2023-07-17 06:16:33 +0000  copying file ./Payload/eLiift.app/Frameworks/DropDown.framework/DropDown ... 
2023-07-17 06:16:33 +0000  383424 bytes for ./Payload/eLiift.app/Frameworks/DropDown.framework/DropDown
copying file ./Payload/eLiift.app/Frameworks/DropDown.framework/DropDownCell.nib ... 
2023-07-17 06:16:33 +0000  2547 bytes for ./Payload/eLiift.app/Frameworks/DropDown.framework/DropDownCell.nib
copying file ./Payload/eLiift.app/Frameworks/DropDown.framework/Info.plist ... 
2023-07-17 06:16:33 +0000  785 bytes for ./Payload/eLiift.app/Frameworks/DropDown.framework/Info.plist
2023-07-17 06:16:33 +0000  copying file ./Payload/eLiift.app/Frameworks/nanopb.framework/_CodeSignature/CodeResources ... 
2023-07-17 06:16:33 +0000  1798 bytes for ./Payload/eLiift.app/Frameworks/nanopb.framework/_CodeSignature/CodeResources
copying file ./Payload/eLiift.app/Frameworks/nanopb.framework/nanopb ... 
2023-07-17 06:16:33 +0000  81136 bytes for ./Payload/eLiift.app/Frameworks/nanopb.framework/nanopb
copying file ./Payload/eLiift.app/Frameworks/nanopb.framework/Info.plist ... 
2023-07-17 06:16:33 +0000  784 bytes for ./Payload/eLiift.app/Frameworks/nanopb.framework/Info.plist
2023-07-17 06:16:33 +0000  copying file ./Payload/eLiift.app/Frameworks/StepSlider.framework/_CodeSignature/CodeResources ... 
2023-07-17 06:16:33 +0000  1798 bytes for ./Payload/eLiift.app/Frameworks/StepSlider.framework/_CodeSignature/CodeResources
copying file ./Payload/eLiift.app/Frameworks/StepSlider.framework/StepSlider ... 
2023-07-17 06:16:33 +0000  113648 bytes for ./Payload/eLiift.app/Frameworks/StepSlider.framework/StepSlider
copying file ./Payload/eLiift.app/Frameworks/StepSlider.framework/Info.plist ... 
2023-07-17 06:16:33 +0000  789 bytes for ./Payload/eLiift.app/Frameworks/StepSlider.framework/Info.plist
2023-07-17 06:16:33 +0000  copying file ./Payload/eLiift.app/Frameworks/IQKeyboardManagerSwift.framework/_CodeSignature/CodeResources ... 
2023-07-17 06:16:33 +0000  1798 bytes for ./Payload/eLiift.app/Frameworks/IQKeyboardManagerSwift.framework/_CodeSignature/CodeResources
copying file ./Payload/eLiift.app/Frameworks/IQKeyboardManagerSwift.framework/IQKeyboardManagerSwift ... 
2023-07-17 06:16:33 +0000  815152 bytes for ./Payload/eLiift.app/Frameworks/IQKeyboardManagerSwift.framework/IQKeyboardManagerSwift
copying file ./Payload/eLiift.app/Frameworks/IQKeyboardManagerSwift.framework/Info.plist ... 
2023-07-17 06:16:33 +0000  815 bytes for ./Payload/eLiift.app/Frameworks/IQKeyboardManagerSwift.framework/Info.plist
2023-07-17 06:16:33 +0000  copying file ./Payload/eLiift.app/Frameworks/CountryPickerView.framework/_CodeSignature/CodeResources ... 
2023-07-17 06:16:33 +0000  98570 bytes for ./Payload/eLiift.app/Frameworks/CountryPickerView.framework/_CodeSignature/CodeResources
copying file ./Payload/eLiift.app/Frameworks/CountryPickerView.framework/CountryPickerView ... 
2023-07-17 06:16:33 +0000  286512 bytes for ./Payload/eLiift.app/Frameworks/CountryPickerView.framework/CountryPickerView
2023-07-17 06:16:33 +0000  copying file ./Payload/eLiift.app/Frameworks/CountryPickerView.framework/CountryPickerView_CountryPickerView.bundle/_CodeSignature/CodeResources ... 
2023-07-17 06:16:33 +0000  74186 bytes for ./Payload/eLiift.app/Frameworks/CountryPickerView.framework/CountryPickerView_CountryPickerView.bundle/_CodeSignature/CodeResources
2023-07-17 06:16:33 +0000  copying file ./Payload/eLiift.app/Frameworks/CountryPickerView.framework/CountryPickerView_CountryPickerView.bundle/_CodeSignature/CodeDirectory ... 
2023-07-17 06:16:33 +0000  193 bytes for ./Payload/eLiift.app/Frameworks/CountryPickerView.framework/CountryPickerView_CountryPickerView.bundle/_CodeSignature/CodeDirectory
copying file ./Payload/eLiift.app/Frameworks/CountryPickerView.framework/CountryPickerView_CountryPickerView.bundle/_CodeSignature/CodeRequirements-1 ... 
2023-07-17 06:16:33 +0000  241 bytes for ./Payload/eLiift.app/Frameworks/CountryPickerView.framework/CountryPickerView_CountryPickerView.bundle/_CodeSignature/CodeRequirements-1
copying file ./Payload/eLiift.app/Frameworks/CountryPickerView.framework/CountryPickerView_CountryPickerView.bundle/_CodeSignature/CodeSignature ... 
2023-07-17 06:16:33 +0000  4880 bytes for ./Payload/eLiift.app/Frameworks/CountryPickerView.framework/CountryPickerView_CountryPickerView.bundle/_CodeSignature/CodeSignature
2023-07-17 06:16:33 +0000  copying file ./Payload/eLiift.app/Frameworks/CountryPickerView.framework/CountryPickerView_CountryPickerView.bundle/_CodeSignature/CodeRequirements ... 
216 bytes for ./Payload/eLiift.app/Frameworks/CountryPickerView.framework/CountryPickerView_CountryPickerView.bundle/_CodeSignature/CodeRequirements
2023-07-17 06:16:33 +0000  copying file ./Payload/eLiift.app/Frameworks/CountryPickerView.framework/CountryPickerView_CountryPickerView.bundle/CountryPickerView.nib ... 
2023-07-17 06:16:33 +0000  3745 bytes for ./Payload/eLiift.app/Frameworks/CountryPickerView.framework/CountryPickerView_CountryPickerView.bundle/CountryPickerView.nib
2023-07-17 06:16:33 +0000  copying file ./Payload/eLiift.app/Frameworks/CountryPickerView.framework/CountryPickerView_CountryPickerView.bundle/Images/TG.png ... 
2023-07-17 06:16:33 +0000  1012 bytes for ./Payload/eLiift.app/Frameworks/CountryPickerView.framework/CountryPickerView_CountryPickerView.bundle/Images/TG.png
2023-07-17 06:16:33 +0000  copying file ./Payload/eLiift.app/Frameworks/CountryPickerView.framework/CountryPickerView_CountryPickerView.bundle/Images/ME.png ... 
1777 bytes for ./Payload/eLiift.app/Frameworks/CountryPickerView.framework/CountryPickerView_CountryPickerView.bundle/Images/ME.png
2023-07-17 06:16:33 +0000  copying file ./Payload/eLiift.app/Frameworks/CountryPickerView.framework/CountryPickerView_CountryPickerView.bundle/Images/LA.png ... 
2023-07-17 06:16:33 +0000  655 bytes for ./Payload/eLiift.app/Frameworks/CountryPickerView.framework/CountryPickerView_CountryPickerView.bundle/Images/LA.png
copying file ./Payload/eLiift.app/Frameworks/CountryPickerView.framework/CountryPickerView_CountryPickerView.bundle/Images/MR.png ... 
2023-07-17 06:16:33 +0000  1070 bytes for ./Payload/eLiift.app/Frameworks/CountryPickerView.framework/CountryPickerView_CountryPickerView.bundle/Images/MR.png
copying file ./Payload/eLiift.app/Frameworks/CountryPickerView.framework/CountryPickerView_CountryPickerView.bundle/Images/NI.png ... 
2023-07-17 06:16:33 +0000  1378 bytes for ./Payload/eLiift.app/Frameworks/CountryPickerView.framework/CountryPickerView_CountryPickerView.bundle/Images/NI.png
copying file ./Payload/eLiift.app/Frameworks/CountryPickerView.framework/CountryPickerView_CountryPickerView.bundle/Images/LV.png ... 
2023-07-17 06:16:33 +0000  345 bytes for ./Payload/eLiift.app/Frameworks/CountryPickerView.framework/CountryPickerView_CountryPickerView.bundle/Images/LV.png
2023-07-17 06:16:33 +0000  copying file ./Payload/eLiift.app/Frameworks/CountryPickerView.framework/CountryPickerView_CountryPickerView.bundle/Images/OM.png ... 
2023-07-17 06:16:33 +0000  773 bytes for ./Payload/eLiift.app/Frameworks/CountryPickerView.framework/CountryPickerView_CountryPickerView.bundle/Images/OM.png
copying file ./Payload/eLiift.app/Frameworks/CountryPickerView.framework/CountryPickerView_CountryPickerView.bundle/Images/AF.png ... 
1448 bytes for ./Payload/eLiift.app/Frameworks/CountryPickerView.framework/CountryPickerView_CountryPickerView.bundle/Images/AF.png
copying file ./Payload/eLiift.app/Frameworks/CountryPickerView.framework/CountryPickerView_CountryPickerView.bundle/Images/CY.png ... 
1348 bytes for ./Payload/eLiift.app/Frameworks/CountryPickerView.framework/CountryPickerView_CountryPickerView.bundle/Images/CY.png
copying file ./Payload/eLiift.app/Frameworks/CountryPickerView.framework/CountryPickerView_CountryPickerView.bundle/Images/BJ.png ... 
425 bytes for ./Payload/eLiift.app/Frameworks/CountryPickerView.framework/CountryPickerView_CountryPickerView.bundle/Images/BJ.png
copying file ./Payload/eLiift.app/Frameworks/CountryPickerView.framework/CountryPickerView_CountryPickerView.bundle/Images/AQ.png ... 
979 bytes for ./Payload/eLiift.app/Frameworks/CountryPickerView.framework/CountryPickerView_CountryPickerView.bundle/Images/AQ.png
copying file ./Payload/eLiift.app/Frameworks/CountryPickerView.framework/CountryPickerView_CountryPickerView.bundle/Images/CN.png ... 
1045 bytes for ./Payload/eLiift.app/Frameworks/CountryPickerView.framework/CountryPickerView_CountryPickerView.bundle/Images/CN.png
copying file ./Payload/eLiift.app/Frameworks/CountryPickerView.framework/CountryPickerView_CountryPickerView.bundle/Images/CO.png ... 
382 bytes for ./Payload/eLiift.app/Frameworks/CountryPickerView.framework/CountryPickerView_CountryPickerView.bundle/Images/CO.png
copying file ./Payload/eLiift.app/Frameworks/CountryPickerView.framework/CountryPickerView_CountryPickerView.bundle/Images/CX.png ... 
1963 bytes for ./Payload/eLiift.app/Frameworks/CountryPickerView.framework/CountryPickerView_CountryPickerView.bundle/Images/CX.png
copying file ./Payload/eLiift.app/Frameworks/CountryPickerView.framework/CountryPickerView_CountryPickerView.bundle/Images/AG.png ... 
1469 bytes for ./Payload/eLiift.app/Frameworks/CountryPickerView.framework/CountryPickerView_CountryPickerView.bundle/Images/AG.png
copying file ./Payload/eLiift.app/Frameworks/CountryPickerView.framework/CountryPickerView_CountryPickerView.bundle/Images/MS.png ... 
2263 bytes for ./Payload/eLiift.app/Frameworks/CountryPickerView.framework/CountryPickerView_CountryPickerView.bundle/Images/MS.png
copying file ./Payload/eLiift.app/Frameworks/CountryPickerView.framework/CountryPickerView_CountryPickerView.bundle/Images/MD.png ... 
1500 bytes for ./Payload/eLiift.app/Frameworks/CountryPickerView.framework/CountryPickerView_CountryPickerView.bundle/Images/MD.png
copying file ./Payload/eLiift.app/Frameworks/CountryPickerView.framework/CountryPickerView_CountryPickerView.bundle/Images/ZM.png ... 
1026 bytes for ./Payload/eLiift.app/Frameworks/CountryPickerView.framework/CountryPickerView_CountryPickerView.bundle/Images/ZM.png
copying file ./Payload/eLiift.app/Frameworks/CountryPickerView.framework/CountryPickerView_CountryPickerView.bundle/Images/VN.png ... 
771 bytes for ./Payload/eLiift.app/Frameworks/CountryPickerView.framework/CountryPickerView_CountryPickerView.bundle/Images/VN.png
copying file ./Payload/eLiift.app/Frameworks/CountryPickerView.framework/CountryPickerView_CountryPickerView.bundle/Images/TF.png ... 
337 bytes for ./Payload/eLiift.app/Frameworks/CountryPickerView.framework/CountryPickerView_CountryPickerView.bundle/Images/TF.png
copying file ./Payload/eLiift.app/Frameworks/CountryPickerView.framework/CountryPickerView_CountryPickerView.bundle/Images/TD.png ... 
318 bytes for ./Payload/eLiift.app/Frameworks/CountryPickerView.framework/CountryPickerView_CountryPickerView.bundle/Images/TD.png
copying file ./Payload/eLiift.app/Frameworks/CountryPickerView.framework/CountryPickerView_CountryPickerView.bundle/Images/YT.png ... 
321 bytes for ./Payload/eLiift.app/Frameworks/CountryPickerView.framework/CountryPickerView_Countr
2023-07-17 06:16:33 +0000  yPickerView.bundle/Images/YT.png
copying file ./Payload/eLiift.app/Frameworks/CountryPickerView.framework/CountryPickerView_CountryPickerView.bundle/Images/LB.png ... 
992 bytes for ./Payload/eLiift.app/Frameworks/CountryPickerView.framework/CountryPickerView_CountryPickerView.bundle/Images/LB.png
copying file ./Payload/eLiift.app/Frameworks/CountryPickerView.framework/CountryPickerView_CountryPickerView.bundle/Images/MF.png ... 
1261 bytes for ./Payload/eLiift.app/Frameworks/CountryPickerView.framework/CountryPickerView_CountryPickerView.bundle/Images/MF.png
copying file ./Payload/eLiift.app/Frameworks/CountryPickerView.framework/CountryPickerView_CountryPickerView.bundle/Images/LU.png ... 
355 bytes for ./Payload/eLiift.app/Frameworks/CountryPickerView.framework/CountryPickerView_CountryPickerView.bundle/Images/LU.png
copying file ./Payload/eLiift.app/Frameworks/CountryPickerView.framework/CountryPickerView_CountryPickerView.bundle/Images/MQ.png ... 
337 bytes for ./Payload/eLiift.app/Frameworks/CountryPickerView.framework/CountryPickerView_CountryPickerView.bundle/Images/MQ.png
copying file ./Payload/eLiift.app/Frameworks/CountryPickerView.framework/CountryPickerView_CountryPickerView.bundle/Images/CZ.png ... 
804 bytes for ./Payload/eLiift.app/Frameworks/CountryPickerView.framework/CountryPickerView_CountryPickerView.bundle/Images/CZ.png
copying file ./Payload/eLiift.app/Frameworks/CountryPickerView.framework/CountryPickerView_CountryPickerView.bundle/Images/AE.png ... 
445 bytes for ./Payload/eLiift.app/Frameworks/CountryPickerView.framework/CountryPickerView_CountryPickerView.bundle/Images/AE.png
copying file ./Payload/eLiift.app/Frameworks/CountryPickerView.framework/CountryPickerView_CountryPickerView.bundle/Images/CM.png ... 
712 bytes for ./Payload/eLiift.app/Frameworks/CountryPickerView.framework/CountryPickerView_CountryPickerView.bundle/Images/CM.png
copying file ./Payload/eLiift.app/Frameworks/CountryPickerView.framework/CountryPickerView_CountryPickerView.bundle/Images/BI.png ... 
1394 bytes for ./Payload/eLiift.app/Frameworks/CountryPickerView.framework/CountryPickerView_CountryPickerView.bundle/Images/BI.png
copying file ./Payload/eLiift.app/Frameworks/CountryPickerView.framework/CountryPickerView_CountryPickerView.bundle/Images/AR.png ... 
1007 bytes for ./Payload/eLiift.app/Frameworks/CountryPickerView.framework/CountryPickerView_CountryPickerView.bundle/Images/AR.png
copying file ./Payload/eLiift.app/Frameworks/CountryPickerView.framework/CountryPickerView_CountryPickerView.bundle/Images/AS.png ... 
1841 bytes for ./Payload/eLiift.app/Frameworks/CountryPickerView.framework/CountryPickerView_CountryPickerView.bundle/Images/AS.png
copying file ./Payload/eLiift.app/Frameworks/CountryPickerView.framework/CountryPickerView_CountryPickerView.bundle/Images/BH.png ... 
728 bytes for ./Payload/eLiift.app/Frameworks/CountryPickerView.framework/CountryPickerView_CountryPickerView.bundle/Images/BH.png
copying file ./Payload/eLiift.app/Frameworks/CountryPickerView.framework/CountryPickerView_CountryPickerView.bundle/Images/CL.png ... 
687 bytes for ./Payload/eLiift.app/Frameworks/CountryPickerView.framework/CountryPickerView_CountryPickerView.bundle/Images/CL.png
copying file ./Payload/eLiift.app/Frameworks/CountryPickerView.framework/CountryPickerView_CountryPickerView.bundle/Images/AD.png ... 
1552 bytes for ./Payload/eLiift.app/Frameworks/CountryPickerView.framework/CountryPickerView_CountryPickerView.bundle/Images/AD.png
copying file ./Payload/eLiift.app/Frameworks/CountryPickerView.framework/CountryPickerView_CountryPickerView.bundle/Images/MP.png ... 
2256 bytes for ./Payload/eLiift.app/Frameworks/CountryPickerView.framework/CountryPickerView_CountryPickerView.bundle/Images/MP.png
copying file ./Payload/eLiift.app/Frameworks/CountryPickerView.framework/CountryPickerView_CountryPickerView.bundle/Images/LT.png ... 
385 bytes for ./Payload/eLiift.app/Frameworks/CountryPickerView.framework/CountryPickerView_CountryPickerView.bundle/Images/LT.png
copying file ./Payload/eLiift.app/Frameworks/CountryPickerView.fram
2023-07-17 06:16:33 +0000  ework/CountryPickerView_CountryPickerView.bundle/Images/MG.png ... 
413 bytes for ./Payload/eLiift.app/Frameworks/CountryPickerView.framework/CountryPickerView_CountryPickerView.bundle/Images/MG.png
copying file ./Payload/eLiift.app/Frameworks/CountryPickerView.framework/CountryPickerView_CountryPickerView.bundle/Images/LC.png ... 
1363 bytes for ./Payload/eLiift.app/Frameworks/CountryPickerView.framework/CountryPickerView_CountryPickerView.bundle/Images/LC.png
copying file ./Payload/eLiift.app/Frameworks/CountryPickerView.framework/CountryPickerView_CountryPickerView.bundle/Images/YU.png ... 
1192 bytes for ./Payload/eLiift.app/Frameworks/CountryPickerView.framework/CountryPickerView_CountryPickerView.bundle/Images/YU.png
copying file ./Payload/eLiift.app/Frameworks/CountryPickerView.framework/CountryPickerView_CountryPickerView.bundle/Images/TR.png ... 
1100 bytes for ./Payload/eLiift.app/Frameworks/CountryPickerView.framework/CountryPickerView_CountryPickerView.bundle/Images/TR.png
copying file ./Payload/eLiift.app/Frameworks/CountryPickerView.framework/CountryPickerView_CountryPickerView.bundle/Images/UA.png ... 
341 bytes for ./Payload/eLiift.app/Frameworks/CountryPickerView.framework/CountryPickerView_CountryPickerView.bundle/Images/UA.png
copying file ./Payload/eLiift.app/Frameworks/CountryPickerView.framework/CountryPickerView_CountryPickerView.bundle/Images/TV.png ... 
2325 bytes for ./Payload/eLiift.app/Frameworks/CountryPickerView.framework/CountryPickerView_CountryPickerView.bundle/Images/TV.png
copying file ./Payload/eLiift.app/Frameworks/CountryPickerView.framework/CountryPickerView_CountryPickerView.bundle/Images/VI.png ... 
2233 bytes for ./Payload/eLiift.app/Frameworks/CountryPickerView.framework/CountryPickerView_CountryPickerView.bundle/Images/VI.png
copying file ./Payload/eLiift.app/Frameworks/CountryPickerView.framework/CountryPickerView_CountryPickerView.bundle/Images/MT.png ... 
896 bytes for ./Payload/eLiift.app/Frameworks/CountryPickerView.framework/CountryPickerView_CountryPickerView.bundle/Images/MT.png
copying file ./Payload/eLiift.app/Frameworks/CountryPickerView.framework/CountryPickerView_CountryPickerView.bundle/Images/NO.png ... 
780 bytes for ./Payload/eLiift.app/Frameworks/CountryPickerView.framework/CountryPickerView_CountryPickerView.bundle/Images/NO.png
copying file ./Payload/eLiift.app/Frameworks/CountryPickerView.framework/CountryPickerView_CountryPickerView.bundle/Images/MC.png ... 
333 bytes for ./Payload/eLiift.app/Frameworks/CountryPickerView.framework/CountryPickerView_CountryPickerView.bundle/Images/MC.png
copying file ./Payload/eLiift.app/Frameworks/CountryPickerView.framework/CountryPickerView_CountryPickerView.bundle/Images/CH.png ... 
519 bytes for ./Payload/eLiift.app/Frameworks/CountryPickerView.framework/CountryPickerView_CountryPickerView.bundle/Images/CH.png
copying file ./Payload/eLiift.app/Frameworks/CountryPickerView.framework/CountryPickerView_CountryPickerView.bundle/Images/BL.png ... 
321 bytes for ./Payload/eLiift.app/Frameworks/CountryPickerView.framework/CountryPickerView_CountryPickerView.bundle/Images/BL.png
copying file ./Payload/eLiift.app/Frameworks/CountryPickerView.framework/CountryPickerView_CountryPickerView.bundle/Images/AW.png ... 
759 bytes for ./Payload/eLiift.app/Frameworks/CountryPickerView.framework/CountryPickerView_CountryPickerView.bundle/Images/AW.png
copying file ./Payload/eLiift.app/Frameworks/CountryPickerView.framework/CountryPickerView_CountryPickerView.bundle/Images/BZ.png ... 
1531 bytes for ./Payload/eLiift.app/Frameworks/CountryPickerView.framework/CountryPickerView_CountryPickerView.bundle/Images/BZ.png
copying file ./Payload/eLiift.app/Frameworks/CountryPickerView.framework/CountryPickerView_CountryPickerView.bundle/Images/BM.png ... 
2532 bytes for ./Payload/eLiift.app/Frameworks/CountryPickerView.framework/CountryPickerView_CountryPickerView.bundle/Images/BM.png
copying file ./Payload/eLiift.app/Frameworks/CountryPickerView.framework/CountryPickerView_CountryPickerView.bundle/Images/CI.png ... 
335 bytes for ./Payload/eLiift.
2023-07-17 06:16:33 +0000  app/Frameworks/CountryPickerView.framework/CountryPickerView_CountryPickerView.bundle/Images/CI.png
copying file ./Payload/eLiift.app/Frameworks/CountryPickerView.framework/CountryPickerView_CountryPickerView.bundle/Images/MU.png ... 
395 bytes for ./Payload/eLiift.app/Frameworks/CountryPickerView.framework/CountryPickerView_CountryPickerView.bundle/Images/MU.png
copying file ./Payload/eLiift.app/Frameworks/CountryPickerView.framework/CountryPickerView_CountryPickerView.bundle/Images/US.png ... 
1405 bytes for ./Payload/eLiift.app/Frameworks/CountryPickerView.framework/CountryPickerView_CountryPickerView.bundle/Images/US.png
copying file ./Payload/eLiift.app/Frameworks/CountryPickerView.framework/CountryPickerView_CountryPickerView.bundle/Images/TW.png ... 
1024 bytes for ./Payload/eLiift.app/Frameworks/CountryPickerView.framework/CountryPickerView_CountryPickerView.bundle/Images/TW.png
copying file ./Payload/eLiift.app/Frameworks/CountryPickerView.framework/CountryPickerView_CountryPickerView.bundle/Images/YE.png ... 
342 bytes for ./Payload/eLiift.app/Frameworks/CountryPickerView.framework/CountryPickerView_CountryPickerView.bundle/Images/YE.png
copying file ./Payload/eLiift.app/Frameworks/CountryPickerView.framework/CountryPickerView_CountryPickerView.bundle/Images/MW.png ... 
1007 bytes for ./Payload/eLiift.app/Frameworks/CountryPickerView.framework/CountryPickerView_CountryPickerView.bundle/Images/MW.png
copying file ./Payload/eLiift.app/Frameworks/CountryPickerView.framework/CountryPickerView_CountryPickerView.bundle/Images/NL.png ... 
377 bytes for ./Payload/eLiift.app/Frameworks/CountryPickerView.framework/CountryPickerView_CountryPickerView.bundle/Images/NL.png
copying file ./Payload/eLiift.app/Frameworks/CountryPickerView.framework/CountryPickerView_CountryPickerView.bundle/Images/LS.png ... 
842 bytes for ./Payload/eLiift.app/Frameworks/CountryPickerView.framework/CountryPickerView_CountryPickerView.bundle/Images/LS.png
copying file ./Payload/eLiift.app/Frameworks/CountryPickerView.framework/CountryPickerView_CountryPickerView.bundle/Images/BO.png ... 
358 bytes for ./Payload/eLiift.app/Frameworks/CountryPickerView.framework/CountryPickerView_CountryPickerView.bundle/Images/BO.png
copying file ./Payload/eLiift.app/Frameworks/CountryPickerView.framework/CountryPickerView_CountryPickerView.bundle/Images/AT.png ... 
358 bytes for ./Payload/eLiift.app/Frameworks/CountryPickerView.framework/CountryPickerView_CountryPickerView.bundle/Images/AT.png
copying file ./Payload/eLiift.app/Frameworks/CountryPickerView.framework/CountryPickerView_CountryPickerView.bundle/Images/CK.png ... 
2094 bytes for ./Payload/eLiift.app/Frameworks/CountryPickerView.framework/CountryPickerView_CountryPickerView.bundle/Images/CK.png
copying file ./Payload/eLiift.app/Frameworks/CountryPickerView.framework/CountryPickerView_CountryPickerView.bundle/Images/AC.png ... 
1523 bytes for ./Payload/eLiift.app/Frameworks/CountryPickerView.framework/CountryPickerView_CountryPickerView.bundle/Images/AC.png
copying file ./Payload/eLiift.app/Frameworks/CountryPickerView.framework/CountryPickerView_CountryPickerView.bundle/Images/BY.png ... 
922 bytes for ./Payload/eLiift.app/Frameworks/CountryPickerView.framework/CountryPickerView_CountryPickerView.bundle/Images/BY.png
copying file ./Payload/eLiift.app/Frameworks/CountryPickerView.framework/CountryPickerView_CountryPickerView.bundle/Images/AU.png ... 
2182 bytes for ./Payload/eLiift.app/Frameworks/CountryPickerView.framework/CountryPickerView_CountryPickerView.bundle/Images/AU.png
copying file ./Payload/eLiift.app/Frameworks/CountryPickerView.framework/CountryPickerView_CountryPickerView.bundle/Images/BN.png ... 
2223 bytes for ./Payload/eLiift.app/Frameworks/CountryPickerView.framework/CountryPickerView_CountryPickerView.bundle/Images/BN.png
copying file ./Payload/eLiift.app/Frameworks/CountryPickerView.framework/CountryPickerView_CountryPickerView.bundle/Images/MA.png ... 
1373 bytes for ./Payload/eLiift.app/Frameworks/CountryPickerView.framework/CountryPickerView_CountryPickerView.bundle/Images/MA.pn
2023-07-17 06:16:33 +0000  g
copying file ./Payload/eLiift.app/Frameworks/CountryPickerView.framework/CountryPickerView_CountryPickerView.bundle/Images/NZ.png ... 
1964 bytes for ./Payload/eLiift.app/Frameworks/CountryPickerView.framework/CountryPickerView_CountryPickerView.bundle/Images/NZ.png
copying file ./Payload/eLiift.app/Frameworks/CountryPickerView.framework/CountryPickerView_CountryPickerView.bundle/Images/LR.png ... 
755 bytes for ./Payload/eLiift.app/Frameworks/CountryPickerView.framework/CountryPickerView_CountryPickerView.bundle/Images/LR.png
copying file ./Payload/eLiift.app/Frameworks/CountryPickerView.framework/CountryPickerView_CountryPickerView.bundle/Images/MV.png ... 
1100 bytes for ./Payload/eLiift.app/Frameworks/CountryPickerView.framework/CountryPickerView_CountryPickerView.bundle/Images/MV.png
copying file ./Payload/eLiift.app/Frameworks/CountryPickerView.framework/CountryPickerView_CountryPickerView.bundle/Images/TC.png ... 
2115 bytes for ./Payload/eLiift.app/Frameworks/CountryPickerView.framework/CountryPickerView_CountryPickerView.bundle/Images/TC.png
copying file ./Payload/eLiift.app/Frameworks/CountryPickerView.framework/CountryPickerView_CountryPickerView.bundle/Images/UG.png ... 
792 bytes for ./Payload/eLiift.app/Frameworks/CountryPickerView.framework/CountryPickerView_CountryPickerView.bundle/Images/UG.png
copying file ./Payload/eLiift.app/Frameworks/CountryPickerView.framework/CountryPickerView_CountryPickerView.bundle/Images/TT.png ... 
1352 bytes for ./Payload/eLiift.app/Frameworks/CountryPickerView.framework/CountryPickerView_CountryPickerView.bundle/Images/TT.png
copying file ./Payload/eLiift.app/Frameworks/CountryPickerView.framework/CountryPickerView_CountryPickerView.bundle/Images/PL.png ... 
332 bytes for ./Payload/eLiift.app/Frameworks/CountryPickerView.framework/CountryPickerView_CountryPickerView.bundle/Images/PL.png
copying file ./Payload/eLiift.app/Frameworks/CountryPickerView.framework/CountryPickerView_CountryPickerView.bundle/Images/RS.png ... 
1379 bytes for ./Payload/eLiift.app/Frameworks/CountryPickerView.framework/CountryPickerView_CountryPickerView.bundle/Images/RS.png
copying file ./Payload/eLiift.app/Frameworks/CountryPickerView.framework/CountryPickerView_CountryPickerView.bundle/Images/IN.png ... 
1381 bytes for ./Payload/eLiift.app/Frameworks/CountryPickerView.framework/CountryPickerView_CountryPickerView.bundle/Images/IN.png
copying file ./Payload/eLiift.app/Frameworks/CountryPickerView.framework/CountryPickerView_CountryPickerView.bundle/Images/GE.png ... 
706 bytes for ./Payload/eLiift.app/Frameworks/CountryPickerView.framework/CountryPickerView_CountryPickerView.bundle/Images/GE.png
copying file ./Payload/eLiift.app/Frameworks/CountryPickerView.framework/CountryPickerView_CountryPickerView.bundle/Images/GR.png ... 
680 bytes for ./Payload/eLiift.app/Frameworks/CountryPickerView.framework/CountryPickerView_CountryPickerView.bundle/Images/GR.png
copying file ./Payload/eLiift.app/Frameworks/CountryPickerView.framework/CountryPickerView_CountryPickerView.bundle/Images/GS.png ... 
2763 bytes for ./Payload/eLiift.app/Frameworks/CountryPickerView.framework/CountryPickerView_CountryPickerView.bundle/Images/GS.png
copying file ./Payload/eLiift.app/Frameworks/CountryPickerView.framework/CountryPickerView_CountryPickerView.bundle/Images/GD.png ... 
1379 bytes for ./Payload/eLiift.app/Frameworks/CountryPickerView.framework/CountryPickerView_CountryPickerView.bundle/Images/GD.png
copying file ./Payload/eLiift.app/Frameworks/CountryPickerView.framework/CountryPickerView_CountryPickerView.bundle/Images/IO.png ... 
3546 bytes for ./Payload/eLiift.app/Frameworks/CountryPickerView.framework/CountryPickerView_CountryPickerView.bundle/Images/IO.png
copying file ./Payload/eLiift.app/Frameworks/CountryPickerView.framework/CountryPickerView_CountryPickerView.bundle/Images/HK.png ... 
1032 bytes for ./Payload/eLiift.app/Frameworks/CountryPickerView.framework/CountryPickerView_CountryPickerView.bundle/Images/HK.png
copying file ./Payload/eLiift.app/Frameworks/CountryPickerView.framework/CountryPickerView_Cou
2023-07-17 06:16:33 +0000  ntryPickerView.bundle/Images/KP.png ... 
822 bytes for ./Payload/eLiift.app/Frameworks/CountryPickerView.framework/CountryPickerView_CountryPickerView.bundle/Images/KP.png
copying file ./Payload/eLiift.app/Frameworks/CountryPickerView.framework/CountryPickerView_CountryPickerView.bundle/Images/KG.png ... 
1276 bytes for ./Payload/eLiift.app/Frameworks/CountryPickerView.framework/CountryPickerView_CountryPickerView.bundle/Images/KG.png
copying file ./Payload/eLiift.app/Frameworks/CountryPickerView.framework/CountryPickerView_CountryPickerView.bundle/Images/PM.png ... 
321 bytes for ./Payload/eLiift.app/Frameworks/CountryPickerView.framework/CountryPickerView_CountryPickerView.bundle/Images/PM.png
copying file ./Payload/eLiift.app/Frameworks/CountryPickerView.framework/CountryPickerView_CountryPickerView.bundle/Images/SV.png ... 
1324 bytes for ./Payload/eLiift.app/Frameworks/CountryPickerView.framework/CountryPickerView_CountryPickerView.bundle/Images/SV.png
copying file ./Payload/eLiift.app/Frameworks/CountryPickerView.framework/CountryPickerView_CountryPickerView.bundle/Images/RE.png ... 
321 bytes for ./Payload/eLiift.app/Frameworks/CountryPickerView.framework/CountryPickerView_CountryPickerView.bundle/Images/RE.png
copying file ./Payload/eLiift.app/Frameworks/CountryPickerView.framework/CountryPickerView_CountryPickerView.bundle/Images/SA.png ... 
1510 bytes for ./Payload/eLiift.app/Frameworks/CountryPickerView.framework/CountryPickerView_CountryPickerView.bundle/Images/SA.png
copying file ./Payload/eLiift.app/Frameworks/CountryPickerView.framework/CountryPickerView_CountryPickerView.bundle/Images/SC.png ... 
1652 bytes for ./Payload/eLiift.app/Frameworks/CountryPickerView.framework/CountryPickerView_CountryPickerView.bundle/Images/SC.png
copying file ./Payload/eLiift.app/Frameworks/CountryPickerView.framework/CountryPickerView_CountryPickerView.bundle/Images/ST.png ... 
1132 bytes for ./Payload/eLiift.app/Frameworks/CountryPickerView.framework/CountryPickerView_CountryPickerView.bundle/Images/ST.png
copying file ./Payload/eLiift.app/Frameworks/CountryPickerView.framework/CountryPickerView_CountryPickerView.bundle/Images/KE.png ... 
1399 bytes for ./Payload/eLiift.app/Frameworks/CountryPickerView.framework/CountryPickerView_CountryPickerView.bundle/Images/KE.png
copying file ./Payload/eLiift.app/Frameworks/CountryPickerView.framework/CountryPickerView_CountryPickerView.bundle/Images/IM.png ... 
1490 bytes for ./Payload/eLiift.app/Frameworks/CountryPickerView.framework/CountryPickerView_CountryPickerView.bundle/Images/IM.png
copying file ./Payload/eLiift.app/Frameworks/CountryPickerView.framework/CountryPickerView_CountryPickerView.bundle/Images/KR.png ... 
2156 bytes for ./Payload/eLiift.app/Frameworks/CountryPickerView.framework/CountryPickerView_CountryPickerView.bundle/Images/KR.png
copying file ./Payload/eLiift.app/Frameworks/CountryPickerView.framework/CountryPickerView_CountryPickerView.bundle/Images/GF.png ... 
337 bytes for ./Payload/eLiift.app/Frameworks/CountryPickerView.framework/CountryPickerView_CountryPickerView.bundle/Images/GF.png
copying file ./Payload/eLiift.app/Frameworks/CountryPickerView.framework/CountryPickerView_CountryPickerView.bundle/Images/DJ.png ... 
959 bytes for ./Payload/eLiift.app/Frameworks/CountryPickerView.framework/CountryPickerView_CountryPickerView.bundle/Images/DJ.png
copying file ./Payload/eLiift.app/Frameworks/CountryPickerView.framework/CountryPickerView_CountryPickerView.bundle/Images/GQ.png ... 
982 bytes for ./Payload/eLiift.app/Frameworks/CountryPickerView.framework/CountryPickerView_CountryPickerView.bundle/Images/GQ.png
copying file ./Payload/eLiift.app/Frameworks/CountryPickerView.framework/CountryPickerView_CountryPickerView.bundle/Images/GP.png ... 
337 bytes for ./Payload/eLiift.app/Frameworks/CountryPickerView.framework/CountryPickerView_CountryPickerView.bundle/Images/GP.png
copying file ./Payload/eLiift.app/Frameworks/CountryPickerView.framework/CountryPickerView_CountryPickerView.bundle/Images/DK.png ... 
419 bytes for ./Payload/eLiift.app/Frameworks/CountryPick
2023-07-17 06:16:33 +0000  erView.framework/CountryPickerView_CountryPickerView.bundle/Images/DK.png
copying file ./Payload/eLiift.app/Frameworks/CountryPickerView.framework/CountryPickerView_CountryPickerView.bundle/Images/GG.png ... 
714 bytes for ./Payload/eLiift.app/Frameworks/CountryPickerView.framework/CountryPickerView_CountryPickerView.bundle/Images/GG.png
copying file ./Payload/eLiift.app/Frameworks/CountryPickerView.framework/CountryPickerView_CountryPickerView.bundle/Images/IL.png ... 
890 bytes for ./Payload/eLiift.app/Frameworks/CountryPickerView.framework/CountryPickerView_CountryPickerView.bundle/Images/IL.png
copying file ./Payload/eLiift.app/Frameworks/CountryPickerView.framework/CountryPickerView_CountryPickerView.bundle/Images/PN.png ... 
2743 bytes for ./Payload/eLiift.app/Frameworks/CountryPickerView.framework/CountryPickerView_CountryPickerView.bundle/Images/PN.png
copying file ./Payload/eLiift.app/Frameworks/CountryPickerView.framework/CountryPickerView_CountryPickerView.bundle/Images/SB.png ... 
1185 bytes for ./Payload/eLiift.app/Frameworks/CountryPickerView.framework/CountryPickerView_CountryPickerView.bundle/Images/SB.png
copying file ./Payload/eLiift.app/Frameworks/CountryPickerView.framework/CountryPickerView_CountryPickerView.bundle/Images/PY.png ... 
690 bytes for ./Payload/eLiift.app/Frameworks/CountryPickerView.framework/CountryPickerView_CountryPickerView.bundle/Images/PY.png
copying file ./Payload/eLiift.app/Frameworks/CountryPickerView.framework/CountryPickerView_CountryPickerView.bundle/Images/RU.png ... 
381 bytes for ./Payload/eLiift.app/Frameworks/CountryPickerView.framework/CountryPickerView_CountryPickerView.bundle/Images/RU.png
copying file ./Payload/eLiift.app/Frameworks/CountryPickerView.framework/CountryPickerView_CountryPickerView.bundle/Images/KW.png ... 
676 bytes for ./Payload/eLiift.app/Frameworks/CountryPickerView.framework/CountryPickerView_CountryPickerView.bundle/Images/KW.png
copying file ./Payload/eLiift.app/Frameworks/CountryPickerView.framework/CountryPickerView_CountryPickerView.bundle/Images/DO.png ... 
762 bytes for ./Payload/eLiift.app/Frameworks/CountryPickerView.framework/CountryPickerView_CountryPickerView.bundle/Images/DO.png
copying file ./Payload/eLiift.app/Frameworks/CountryPickerView.framework/CountryPickerView_CountryPickerView.bundle/Images/GT.png ... 
1392 bytes for ./Payload/eLiift.app/Frameworks/CountryPickerView.framework/CountryPickerView_CountryPickerView.bundle/Images/GT.png
copying file ./Payload/eLiift.app/Frameworks/CountryPickerView.framework/CountryPickerView_CountryPickerView.bundle/Images/GB.png ... 
1523 bytes for ./Payload/eLiift.app/Frameworks/CountryPickerView.framework/CountryPickerView_CountryPickerView.bundle/Images/GB.png
copying file ./Payload/eLiift.app/Frameworks/CountryPickerView.framework/CountryPickerView_CountryPickerView.bundle/Images/GU.png ... 
1643 bytes for ./Payload/eLiift.app/Frameworks/CountryPickerView.framework/CountryPickerView_CountryPickerView.bundle/Images/GU.png
copying file ./Payload/eLiift.app/Frameworks/CountryPickerView.framework/CountryPickerView_CountryPickerView.bundle/Images/JE.png ... 
1361 bytes for ./Payload/eLiift.app/Frameworks/CountryPickerView.framework/CountryPickerView_CountryPickerView.bundle/Images/JE.png
copying file ./Payload/eLiift.app/Frameworks/CountryPickerView.framework/CountryPickerView_CountryPickerView.bundle/Images/HM.png ... 
2249 bytes for ./Payload/eLiift.app/Frameworks/CountryPickerView.framework/CountryPickerView_CountryPickerView.bundle/Images/HM.png
copying file ./Payload/eLiift.app/Frameworks/CountryPickerView.framework/CountryPickerView_CountryPickerView.bundle/Images/SG.png ... 
775 bytes for ./Payload/eLiift.app/Frameworks/CountryPickerView.framework/CountryPickerView_CountryPickerView.bundle/Images/SG.png
copying file ./Payload/eLiift.app/Frameworks/CountryPickerView.framework/CountryPickerView_CountryPickerView.bundle/Images/PK.png ... 
919 bytes for ./Payload/eLiift.app/Frameworks/CountryPickerView.framework/CountryPickerView_CountryPickerView.bundle/Images/PK.png
copying file ./Payload/eL
2023-07-17 06:16:33 +0000  iift.app/Frameworks/CountryPickerView.framework/CountryPickerView_CountryPickerView.bundle/Images/SR.png ... 
773 bytes for ./Payload/eLiift.app/Frameworks/CountryPickerView.framework/CountryPickerView_CountryPickerView.bundle/Images/SR.png
copying file ./Payload/eLiift.app/Frameworks/CountryPickerView.framework/CountryPickerView_CountryPickerView.bundle/Images/SE.png ... 
601 bytes for ./Payload/eLiift.app/Frameworks/CountryPickerView.framework/CountryPickerView_CountryPickerView.bundle/Images/SE.png
copying file ./Payload/eLiift.app/Frameworks/CountryPickerView.framework/CountryPickerView_CountryPickerView.bundle/Images/JP.png ... 
588 bytes for ./Payload/eLiift.app/Frameworks/CountryPickerView.framework/CountryPickerView_CountryPickerView.bundle/Images/JP.png
copying file ./Payload/eLiift.app/Frameworks/CountryPickerView.framework/CountryPickerView_CountryPickerView.bundle/Images/GW.png ... 
770 bytes for ./Payload/eLiift.app/Frameworks/CountryPickerView.framework/CountryPickerView_CountryPickerView.bundle/Images/GW.png
copying file ./Payload/eLiift.app/Frameworks/CountryPickerView.framework/CountryPickerView_CountryPickerView.bundle/Images/EH.png ... 
1263 bytes for ./Payload/eLiift.app/Frameworks/CountryPickerView.framework/CountryPickerView_CountryPickerView.bundle/Images/EH.png
copying file ./Payload/eLiift.app/Frameworks/CountryPickerView.framework/CountryPickerView_CountryPickerView.bundle/Images/DZ.png ... 
1112 bytes for ./Payload/eLiift.app/Frameworks/CountryPickerView.framework/CountryPickerView_CountryPickerView.bundle/Images/DZ.png
copying file ./Payload/eLiift.app/Frameworks/CountryPickerView.framework/CountryPickerView_CountryPickerView.bundle/Images/GA.png ... 
390 bytes for ./Payload/eLiift.app/Frameworks/CountryPickerView.framework/CountryPickerView_CountryPickerView.bundle/Images/GA.png
copying file ./Payload/eLiift.app/Frameworks/CountryPickerView.framework/CountryPickerView_CountryPickerView.bundle/Images/FR.png ... 
337 bytes for ./Payload/eLiift.app/Frameworks/CountryPickerView.framework/CountryPickerView_CountryPickerView.bundle/Images/FR.png
copying file ./Payload/eLiift.app/Frameworks/CountryPickerView.framework/CountryPickerView_CountryPickerView.bundle/Images/DM.png ... 
1373 bytes for ./Payload/eLiift.app/Frameworks/CountryPickerView.framework/CountryPickerView_CountryPickerView.bundle/Images/DM.png
copying file ./Payload/eLiift.app/Frameworks/CountryPickerView.framework/CountryPickerView_CountryPickerView.bundle/Images/HN.png ... 
750 bytes for ./Payload/eLiift.app/Frameworks/CountryPickerView.framework/CountryPickerView_CountryPickerView.bundle/Images/HN.png
copying file ./Payload/eLiift.app/Frameworks/CountryPickerView.framework/CountryPickerView_CountryPickerView.bundle/Images/SD.png ... 
661 bytes for ./Payload/eLiift.app/Frameworks/CountryPickerView.framework/CountryPickerView_CountryPickerView.bundle/Images/SD.png
copying file ./Payload/eLiift.app/Frameworks/CountryPickerView.framework/CountryPickerView_CountryPickerView.bundle/Images/RW.png ... 
805 bytes for ./Payload/eLiift.app/Frameworks/CountryPickerView.framework/CountryPickerView_CountryPickerView.bundle/Images/RW.png
copying file ./Payload/eLiift.app/Frameworks/CountryPickerView.framework/CountryPickerView_CountryPickerView.bundle/Images/PH.png ... 
1519 bytes for ./Payload/eLiift.app/Frameworks/CountryPickerView.framework/CountryPickerView_CountryPickerView.bundle/Images/PH.png
copying file ./Payload/eLiift.app/Frameworks/CountryPickerView.framework/CountryPickerView_CountryPickerView.bundle/Images/SS.png ... 
1431 bytes for ./Payload/eLiift.app/Frameworks/CountryPickerView.framework/CountryPickerView_CountryPickerView.bundle/Images/SS.png
copying file ./Payload/eLiift.app/Frameworks/CountryPickerView.framework/CountryPickerView_CountryPickerView.bundle/Images/QA.png ... 
748 bytes for ./Payload/eLiift.app/Frameworks/CountryPickerView.framework/CountryPickerView_CountryPickerView.bundle/Images/QA.png
copying file ./Payload/eLiift.app/Frameworks/CountryPickerView.framework/CountryPickerView_CountryPickerView.bundle/Images/PE.
2023-07-17 06:16:33 +0000  png ... 
327 bytes for ./Payload/eLiift.app/Frameworks/CountryPickerView.framework/CountryPickerView_CountryPickerView.bundle/Images/PE.png
copying file ./Payload/eLiift.app/Frameworks/CountryPickerView.framework/CountryPickerView_CountryPickerView.bundle/Images/PR.png ... 
1518 bytes for ./Payload/eLiift.app/Frameworks/CountryPickerView.framework/CountryPickerView_CountryPickerView.bundle/Images/PR.png
copying file ./Payload/eLiift.app/Frameworks/CountryPickerView.framework/CountryPickerView_CountryPickerView.bundle/Images/SI.png ... 
967 bytes for ./Payload/eLiift.app/Frameworks/CountryPickerView.framework/CountryPickerView_CountryPickerView.bundle/Images/SI.png
copying file ./Payload/eLiift.app/Frameworks/CountryPickerView.framework/CountryPickerView_CountryPickerView.bundle/Images/HT.png ... 
342 bytes for ./Payload/eLiift.app/Frameworks/CountryPickerView.framework/CountryPickerView_CountryPickerView.bundle/Images/HT.png
copying file ./Payload/eLiift.app/Frameworks/CountryPickerView.framework/CountryPickerView_CountryPickerView.bundle/Images/ES.png ... 
1600 bytes for ./Payload/eLiift.app/Frameworks/CountryPickerView.framework/CountryPickerView_CountryPickerView.bundle/Images/ES.png
copying file ./Payload/eLiift.app/Frameworks/CountryPickerView.framework/CountryPickerView_CountryPickerView.bundle/Images/GL.png ... 
869 bytes for ./Payload/eLiift.app/Frameworks/CountryPickerView.framework/CountryPickerView_CountryPickerView.bundle/Images/GL.png
copying file ./Payload/eLiift.app/Frameworks/CountryPickerView.framework/CountryPickerView_CountryPickerView.bundle/Images/GM.png ... 
381 bytes for ./Payload/eLiift.app/Frameworks/CountryPickerView.framework/CountryPickerView_CountryPickerView.bundle/Images/GM.png
copying file ./Payload/eLiift.app/Frameworks/CountryPickerView.framework/CountryPickerView_CountryPickerView.bundle/Images/ER.png ... 
2034 bytes for ./Payload/eLiift.app/Frameworks/CountryPickerView.framework/CountryPickerView_CountryPickerView.bundle/Images/ER.png
copying file ./Payload/eLiift.app/Frameworks/CountryPickerView.framework/CountryPickerView_CountryPickerView.bundle/Images/FI.png ... 
418 bytes for ./Payload/eLiift.app/Frameworks/CountryPickerView.framework/CountryPickerView_CountryPickerView.bundle/Images/FI.png
copying file ./Payload/eLiift.app/Frameworks/CountryPickerView.framework/CountryPickerView_CountryPickerView.bundle/Images/EE.png ... 
366 bytes for ./Payload/eLiift.app/Frameworks/CountryPickerView.framework/CountryPickerView_CountryPickerView.bundle/Images/EE.png
copying file ./Payload/eLiift.app/Frameworks/CountryPickerView.framework/CountryPickerView_CountryPickerView.bundle/Images/KN.png ... 
1571 bytes for ./Payload/eLiift.app/Frameworks/CountryPickerView.framework/CountryPickerView_CountryPickerView.bundle/Images/KN.png
copying file ./Payload/eLiift.app/Frameworks/CountryPickerView.framework/CountryPickerView_CountryPickerView.bundle/Images/HU.png ... 
379 bytes for ./Payload/eLiift.app/Frameworks/CountryPickerView.framework/CountryPickerView_CountryPickerView.bundle/Images/HU.png
copying file ./Payload/eLiift.app/Frameworks/CountryPickerView.framework/CountryPickerView_CountryPickerView.bundle/Images/IQ.png ... 
2190 bytes for ./Payload/eLiift.app/Frameworks/CountryPickerView.framework/CountryPickerView_CountryPickerView.bundle/Images/IQ.png
copying file ./Payload/eLiift.app/Frameworks/CountryPickerView.framework/CountryPickerView_CountryPickerView.bundle/Images/KY.png ... 
2466 bytes for ./Payload/eLiift.app/Frameworks/CountryPickerView.framework/CountryPickerView_CountryPickerView.bundle/Images/KY.png
copying file ./Payload/eLiift.app/Frameworks/CountryPickerView.framework/CountryPickerView_CountryPickerView.bundle/Images/SH.png ... 
2215 bytes for ./Payload/eLiift.app/Frameworks/CountryPickerView.framework/CountryPickerView_CountryPickerView.bundle/Images/SH.png
copying file ./Payload/eLiift.app/Frameworks/CountryPickerView.framework/CountryPickerView_CountryPickerView.bundle/Images/PS.png ... 
633 bytes for ./Payload/eLiift.app/Frameworks/CountryPickerView.framework/CountryPickerVie
2023-07-17 06:16:33 +0000  w_CountryPickerView.bundle/Images/PS.png
copying file ./Payload/eLiift.app/Frameworks/CountryPickerView.framework/CountryPickerView_CountryPickerView.bundle/Images/PF.png ... 
1261 bytes for ./Payload/eLiift.app/Frameworks/CountryPickerView.framework/CountryPickerView_CountryPickerView.bundle/Images/PF.png
copying file ./Payload/eLiift.app/Frameworks/CountryPickerView.framework/CountryPickerView_CountryPickerView.bundle/Images/SJ.png ... 
806 bytes for ./Payload/eLiift.app/Frameworks/CountryPickerView.framework/CountryPickerView_CountryPickerView.bundle/Images/SJ.png
copying file ./Payload/eLiift.app/Frameworks/CountryPickerView.framework/CountryPickerView_CountryPickerView.bundle/Images/ID.png ... 
320 bytes for ./Payload/eLiift.app/Frameworks/CountryPickerView.framework/CountryPickerView_CountryPickerView.bundle/Images/ID.png
copying file ./Payload/eLiift.app/Frameworks/CountryPickerView.framework/CountryPickerView_CountryPickerView.bundle/Images/IS.png ... 
499 bytes for ./Payload/eLiift.app/Frameworks/CountryPickerView.framework/CountryPickerView_CountryPickerView.bundle/Images/IS.png
copying file ./Payload/eLiift.app/Frameworks/CountryPickerView.framework/CountryPickerView_CountryPickerView.bundle/Images/EG.png ... 
741 bytes for ./Payload/eLiift.app/Frameworks/CountryPickerView.framework/CountryPickerView_CountryPickerView.bundle/Images/EG.png
copying file ./Payload/eLiift.app/Frameworks/CountryPickerView.framework/CountryPickerView_CountryPickerView.bundle/Images/FK.png ... 
2586 bytes for ./Payload/eLiift.app/Frameworks/CountryPickerView.framework/CountryPickerView_CountryPickerView.bundle/Images/FK.png
copying file ./Payload/eLiift.app/Frameworks/CountryPickerView.framework/CountryPickerView_CountryPickerView.bundle/Images/FJ.png ... 
2452 bytes for ./Payload/eLiift.app/Frameworks/CountryPickerView.framework/CountryPickerView_CountryPickerView.bundle/Images/FJ.png
copying file ./Payload/eLiift.app/Frameworks/CountryPickerView.framework/CountryPickerView_CountryPickerView.bundle/Images/GN.png ... 
338 bytes for ./Payload/eLiift.app/Frameworks/CountryPickerView.framework/CountryPickerView_CountryPickerView.bundle/Images/GN.png
copying file ./Payload/eLiift.app/Frameworks/CountryPickerView.framework/CountryPickerView_CountryPickerView.bundle/Images/GY.png ... 
1862 bytes for ./Payload/eLiift.app/Frameworks/CountryPickerView.framework/CountryPickerView_CountryPickerView.bundle/Images/GY.png
copying file ./Payload/eLiift.app/Frameworks/CountryPickerView.framework/CountryPickerView_CountryPickerView.bundle/Images/IR.png ... 
1423 bytes for ./Payload/eLiift.app/Frameworks/CountryPickerView.framework/CountryPickerView_CountryPickerView.bundle/Images/IR.png
copying file ./Payload/eLiift.app/Frameworks/CountryPickerView.framework/CountryPickerView_CountryPickerView.bundle/Images/KM.png ... 
1512 bytes for ./Payload/eLiift.app/Frameworks/CountryPickerView.framework/CountryPickerView_CountryPickerView.bundle/Images/KM.png
copying file ./Payload/eLiift.app/Frameworks/CountryPickerView.framework/CountryPickerView_CountryPickerView.bundle/Images/IE.png ... 
337 bytes for ./Payload/eLiift.app/Frameworks/CountryPickerView.framework/CountryPickerView_CountryPickerView.bundle/Images/IE.png
copying file ./Payload/eLiift.app/Frameworks/CountryPickerView.framework/CountryPickerView_CountryPickerView.bundle/Images/KZ.png ... 
2135 bytes for ./Payload/eLiift.app/Frameworks/CountryPickerView.framework/CountryPickerView_CountryPickerView.bundle/Images/KZ.png
copying file ./Payload/eLiift.app/Frameworks/CountryPickerView.framework/CountryPickerView_CountryPickerView.bundle/Images/RO.png ... 
343 bytes for ./Payload/eLiift.app/Frameworks/CountryPickerView.framework/CountryPickerView_CountryPickerView.bundle/Images/RO.png
copying file ./Payload/eLiift.app/Frameworks/CountryPickerView.framework/CountryPickerView_CountryPickerView.bundle/Images/SK.png ... 
1426 bytes for ./Payload/eLiift.app/Frameworks/CountryPickerView.framework/CountryPickerView_CountryPickerView.bundle/Images/SK.png
copying file ./Payload/eLiift.app/Frameworks/CountryPicke
2023-07-17 06:16:33 +0000  rView.framework/CountryPickerView_CountryPickerView.bundle/Images/PG.png ... 
1262 bytes for ./Payload/eLiift.app/Frameworks/CountryPickerView.framework/CountryPickerView_CountryPickerView.bundle/Images/PG.png
copying file ./Payload/eLiift.app/Frameworks/CountryPickerView.framework/CountryPickerView_CountryPickerView.bundle/Images/PT.png ... 
1251 bytes for ./Payload/eLiift.app/Frameworks/CountryPickerView.framework/CountryPickerView_CountryPickerView.bundle/Images/PT.png
copying file ./Payload/eLiift.app/Frameworks/CountryPickerView.framework/CountryPickerView_CountryPickerView.bundle/Images/SO.png ... 
775 bytes for ./Payload/eLiift.app/Frameworks/CountryPickerView.framework/CountryPickerView_CountryPickerView.bundle/Images/SO.png
copying file ./Payload/eLiift.app/Frameworks/CountryPickerView.framework/CountryPickerView_CountryPickerView.bundle/Images/SX.png ... 
1263 bytes for ./Payload/eLiift.app/Frameworks/CountryPickerView.framework/CountryPickerView_CountryPickerView.bundle/Images/SX.png
copying file ./Payload/eLiift.app/Frameworks/CountryPickerView.framework/CountryPickerView_CountryPickerView.bundle/Images/HR.png ... 
1525 bytes for ./Payload/eLiift.app/Frameworks/CountryPickerView.framework/CountryPickerView_CountryPickerView.bundle/Images/HR.png
copying file ./Payload/eLiift.app/Frameworks/CountryPickerView.framework/CountryPickerView_CountryPickerView.bundle/Images/KI.png ... 
2370 bytes for ./Payload/eLiift.app/Frameworks/CountryPickerView.framework/CountryPickerView_CountryPickerView.bundle/Images/KI.png
copying file ./Payload/eLiift.app/Frameworks/CountryPickerView.framework/CountryPickerView_CountryPickerView.bundle/Images/JM.png ... 
840 bytes for ./Payload/eLiift.app/Frameworks/CountryPickerView.framework/CountryPickerView_CountryPickerView.bundle/Images/JM.png
copying file ./Payload/eLiift.app/Frameworks/CountryPickerView.framework/CountryPickerView_CountryPickerView.bundle/Images/FX.png ... 
337 bytes for ./Payload/eLiift.app/Frameworks/CountryPickerView.framework/CountryPickerView_CountryPickerView.bundle/Images/FX.png
copying file ./Payload/eLiift.app/Frameworks/CountryPickerView.framework/CountryPickerView_CountryPickerView.bundle/Images/EC.png ... 
1878 bytes for ./Payload/eLiift.app/Frameworks/CountryPickerView.framework/CountryPickerView_CountryPickerView.bundle/Images/EC.png
copying file ./Payload/eLiift.app/Frameworks/CountryPickerView.framework/CountryPickerView_CountryPickerView.bundle/Images/ET.png ... 
1320 bytes for ./Payload/eLiift.app/Frameworks/CountryPickerView.framework/CountryPickerView_CountryPickerView.bundle/Images/ET.png
copying file ./Payload/eLiift.app/Frameworks/CountryPickerView.framework/CountryPickerView_CountryPickerView.bundle/Images/FO.png ... 
623 bytes for ./Payload/eLiift.app/Frameworks/CountryPickerView.framework/CountryPickerView_CountryPickerView.bundle/Images/FO.png
copying file ./Payload/eLiift.app/Frameworks/CountryPickerView.framework/CountryPickerView_CountryPickerView.bundle/Images/KH.png ... 
1258 bytes for ./Payload/eLiift.app/Frameworks/CountryPickerView.framework/CountryPickerView_CountryPickerView.bundle/Images/KH.png
copying file ./Payload/eLiift.app/Frameworks/CountryPickerView.framework/CountryPickerView_CountryPickerView.bundle/Images/SY.png ... 
684 bytes for ./Payload/eLiift.app/Frameworks/CountryPickerView.framework/CountryPickerView_CountryPickerView.bundle/Images/SY.png
copying file ./Payload/eLiift.app/Frameworks/CountryPickerView.framework/CountryPickerView_CountryPickerView.bundle/Images/SN.png ... 
638 bytes for ./Payload/eLiift.app/Frameworks/CountryPickerView.framework/CountryPickerView_CountryPickerView.bundle/Images/SN.png
copying file ./Payload/eLiift.app/Frameworks/CountryPickerView.framework/CountryPickerView_CountryPickerView.bundle/Images/PW.png ... 
864 bytes for ./Payload/eLiift.app/Frameworks/CountryPickerView.framework/CountryPickerView_CountryPickerView.bundle/Images/PW.png
copying file ./Payload/eLiift.app/Frameworks/CountryPickerView.framework/CountryPickerView_CountryPickerView.bundle/Images/SL.png ... 
350 bytes for ./Payl
2023-07-17 06:16:33 +0000  oad/eLiift.app/Frameworks/CountryPickerView.framework/CountryPickerView_CountryPickerView.bundle/Images/SL.png
copying file ./Payload/eLiift.app/Frameworks/CountryPickerView.framework/CountryPickerView_CountryPickerView.bundle/Images/FM.png ... 
866 bytes for ./Payload/eLiift.app/Frameworks/CountryPickerView.framework/CountryPickerView_CountryPickerView.bundle/Images/FM.png
copying file ./Payload/eLiift.app/Frameworks/CountryPickerView.framework/CountryPickerView_CountryPickerView.bundle/Images/GI.png ... 
1452 bytes for ./Payload/eLiift.app/Frameworks/CountryPickerView.framework/CountryPickerView_CountryPickerView.bundle/Images/GI.png
copying file ./Payload/eLiift.app/Frameworks/CountryPickerView.framework/CountryPickerView_CountryPickerView.bundle/Images/DE.png ... 
374 bytes for ./Payload/eLiift.app/Frameworks/CountryPickerView.framework/CountryPickerView_CountryPickerView.bundle/Images/DE.png
copying file ./Payload/eLiift.app/Frameworks/CountryPickerView.framework/CountryPickerView_CountryPickerView.bundle/Images/GH.png ... 
1046 bytes for ./Payload/eLiift.app/Frameworks/CountryPickerView.framework/CountryPickerView_CountryPickerView.bundle/Images/GH.png
copying file ./Payload/eLiift.app/Frameworks/CountryPickerView.framework/CountryPickerView_CountryPickerView.bundle/Images/JO.png ... 
754 bytes for ./Payload/eLiift.app/Frameworks/CountryPickerView.framework/CountryPickerView_CountryPickerView.bundle/Images/JO.png
copying file ./Payload/eLiift.app/Frameworks/CountryPickerView.framework/CountryPickerView_CountryPickerView.bundle/Images/IT.png ... 
321 bytes for ./Payload/eLiift.app/Frameworks/CountryPickerView.framework/CountryPickerView_CountryPickerView.bundle/Images/IT.png
copying file ./Payload/eLiift.app/Frameworks/CountryPickerView.framework/CountryPickerView_CountryPickerView.bundle/Images/PA.png ... 
1008 bytes for ./Payload/eLiift.app/Frameworks/CountryPickerView.framework/CountryPickerView_CountryPickerView.bundle/Images/PA.png
copying file ./Payload/eLiift.app/Frameworks/CountryPickerView.framework/CountryPickerView_CountryPickerView.bundle/Images/SZ.png ... 
1529 bytes for ./Payload/eLiift.app/Frameworks/CountryPickerView.framework/CountryPickerView_CountryPickerView.bundle/Images/SZ.png
copying file ./Payload/eLiift.app/Frameworks/CountryPickerView.framework/CountryPickerView_CountryPickerView.bundle/Images/SM.png ... 
1382 bytes for ./Payload/eLiift.app/Frameworks/CountryPickerView.framework/CountryPickerView_CountryPickerView.bundle/Images/SM.png
copying file ./Payload/eLiift.app/Frameworks/CountryPickerView.framework/CountryPickerView_CountryPickerView.bundle/Images/TN.png ... 
1025 bytes for ./Payload/eLiift.app/Frameworks/CountryPickerView.framework/CountryPickerView_CountryPickerView.bundle/Images/TN.png
copying file ./Payload/eLiift.app/Frameworks/CountryPickerView.framework/CountryPickerView_CountryPickerView.bundle/Images/ML.png ... 
337 bytes for ./Payload/eLiift.app/Frameworks/CountryPickerView.framework/CountryPickerView_CountryPickerView.bundle/Images/ML.png
copying file ./Payload/eLiift.app/Frameworks/CountryPickerView.framework/CountryPickerView_CountryPickerView.bundle/Images/CG.png ... 
515 bytes for ./Payload/eLiift.app/Frameworks/CountryPickerView.framework/CountryPickerView_CountryPickerView.bundle/Images/CG.png
copying file ./Payload/eLiift.app/Frameworks/CountryPickerView.framework/CountryPickerView_CountryPickerView.bundle/Images/AX.png ... 
564 bytes for ./Payload/eLiift.app/Frameworks/CountryPickerView.framework/CountryPickerView_CountryPickerView.bundle/Images/AX.png
copying file ./Payload/eLiift.app/Frameworks/CountryPickerView.framework/CountryPickerView_CountryPickerView.bundle/Images/AO.png ... 
1035 bytes for ./Payload/eLiift.app/Frameworks/CountryPickerView.framework/CountryPickerView_CountryPickerView.bundle/Images/AO.png
copying file ./Payload/eLiift.app/Frameworks/CountryPickerView.framework/CountryPickerView_CountryPickerView.bundle/Images/BT.png ... 
2049 bytes for ./Payload/eLiift.app/Frameworks/CountryPickerView.framework/CountryPickerView_CountryPickerView.bundle/I
2023-07-17 06:16:33 +0000  mages/BT.png
copying file ./Payload/eLiift.app/Frameworks/CountryPickerView.framework/CountryPickerView_CountryPickerView.bundle/Images/BB.png ... 
937 bytes for ./Payload/eLiift.app/Frameworks/CountryPickerView.framework/CountryPickerView_CountryPickerView.bundle/Images/BB.png
copying file ./Payload/eLiift.app/Frameworks/CountryPickerView.framework/CountryPickerView_CountryPickerView.bundle/Images/CF.png ... 
683 bytes for ./Payload/eLiift.app/Frameworks/CountryPickerView.framework/CountryPickerView_CountryPickerView.bundle/Images/CF.png
copying file ./Payload/eLiift.app/Frameworks/CountryPickerView.framework/CountryPickerView_CountryPickerView.bundle/Images/MM.png ... 
1049 bytes for ./Payload/eLiift.app/Frameworks/CountryPickerView.framework/CountryPickerView_CountryPickerView.bundle/Images/MM.png
copying file ./Payload/eLiift.app/Frameworks/CountryPickerView.framework/CountryPickerView_CountryPickerView.bundle/Images/LI.png ... 
985 bytes for ./Payload/eLiift.app/Frameworks/CountryPickerView.framework/CountryPickerView_CountryPickerView.bundle/Images/LI.png
copying file ./Payload/eLiift.app/Frameworks/CountryPickerView.framework/CountryPickerView_CountryPickerView.bundle/Images/NA.png ... 
1953 bytes for ./Payload/eLiift.app/Frameworks/CountryPickerView.framework/CountryPickerView_CountryPickerView.bundle/Images/NA.png
copying file ./Payload/eLiift.app/Frameworks/CountryPickerView.framework/CountryPickerView_CountryPickerView.bundle/Images/MZ.png ... 
1073 bytes for ./Payload/eLiift.app/Frameworks/CountryPickerView.framework/CountryPickerView_CountryPickerView.bundle/Images/MZ.png
copying file ./Payload/eLiift.app/Frameworks/CountryPickerView.framework/CountryPickerView_CountryPickerView.bundle/Images/TO.png ... 
662 bytes for ./Payload/eLiift.app/Frameworks/CountryPickerView.framework/CountryPickerView_CountryPickerView.bundle/Images/TO.png
copying file ./Payload/eLiift.app/Frameworks/CountryPickerView.framework/CountryPickerView_CountryPickerView.bundle/Images/VG.png ... 
2233 bytes for ./Payload/eLiift.app/Frameworks/CountryPickerView.framework/CountryPickerView_CountryPickerView.bundle/Images/VG.png
copying file ./Payload/eLiift.app/Frameworks/CountryPickerView.framework/CountryPickerView_CountryPickerView.bundle/Images/VE.png ... 
662 bytes for ./Payload/eLiift.app/Frameworks/CountryPickerView.framework/CountryPickerView_CountryPickerView.bundle/Images/VE.png
copying file ./Payload/eLiift.app/Frameworks/CountryPickerView.framework/CountryPickerView_CountryPickerView.bundle/Images/TZ.png ... 
767 bytes for ./Payload/eLiift.app/Frameworks/CountryPickerView.framework/CountryPickerView_CountryPickerView.bundle/Images/TZ.png
copying file ./Payload/eLiift.app/Frameworks/CountryPickerView.framework/CountryPickerView_CountryPickerView.bundle/Images/TM.png ... 
1454 bytes for ./Payload/eLiift.app/Frameworks/CountryPickerView.framework/CountryPickerView_CountryPickerView.bundle/Images/TM.png
copying file ./Payload/eLiift.app/Frameworks/CountryPickerView.framework/CountryPickerView_CountryPickerView.bundle/Images/MX.png ... 
1276 bytes for ./Payload/eLiift.app/Frameworks/CountryPickerView.framework/CountryPickerView_CountryPickerView.bundle/Images/MX.png
copying file ./Payload/eLiift.app/Frameworks/CountryPickerView.framework/CountryPickerView_CountryPickerView.bundle/Images/NC.png ... 
321 bytes for ./Payload/eLiift.app/Frameworks/CountryPickerView.framework/CountryPickerView_CountryPickerView.bundle/Images/NC.png
copying file ./Payload/eLiift.app/Frameworks/CountryPickerView.framework/CountryPickerView_CountryPickerView.bundle/Images/MO.png ... 
1188 bytes for ./Payload/eLiift.app/Frameworks/CountryPickerView.framework/CountryPickerView_CountryPickerView.bundle/Images/MO.png
copying file ./Payload/eLiift.app/Frameworks/CountryPickerView.framework/CountryPickerView_CountryPickerView.bundle/Images/LK.png ... 
734 bytes for ./Payload/eLiift.app/Frameworks/CountryPickerView.framework/CountryPickerView_CountryPickerView.bundle/Images/LK.png
copying file ./Payload/eLiift.app/Frameworks/CountryPickerView.framework/CountryPicker
2023-07-17 06:16:33 +0000  View_CountryPickerView.bundle/Images/CD.png ... 
1186 bytes for ./Payload/eLiift.app/Frameworks/CountryPickerView.framework/CountryPickerView_CountryPickerView.bundle/Images/CD.png
copying file ./Payload/eLiift.app/Frameworks/CountryPickerView.framework/CountryPickerView_CountryPickerView.bundle/Images/AL.png ... 
1286 bytes for ./Payload/eLiift.app/Frameworks/CountryPickerView.framework/CountryPickerView_CountryPickerView.bundle/Images/AL.png
copying file ./Payload/eLiift.app/Frameworks/CountryPickerView.framework/CountryPickerView_CountryPickerView.bundle/Images/BW.png ... 
355 bytes for ./Payload/eLiift.app/Frameworks/CountryPickerView.framework/CountryPickerView_CountryPickerView.bundle/Images/BW.png
copying file ./Payload/eLiift.app/Frameworks/CountryPickerView.framework/CountryPickerView_CountryPickerView.bundle/Images/CR.png ... 
393 bytes for ./Payload/eLiift.app/Frameworks/CountryPickerView.framework/CountryPickerView_CountryPickerView.bundle/Images/CR.png
copying file ./Payload/eLiift.app/Frameworks/CountryPickerView.framework/CountryPickerView_CountryPickerView.bundle/Images/BV.png ... 
836 bytes for ./Payload/eLiift.app/Frameworks/CountryPickerView.framework/CountryPickerView_CountryPickerView.bundle/Images/BV.png
copying file ./Payload/eLiift.app/Frameworks/CountryPickerView.framework/CountryPickerView_CountryPickerView.bundle/Images/AM.png ... 
342 bytes for ./Payload/eLiift.app/Frameworks/CountryPickerView.framework/CountryPickerView_CountryPickerView.bundle/Images/AM.png
copying file ./Payload/eLiift.app/Frameworks/CountryPickerView.framework/CountryPickerView_CountryPickerView.bundle/Images/AZ.png ... 
1212 bytes for ./Payload/eLiift.app/Frameworks/CountryPickerView.framework/CountryPickerView_CountryPickerView.bundle/Images/AZ.png
copying file ./Payload/eLiift.app/Frameworks/CountryPickerView.framework/CountryPickerView_CountryPickerView.bundle/Images/BA.png ... 
1426 bytes for ./Payload/eLiift.app/Frameworks/CountryPickerView.framework/CountryPickerView_CountryPickerView.bundle/Images/BA.png
copying file ./Payload/eLiift.app/Frameworks/CountryPickerView.framework/CountryPickerView_CountryPickerView.bundle/Images/MN.png ... 
928 bytes for ./Payload/eLiift.app/Frameworks/CountryPickerView.framework/CountryPickerView_CountryPickerView.bundle/Images/MN.png
copying file ./Payload/eLiift.app/Frameworks/CountryPickerView.framework/CountryPickerView_CountryPickerView.bundle/Images/NU.png ... 
2347 bytes for ./Payload/eLiift.app/Frameworks/CountryPickerView.framework/CountryPickerView_CountryPickerView.bundle/Images/NU.png
copying file ./Payload/eLiift.app/Frameworks/CountryPickerView.framework/CountryPickerView_CountryPickerView.bundle/Images/MY.png ... 
1011 bytes for ./Payload/eLiift.app/Frameworks/CountryPickerView.framework/CountryPickerView_CountryPickerView.bundle/Images/MY.png
copying file ./Payload/eLiift.app/Frameworks/CountryPickerView.framework/CountryPickerView_CountryPickerView.bundle/Images/TL.png ... 
1406 bytes for ./Payload/eLiift.app/Frameworks/CountryPickerView.framework/CountryPickerView_CountryPickerView.bundle/Images/TL.png
copying file ./Payload/eLiift.app/Frameworks/CountryPickerView.framework/CountryPickerView_CountryPickerView.bundle/Images/WS.png ... 
681 bytes for ./Payload/eLiift.app/Frameworks/CountryPickerView.framework/CountryPickerView_CountryPickerView.bundle/Images/WS.png
copying file ./Payload/eLiift.app/Frameworks/CountryPickerView.framework/CountryPickerView_CountryPickerView.bundle/Images/TH.png ... 
388 bytes for ./Payload/eLiift.app/Frameworks/CountryPickerView.framework/CountryPickerView_CountryPickerView.bundle/Images/TH.png
copying file ./Payload/eLiift.app/Frameworks/CountryPickerView.framework/CountryPickerView_CountryPickerView.bundle/Images/XK.png ... 
2221 bytes for ./Payload/eLiift.app/Frameworks/CountryPickerView.framework/CountryPickerView_CountryPickerView.bundle/Images/XK.png
copying file ./Payload/eLiift.app/Frameworks/CountryPickerView.framework/CountryPickerView_CountryPickerView.bundle/Images/NF.png ... 
1061 bytes for ./Payload/eLiift.app/Frameworks/Co
2023-07-17 06:16:33 +0000  untryPickerView.framework/CountryPickerView_CountryPickerView.bundle/Images/NF.png
copying file ./Payload/eLiift.app/Frameworks/CountryPickerView.framework/CountryPickerView_CountryPickerView.bundle/Images/LY.png ... 
534 bytes for ./Payload/eLiift.app/Frameworks/CountryPickerView.framework/CountryPickerView_CountryPickerView.bundle/Images/LY.png
copying file ./Payload/eLiift.app/Frameworks/CountryPickerView.framework/CountryPickerView_CountryPickerView.bundle/Images/AI.png ... 
1980 bytes for ./Payload/eLiift.app/Frameworks/CountryPickerView.framework/CountryPickerView_CountryPickerView.bundle/Images/AI.png
copying file ./Payload/eLiift.app/Frameworks/CountryPickerView.framework/CountryPickerView_CountryPickerView.bundle/Images/BR.png ... 
2146 bytes for ./Payload/eLiift.app/Frameworks/CountryPickerView.framework/CountryPickerView_CountryPickerView.bundle/Images/BR.png
copying file ./Payload/eLiift.app/Frameworks/CountryPickerView.framework/CountryPickerView_CountryPickerView.bundle/Images/CV.png ... 
1215 bytes for ./Payload/eLiift.app/Frameworks/CountryPickerView.framework/CountryPickerView_CountryPickerView.bundle/Images/CV.png
copying file ./Payload/eLiift.app/Frameworks/CountryPickerView.framework/CountryPickerView_CountryPickerView.bundle/Images/BE.png ... 
346 bytes for ./Payload/eLiift.app/Frameworks/CountryPickerView.framework/CountryPickerView_CountryPickerView.bundle/Images/BE.png
copying file ./Payload/eLiift.app/Frameworks/CountryPickerView.framework/CountryPickerView_CountryPickerView.bundle/Images/CA.png ... 
837 bytes for ./Payload/eLiift.app/Frameworks/CountryPickerView.framework/CountryPickerView_CountryPickerView.bundle/Images/CA.png
copying file ./Payload/eLiift.app/Frameworks/CountryPickerView.framework/CountryPickerView_CountryPickerView.bundle/Images/BD.png ... 
655 bytes for ./Payload/eLiift.app/Frameworks/CountryPickerView.framework/CountryPickerView_CountryPickerView.bundle/Images/BD.png
copying file ./Payload/eLiift.app/Frameworks/CountryPickerView.framework/CountryPickerView_CountryPickerView.bundle/Images/CW.png ... 
633 bytes for ./Payload/eLiift.app/Frameworks/CountryPickerView.framework/CountryPickerView_CountryPickerView.bundle/Images/CW.png
copying file ./Payload/eLiift.app/Frameworks/CountryPickerView.framework/CountryPickerView_CountryPickerView.bundle/Images/BS.png ... 
984 bytes for ./Payload/eLiift.app/Frameworks/CountryPickerView.framework/CountryPickerView_CountryPickerView.bundle/Images/BS.png
copying file ./Payload/eLiift.app/Frameworks/CountryPickerView.framework/CountryPickerView_CountryPickerView.bundle/Images/NG.png ... 
324 bytes for ./Payload/eLiift.app/Frameworks/CountryPickerView.framework/CountryPickerView_CountryPickerView.bundle/Images/NG.png
copying file ./Payload/eLiift.app/Frameworks/CountryPickerView.framework/CountryPickerView_CountryPickerView.bundle/Images/MK.png ... 
1604 bytes for ./Payload/eLiift.app/Frameworks/CountryPickerView.framework/CountryPickerView_CountryPickerView.bundle/Images/MK.png
copying file ./Payload/eLiift.app/Frameworks/CountryPickerView.framework/CountryPickerView_CountryPickerView.bundle/Images/NP.png ... 
1611 bytes for ./Payload/eLiift.app/Frameworks/CountryPickerView.framework/CountryPickerView_CountryPickerView.bundle/Images/NP.png
copying file ./Payload/eLiift.app/Frameworks/CountryPickerView.framework/CountryPickerView_CountryPickerView.bundle/Images/VA.png ... 
1249 bytes for ./Payload/eLiift.app/Frameworks/CountryPickerView.framework/CountryPickerView_CountryPickerView.bundle/Images/VA.png
copying file ./Payload/eLiift.app/Frameworks/CountryPickerView.framework/CountryPickerView_CountryPickerView.bundle/Images/UZ.png ... 
963 bytes for ./Payload/eLiift.app/Frameworks/CountryPickerView.framework/CountryPickerView_CountryPickerView.bundle/Images/UZ.png
copying file ./Payload/eLiift.app/Frameworks/CountryPickerView.framework/CountryPickerView_CountryPickerView.bundle/Images/UM.png ... 
1405 bytes for ./Payload/eLiift.app/Frameworks/CountryPickerView.framework/CountryPickerView_CountryPickerView.bundle/Images/UM.png
copying file ./P
2023-07-17 06:16:33 +0000  ayload/eLiift.app/Frameworks/CountryPickerView.framework/CountryPickerView_CountryPickerView.bundle/Images/TK.png ... 
1493 bytes for ./Payload/eLiift.app/Frameworks/CountryPickerView.framework/CountryPickerView_CountryPickerView.bundle/Images/TK.png
copying file ./Payload/eLiift.app/Frameworks/CountryPickerView.framework/CountryPickerView_CountryPickerView.bundle/Images/VC.png ... 
938 bytes for ./Payload/eLiift.app/Frameworks/CountryPickerView.framework/CountryPickerView_CountryPickerView.bundle/Images/VC.png
copying file ./Payload/eLiift.app/Frameworks/CountryPickerView.framework/CountryPickerView_CountryPickerView.bundle/Images/ZW.png ... 
1471 bytes for ./Payload/eLiift.app/Frameworks/CountryPickerView.framework/CountryPickerView_CountryPickerView.bundle/Images/ZW.png
copying file ./Payload/eLiift.app/Frameworks/CountryPickerView.framework/CountryPickerView_CountryPickerView.bundle/Images/NR.png ... 
817 bytes for ./Payload/eLiift.app/Frameworks/CountryPickerView.framework/CountryPickerView_CountryPickerView.bundle/Images/NR.png
copying file ./Payload/eLiift.app/Frameworks/CountryPickerView.framework/CountryPickerView_CountryPickerView.bundle/Images/NE.png ... 
732 bytes for ./Payload/eLiift.app/Frameworks/CountryPickerView.framework/CountryPickerView_CountryPickerView.bundle/Images/NE.png
copying file ./Payload/eLiift.app/Frameworks/CountryPickerView.framework/CountryPickerView_CountryPickerView.bundle/Images/CU.png ... 
1396 bytes for ./Payload/eLiift.app/Frameworks/CountryPickerView.framework/CountryPickerView_CountryPickerView.bundle/Images/CU.png
copying file ./Payload/eLiift.app/Frameworks/CountryPickerView.framework/CountryPickerView_CountryPickerView.bundle/Images/BQ.png ... 
377 bytes for ./Payload/eLiift.app/Frameworks/CountryPickerView.framework/CountryPickerView_CountryPickerView.bundle/Images/BQ.png
copying file ./Payload/eLiift.app/Frameworks/CountryPickerView.framework/CountryPickerView_CountryPickerView.bundle/Images/BF.png ... 
892 bytes for ./Payload/eLiift.app/Frameworks/CountryPickerView.framework/CountryPickerView_CountryPickerView.bundle/Images/BF.png
copying file ./Payload/eLiift.app/Frameworks/CountryPickerView.framework/CountryPickerView_CountryPickerView.bundle/Images/BG.png ... 
353 bytes for ./Payload/eLiift.app/Frameworks/CountryPickerView.framework/CountryPickerView_CountryPickerView.bundle/Images/BG.png
copying file ./Payload/eLiift.app/Frameworks/CountryPickerView.framework/CountryPickerView_CountryPickerView.bundle/Images/CC.png ... 
2351 bytes for ./Payload/eLiift.app/Frameworks/CountryPickerView.framework/CountryPickerView_CountryPickerView.bundle/Images/CC.png
copying file ./Payload/eLiift.app/Frameworks/CountryPickerView.framework/CountryPickerView_CountryPickerView.bundle/Images/MH.png ... 
2133 bytes for ./Payload/eLiift.app/Frameworks/CountryPickerView.framework/CountryPickerView_CountryPickerView.bundle/Images/MH.png
copying file ./Payload/eLiift.app/Frameworks/CountryPickerView.framework/CountryPickerView_CountryPickerView.bundle/Images/ZA.png ... 
1635 bytes for ./Payload/eLiift.app/Frameworks/CountryPickerView.framework/CountryPickerView_CountryPickerView.bundle/Images/ZA.png
copying file ./Payload/eLiift.app/Frameworks/CountryPickerView.framework/CountryPickerView_CountryPickerView.bundle/Images/UY.png ... 
1143 bytes for ./Payload/eLiift.app/Frameworks/CountryPickerView.framework/CountryPickerView_CountryPickerView.bundle/Images/UY.png
copying file ./Payload/eLiift.app/Frameworks/CountryPickerView.framework/CountryPickerView_CountryPickerView.bundle/Images/WF.png ... 
337 bytes for ./Payload/eLiift.app/Frameworks/CountryPickerView.framework/CountryPickerView_CountryPickerView.bundle/Images/WF.png
copying file ./Payload/eLiift.app/Frameworks/CountryPickerView.framework/CountryPickerView_CountryPickerView.bundle/Images/VU.png ... 
1376 bytes for ./Payload/eLiift.app/Frameworks/CountryPickerView.framework/CountryPickerView_CountryPickerView.bundle/Images/VU.png
copying file ./Payload/eLiift.app/Frameworks/CountryPickerView.framework/CountryPickerView_CountryPickerView.bundl
2023-07-17 06:16:33 +0000  e/Images/TJ.png ... 
919 bytes for ./Payload/eLiift.app/Frameworks/CountryPickerView.framework/CountryPickerView_CountryPickerView.bundle/Images/TJ.png
copying file ./Payload/eLiift.app/Frameworks/CountryPickerView.framework/CountryPickerView_CountryPickerView.bundle/Data/CountryCodes.json ... 
14959 bytes for ./Payload/eLiift.app/Frameworks/CountryPickerView.framework/CountryPickerView_CountryPickerView.bundle/Data/CountryCodes.json
copying file ./Payload/eLiift.app/Frameworks/CountryPickerView.framework/CountryPickerView_CountryPickerView.bundle/Info.plist ... 
815 bytes for ./Payload/eLiift.app/Frameworks/CountryPickerView.framework/CountryPickerView_CountryPickerView.bundle/Info.plist
copying file ./Payload/eLiift.app/Frameworks/CountryPickerView.framework/Info.plist ... 
804 bytes for ./Payload/eLiift.app/Frameworks/CountryPickerView.framework/Info.plist
copying file ./Payload/eLiift.app/Frameworks/leveldb.framework/_CodeSignature/CodeResources ... 
1798 bytes for ./Payload/eLiift.app/Frameworks/leveldb.framework/_CodeSignature/CodeResources
copying file ./Payload/eLiift.app/Frameworks/leveldb.framework/leveldb ... 
2023-07-17 06:16:33 +0000  570928 bytes for ./Payload/eLiift.app/Frameworks/leveldb.framework/leveldb
copying file ./Payload/eLiift.app/Frameworks/leveldb.framework/Info.plist ... 
2023-07-17 06:16:33 +0000  783 bytes for ./Payload/eLiift.app/Frameworks/leveldb.framework/Info.plist
2023-07-17 06:16:33 +0000  copying file ./Payload/eLiift.app/Frameworks/Stripe.framework/_CodeSignature/CodeResources ... 
2023-07-17 06:16:33 +0000  78030 bytes for ./Payload/eLiift.app/Frameworks/Stripe.framework/_CodeSignature/CodeResources
2023-07-17 06:16:33 +0000  copying file ./Payload/eLiift.app/Frameworks/Stripe.framework/Stripe.bundle/de.lproj/Localizable.strings ... 
2023-07-17 06:16:33 +0000  5216 bytes for ./Payload/eLiift.app/Frameworks/Stripe.framework/Stripe.bundle/de.lproj/Localizable.strings
copying file ./Payload/eLiift.app/Frameworks/Stripe.framework/Stripe.bundle/stp_icon_add.png ... 
2023-07-17 06:16:33 +0000  177 bytes for ./Payload/eLiift.app/Frameworks/Stripe.framework/Stripe.bundle/stp_icon_add.png
2023-07-17 06:16:33 +0000  copying file ./Payload/eLiift.app/Frameworks/Stripe.framework/Stripe.bundle/_CodeSignature/CodeResources ... 
2023-07-17 06:16:33 +0000  70212 bytes for ./Payload/eLiift.app/Frameworks/Stripe.framework/Stripe.bundle/_CodeSignature/CodeResources
copying file ./Payload/eLiift.app/Frameworks/Stripe.framework/Stripe.bundle/_CodeSignature/CodeDirectory ... 
2023-07-17 06:16:33 +0000  164 bytes for ./Payload/eLiift.app/Frameworks/Stripe.framework/Stripe.bundle/_CodeSignature/CodeDirectory
copying file ./Payload/eLiift.app/Frameworks/Stripe.framework/Stripe.bundle/_CodeSignature/CodeRequirements-1 ... 
2023-07-17 06:16:33 +0000  212 bytes for ./Payload/eLiift.app/Frameworks/Stripe.framework/Stripe.bundle/_CodeSignature/CodeRequirements-1
copying file ./Payload/eLiift.app/Frameworks/Stripe.framework/Stripe.bundle/_CodeSignature/CodeSignature ... 
2023-07-17 06:16:33 +0000  4893 bytes for ./Payload/eLiift.app/Frameworks/Stripe.framework/Stripe.bundle/_CodeSignature/CodeSignature
copying file ./Payload/eLiift.app/Frameworks/Stripe.framework/Stripe.bundle/_CodeSignature/CodeRequirements ... 
2023-07-17 06:16:33 +0000  196 bytes for ./Payload/eLiift.app/Frameworks/Stripe.framework/Stripe.bundle/_CodeSignature/CodeRequirements
copying file ./Payload/eLiift.app/Frameworks/Stripe.framework/Stripe.bundle/stp_card_error_amex@3x.png ... 
2023-07-17 06:16:33 +0000  1597 bytes for ./Payload/eLiift.app/Frameworks/Stripe.framework/Stripe.bundle/stp_card_error_amex@3x.png
2023-07-17 06:16:33 +0000  copying file ./Payload/eLiift.app/Frameworks/Stripe.framework/Stripe.bundle/zh-Hans.lproj/Localizable.strings ... 
2023-07-17 06:16:33 +0000  3380 bytes for ./Payload/eLiift.app/Frameworks/Stripe.framework/Stripe.bundle/zh-Hans.lproj/Localizable.strings
2023-07-17 06:16:33 +0000  copying file ./Payload/eLiift.app/Frameworks/Stripe.framework/Stripe.bundle/ja.lproj/Localizable.strings ... 
2023-07-17 06:16:33 +0000  3929 bytes for ./Payload/eLiift.app/Frameworks/Stripe.framework/Stripe.bundle/ja.lproj/Localizable.strings
2023-07-17 06:16:33 +0000  copying file ./Payload/eLiift.app/Frameworks/Stripe.framework/Stripe.bundle/stp_card_visa_template@3x.png ... 
2023-07-17 06:16:33 +0000  2303 bytes for ./Payload/eLiift.app/Frameworks/Stripe.framework/Stripe.bundle/stp_card_visa_template@3x.png
2023-07-17 06:16:33 +0000  copying file ./Payload/eLiift.app/Frameworks/Stripe.framework/Stripe.bundle/stp_card_form_back@3x.png ... 
2023-07-17 06:16:33 +0000  10419 bytes for ./Payload/eLiift.app/Frameworks/Stripe.framework/Stripe.bundle/stp_card_form_back@3x.png
2023-07-17 06:16:33 +0000  copying file ./Payload/eLiift.app/Frameworks/Stripe.framework/Stripe.bundle/stp_card_unknown@3x.png ... 
2023-07-17 06:16:33 +0000  667 bytes for ./Payload/eLiift.app/Frameworks/Stripe.framework/Stripe.bundle/stp_card_unknown@3x.png
2023-07-17 06:16:33 +0000  copying file ./Payload/eLiift.app/Frameworks/Stripe.framework/Stripe.bundle/stp_card_amex@3x.png ... 
2023-07-17 06:16:33 +0000  2098 bytes for ./Payload/eLiift.app/Frameworks/Stripe.framework/Stripe.bundle/stp_card_amex@3x.png
2023-07-17 06:16:33 +0000  copying file ./Payload/eLiift.app/Frameworks/Stripe.framework/Stripe.bundle/stp_card_mastercard.png ... 
2023-07-17 06:16:33 +0000  468 bytes for ./Payload/eLiift.app/Frameworks/Stripe.framework/Stripe.bundle/stp_card_mastercard.png
copying file ./Payload/eLiift.app/Frameworks/Stripe.framework/Stripe.bundle/stp_card_discover_template.png ... 
575 bytes for ./Payload/eLiift.app/Frameworks/Stripe.framework/Stripe.bundle/stp_card_discover_template.png
copying file ./Payload/eLiift.app/Frameworks/Stripe.framework/Stripe.bundle/stp_card_diners@2x.png ... 
1019 bytes for ./Payload/eLiift.app/Frameworks/Stripe.framework/Stripe.bundle/stp_card_diners@2x.png
copying file ./Payload/eLiift.app/Frameworks/Stripe.framework/Stripe.bundle/en.lproj/Localizable.strings ... 
2197 bytes for ./Payload/eLiift.app/Frameworks/Stripe.framework/Stripe.bundle/en.lproj/Localizable.strings
copying file ./Payload/eLiift.app/Frameworks/Stripe.framework/Stripe.bundle/stp_card_diners_template@2x.png ... 
764 bytes for ./Payload/eLiift.app/Frameworks/Stripe.framework/Stripe.bundle/stp_card_diners_template@2x.png
copying file ./Payload/eLiift.app/Frameworks/Stripe.framework/Stripe.bundle/stp_card_amex_template@3x.png ... 
2617 bytes for ./Payload/eLiift.app/Frameworks/Stripe.framework/Stripe.bundle/stp_card_amex_template@3x.png
copying file ./Payload/eLiift.app/Frameworks/Stripe.framework/Stripe.bundle/stp_card_diners_template@3x.png ... 
1324 bytes for ./Payload/eLiift.app/Frameworks/Stripe.framework/Stripe.bundle/stp_card_diners_template@3x.png
copying file ./Payload/eLiift.app/Frameworks/Stripe.framework/Stripe.bundle/stp_card_amex_template@2x.png ... 
1601 bytes for ./Payload/eLiift.app/Frameworks/Stripe.framework/Stripe.bundle/stp_card_amex_template@2x.png
copying file ./Payload/eLiift.app/Frameworks/Stripe.framework/Stripe.bundle/stp_shipping_form.png ... 
4107 bytes for ./Payload/eLiift.app/Frameworks/Stripe.framework/Stripe.bundle/stp_shipping_form.png
copying file ./Payload/eLiift.app/Frameworks/Stripe.framework/Stripe.bundle/stp_card_diners@3x.png ... 
2297 bytes for ./Payload/eLiift.app/Frameworks/Stripe.framework/Stripe.bundle/stp_card_diners@3x.png
copying file ./Payload/eLiift.app/Frameworks/Stripe.framework/Stripe.bundle/stp_icon_checkmark.png ... 
438 bytes for ./Payload/eLiift.app/Frameworks/Stripe.framework/Stripe.bundle/stp_icon_checkmark.png
copying file ./Payload/eLiift.app/Frameworks/Stripe.framework/Stripe.bundle/stp_card_amex@2x.png ... 
1253 bytes for ./Payload/eLiift.app/Frameworks/Stripe.framework/Stripe.bundle/stp_card_amex@2x.png
copying file ./Payload/eLiift.app/Frameworks/Stripe.framework/Stripe.bundle/nb.lproj/Localizable.strings ... 
4648 bytes for ./Payload/eLiift.app/Frameworks/Stripe.framework/Stripe.bundle/nb.lproj/Localizable.strings
copying file ./Payload/eLiift.app/Frameworks/Stripe.framework/Stripe.bundle/stp_card_form_back@2x.png ... 
6560 bytes for ./Payload/eLiift.app/Frameworks/Stripe.framework/Stripe.bundle/stp_card_form_back@2x.png
copying file ./Payload/eLiift.app/Frameworks/Stripe.framework/Stripe.bundle/stp_card_unknown@2x.png ... 
333 bytes for ./Payload/eLiift.app/Frameworks/Stripe.framework/Stripe.bundle/stp_card_unknown@2x.png
copying file ./Payload/eLiift.app/Frameworks/Stripe.framework/Stripe.bundle/es.lproj/Localizable.strings ... 
5517 bytes for ./Payload/eLiift.app/Frameworks/Stripe.framework/Stripe.bundle/es.lproj/Localizable.strings
copying file ./Payload/eLiift.app/Frameworks/Stripe.framework/Stripe.bundle/stp_card_visa_template@2x.png ... 
1424 bytes for ./Payload/eLiift.app/Frameworks/Stripe.framework/Stripe.bundle/stp_card_visa_template@2x.png
copying file ./Payload/eLiift.app/Frameworks/Stripe.framework/Stripe.bundle/stp_card_error_amex@2x.png ... 
890 bytes for ./Payload/eLiift.app/Frameworks/Stripe.framework/Stripe.bundle/stp_card_error_amex@2x.png
copying file ./Payload/eLiift.app/Frameworks/Stripe.framework/Stripe.bundle/da.lproj/Localizable.strings ... 
4901 bytes for ./Payload/eLiift.app/Frameworks/Stripe.framework/Stripe.bundle/da.lproj/Localizable.strings
copying file ./Payload/eLiift.app/Frameworks/Stripe.framework/Stripe.bundle/stp_card_applepay.png ... 
550 bytes for ./Payload/eLiift.app/Frameworks/Stripe.fr
2023-07-17 06:16:33 +0000  amework/Stripe.bundle/stp_card_applepay.png
copying file ./Payload/eLiift.app/Frameworks/Stripe.framework/Stripe.bundle/stp_card_form_front@2x.png ... 
4640 bytes for ./Payload/eLiift.app/Frameworks/Stripe.framework/Stripe.bundle/stp_card_form_front@2x.png
copying file ./Payload/eLiift.app/Frameworks/Stripe.framework/Stripe.bundle/Images/stp_icon_add.png ... 
140 bytes for ./Payload/eLiift.app/Frameworks/Stripe.framework/Stripe.bundle/Images/stp_icon_add.png
copying file ./Payload/eLiift.app/Frameworks/Stripe.framework/Stripe.bundle/Images/stp_card_error_amex@3x.png ... 
24368 bytes for ./Payload/eLiift.app/Frameworks/Stripe.framework/Stripe.bundle/Images/stp_card_error_amex@3x.png
copying file ./Payload/eLiift.app/Frameworks/Stripe.framework/Stripe.bundle/Images/stp_card_visa_template@3x.png ... 
2496 bytes for ./Payload/eLiift.app/Frameworks/Stripe.framework/Stripe.bundle/Images/stp_card_visa_template@3x.png
copying file ./Payload/eLiift.app/Frameworks/Stripe.framework/Stripe.bundle/Images/stp_card_form_back@3x.png ... 
15011 bytes for ./Payload/eLiift.app/Frameworks/Stripe.framework/Stripe.bundle/Images/stp_card_form_back@3x.png
copying file ./Payload/eLiift.app/Frameworks/Stripe.framework/Stripe.bundle/Images/stp_card_unknown@3x.png ... 
24368 bytes for ./Payload/eLiift.app/Frameworks/Stripe.framework/Stripe.bundle/Images/stp_card_unknown@3x.png
copying file ./Payload/eLiift.app/Frameworks/Stripe.framework/Stripe.bundle/Images/stp_card_amex@3x.png ... 
24368 bytes for ./Payload/eLiift.app/Frameworks/Stripe.framework/Stripe.bundle/Images/stp_card_amex@3x.png
copying file ./Payload/eLiift.app/Frameworks/Stripe.framework/Stripe.bundle/Images/stp_card_mastercard.png ... 
2798 bytes for ./Payload/eLiift.app/Frameworks/Stripe.framework/Stripe.bundle/Images/stp_card_mastercard.png
copying file ./Payload/eLiift.app/Frameworks/Stripe.framework/Stripe.bundle/Images/stp_card_discover_template.png ... 
500 bytes for ./Payload/eLiift.app/Frameworks/Stripe.framework/Stripe.bundle/Images/stp_card_discover_template.png
copying file ./Payload/eLiift.app/Frameworks/Stripe.framework/Stripe.bundle/Images/stp_card_diners@2x.png ... 
10895 bytes for ./Payload/eLiift.app/Frameworks/Stripe.framework/Stripe.bundle/Images/stp_card_diners@2x.png
copying file ./Payload/eLiift.app/Frameworks/Stripe.framework/Stripe.bundle/Images/stp_card_diners_template@2x.png ... 
1012 bytes for ./Payload/eLiift.app/Frameworks/Stripe.framework/Stripe.bundle/Images/stp_card_diners_template@2x.png
copying file ./Payload/eLiift.app/Frameworks/Stripe.framework/Stripe.bundle/Images/stp_card_amex_template@3x.png ... 
2917 bytes for ./Payload/eLiift.app/Frameworks/Stripe.framework/Stripe.bundle/Images/stp_card_amex_template@3x.png
copying file ./Payload/eLiift.app/Frameworks/Stripe.framework/Stripe.bundle/Images/stp_card_diners_template@3x.png ... 
1563 bytes for ./Payload/eLiift.app/Frameworks/Stripe.framework/Stripe.bundle/Images/stp_card_diners_template@3x.png
copying file ./Payload/eLiift.app/Frameworks/Stripe.framework/Stripe.bundle/Images/stp_card_amex_template@2x.png ... 
1779 bytes for ./Payload/eLiift.app/Frameworks/Stripe.framework/Stripe.bundle/Images/stp_card_amex_template@2x.png
copying file ./Payload/eLiift.app/Frameworks/Stripe.framework/Stripe.bundle/Images/stp_shipping_form.png ... 
4969 bytes for ./Payload/eLiift.app/Frameworks/Stripe.framework/Stripe.bundle/Images/stp_shipping_form.png
copying file ./Payload/eLiift.app/Frameworks/Stripe.framework/Stripe.bundle/Images/stp_card_diners@3x.png ... 
24368 bytes for ./Payload/eLiift.app/Frameworks/Stripe.framework/Stripe.bundle/Images/stp_card_diners@3x.png
copying file ./Payload/eLiift.app/Frameworks/Stripe.framework/Stripe.bundle/Images/stp_icon_checkmark.png ... 
396 bytes for ./Payload/eLiift.app/Frameworks/Stripe.framework/Stripe.bundle/Images/stp_icon_checkmark.png
copying file ./Payload/eLiift.app/Frameworks/Stripe.framework/Stripe.bundle/Images/stp_card_amex@2x.png ... 
10895 bytes for ./Payload/eLiift.app/Frameworks/Stripe.framework/Stripe.bundle/Images/stp_card_amex@2x.png
copying file ./Payload
2023-07-17 06:16:33 +0000  /eLiift.app/Frameworks/Stripe.framework/Stripe.bundle/Images/stp_card_form_back@2x.png ... 
9100 bytes for ./Payload/eLiift.app/Frameworks/Stripe.framework/Stripe.bundle/Images/stp_card_form_back@2x.png
copying file ./Payload/eLiift.app/Frameworks/Stripe.framework/Stripe.bundle/Images/stp_card_unknown@2x.png ... 
10895 bytes for ./Payload/eLiift.app/Frameworks/Stripe.framework/Stripe.bundle/Images/stp_card_unknown@2x.png
copying file ./Payload/eLiift.app/Frameworks/Stripe.framework/Stripe.bundle/Images/stp_card_visa_template@2x.png ... 
1561 bytes for ./Payload/eLiift.app/Frameworks/Stripe.framework/Stripe.bundle/Images/stp_card_visa_template@2x.png
copying file ./Payload/eLiift.app/Frameworks/Stripe.framework/Stripe.bundle/Images/stp_card_error_amex@2x.png ... 
10895 bytes for ./Payload/eLiift.app/Frameworks/Stripe.framework/Stripe.bundle/Images/stp_card_error_amex@2x.png
copying file ./Payload/eLiift.app/Frameworks/Stripe.framework/Stripe.bundle/Images/stp_card_applepay.png ... 
705 bytes for ./Payload/eLiift.app/Frameworks/Stripe.framework/Stripe.bundle/Images/stp_card_applepay.png
copying file ./Payload/eLiift.app/Frameworks/Stripe.framework/Stripe.bundle/Images/stp_card_form_front@2x.png ... 
7139 bytes for ./Payload/eLiift.app/Frameworks/Stripe.framework/Stripe.bundle/Images/stp_card_form_front@2x.png
copying file ./Payload/eLiift.app/Frameworks/Stripe.framework/Stripe.bundle/Images/stp_card_form_front.png ... 
3389 bytes for ./Payload/eLiift.app/Frameworks/Stripe.framework/Stripe.bundle/Images/stp_card_form_front.png
copying file ./Payload/eLiift.app/Frameworks/Stripe.framework/Stripe.bundle/Images/stp_card_cvc_amex@3x.png ... 
24368 bytes for ./Payload/eLiift.app/Frameworks/Stripe.framework/Stripe.bundle/Images/stp_card_cvc_amex@3x.png
copying file ./Payload/eLiift.app/Frameworks/Stripe.framework/Stripe.bundle/Images/stp_card_discover@3x.png ... 
24368 bytes for ./Payload/eLiift.app/Frameworks/Stripe.framework/Stripe.bundle/Images/stp_card_discover@3x.png
copying file ./Payload/eLiift.app/Frameworks/Stripe.framework/Stripe.bundle/Images/stp_card_error@3x.png ... 
24368 bytes for ./Payload/eLiift.app/Frameworks/Stripe.framework/Stripe.bundle/Images/stp_card_error@3x.png
copying file ./Payload/eLiift.app/Frameworks/Stripe.framework/Stripe.bundle/Images/stp_card_amex_template.png ... 
765 bytes for ./Payload/eLiift.app/Frameworks/Stripe.framework/Stripe.bundle/Images/stp_card_amex_template.png
copying file ./Payload/eLiift.app/Frameworks/Stripe.framework/Stripe.bundle/Images/stp_card_cvc@2x.png ... 
10895 bytes for ./Payload/eLiift.app/Frameworks/Stripe.framework/Stripe.bundle/Images/stp_card_cvc@2x.png
copying file ./Payload/eLiift.app/Frameworks/Stripe.framework/Stripe.bundle/Images/stp_card_jcb_template@3x.png ... 
1472 bytes for ./Payload/eLiift.app/Frameworks/Stripe.framework/Stripe.bundle/Images/stp_card_jcb_template@3x.png
copying file ./Payload/eLiift.app/Frameworks/Stripe.framework/Stripe.bundle/Images/stp_card_amex.png ... 
2798 bytes for ./Payload/eLiift.app/Frameworks/Stripe.framework/Stripe.bundle/Images/stp_card_amex.png
copying file ./Payload/eLiift.app/Frameworks/Stripe.framework/Stripe.bundle/Images/stp_card_form_amex_cvc@2x.png ... 
8811 bytes for ./Payload/eLiift.app/Frameworks/Stripe.framework/Stripe.bundle/Images/stp_card_form_amex_cvc@2x.png
copying file ./Payload/eLiift.app/Frameworks/Stripe.framework/Stripe.bundle/Images/stp_card_form_amex_cvc.png ... 
3448 bytes for ./Payload/eLiift.app/Frameworks/Stripe.framework/Stripe.bundle/Images/stp_card_form_amex_cvc.png
copying file ./Payload/eLiift.app/Frameworks/Stripe.framework/Stripe.bundle/Images/stp_card_jcb@3x.png ... 
24368 bytes for ./Payload/eLiift.app/Frameworks/Stripe.framework/Stripe.bundle/Images/stp_card_jcb@3x.png
copying file ./Payload/eLiift.app/Frameworks/Stripe.framework/Stripe.bundle/Images/stp_card_form_amex_cvc@3x.png ... 
14381 bytes for ./Payload/eLiift.app/Frameworks/Stripe.framework/Stripe.bundle/Images/stp_card_form_amex_cvc@3x.png
copying file ./Payload/eLiift.app/Frameworks/Stripe.framework/Stripe.bundle/Images/stp_card_
2023-07-17 06:16:33 +0000  jcb@2x.png ... 
10895 bytes for ./Payload/eLiift.app/Frameworks/Stripe.framework/Stripe.bundle/Images/stp_card_jcb@2x.png
copying file ./Payload/eLiift.app/Frameworks/Stripe.framework/Stripe.bundle/Images/stp_card_discover.png ... 
2798 bytes for ./Payload/eLiift.app/Frameworks/Stripe.framework/Stripe.bundle/Images/stp_card_discover.png
copying file ./Payload/eLiift.app/Frameworks/Stripe.framework/Stripe.bundle/Images/stp_card_cvc@3x.png ... 
24368 bytes for ./Payload/eLiift.app/Frameworks/Stripe.framework/Stripe.bundle/Images/stp_card_cvc@3x.png
copying file ./Payload/eLiift.app/Frameworks/Stripe.framework/Stripe.bundle/Images/stp_card_jcb_template@2x.png ... 
933 bytes for ./Payload/eLiift.app/Frameworks/Stripe.framework/Stripe.bundle/Images/stp_card_jcb_template@2x.png
copying file ./Payload/eLiift.app/Frameworks/Stripe.framework/Stripe.bundle/Images/stp_card_discover@2x.png ... 
10895 bytes for ./Payload/eLiift.app/Frameworks/Stripe.framework/Stripe.bundle/Images/stp_card_discover@2x.png
copying file ./Payload/eLiift.app/Frameworks/Stripe.framework/Stripe.bundle/Images/stp_card_error@2x.png ... 
10895 bytes for ./Payload/eLiift.app/Frameworks/Stripe.framework/Stripe.bundle/Images/stp_card_error@2x.png
copying file ./Payload/eLiift.app/Frameworks/Stripe.framework/Stripe.bundle/Images/stp_card_cvc.png ... 
2798 bytes for ./Payload/eLiift.app/Frameworks/Stripe.framework/Stripe.bundle/Images/stp_card_cvc.png
copying file ./Payload/eLiift.app/Frameworks/Stripe.framework/Stripe.bundle/Images/stp_card_cvc_amex@2x.png ... 
10895 bytes for ./Payload/eLiift.app/Frameworks/Stripe.framework/Stripe.bundle/Images/stp_card_cvc_amex@2x.png
copying file ./Payload/eLiift.app/Frameworks/Stripe.framework/Stripe.bundle/Images/stp_card_form_front@3x.png ... 
11563 bytes for ./Payload/eLiift.app/Frameworks/Stripe.framework/Stripe.bundle/Images/stp_card_form_front@3x.png
copying file ./Payload/eLiift.app/Frameworks/Stripe.framework/Stripe.bundle/Images/stp_card_visa@3x.png ... 
24368 bytes for ./Payload/eLiift.app/Frameworks/Stripe.framework/Stripe.bundle/Images/stp_card_visa@3x.png
copying file ./Payload/eLiift.app/Frameworks/Stripe.framework/Stripe.bundle/Images/stp_card_unionpay_en@2x.png ... 
2163 bytes for ./Payload/eLiift.app/Frameworks/Stripe.framework/Stripe.bundle/Images/stp_card_unionpay_en@2x.png
copying file ./Payload/eLiift.app/Frameworks/Stripe.framework/Stripe.bundle/Images/stp_icon_add@2x.png ... 
181 bytes for ./Payload/eLiift.app/Frameworks/Stripe.framework/Stripe.bundle/Images/stp_icon_add@2x.png
copying file ./Payload/eLiift.app/Frameworks/Stripe.framework/Stripe.bundle/Images/stp_card_unionpay_zh.png ... 
992 bytes for ./Payload/eLiift.app/Frameworks/Stripe.framework/Stripe.bundle/Images/stp_card_unionpay_zh.png
copying file ./Payload/eLiift.app/Frameworks/Stripe.framework/Stripe.bundle/Images/stp_card_diners_template.png ... 
479 bytes for ./Payload/eLiift.app/Frameworks/Stripe.framework/Stripe.bundle/Images/stp_card_diners_template.png
copying file ./Payload/eLiift.app/Frameworks/Stripe.framework/Stripe.bundle/Images/stp_card_jcb_template.png ... 
451 bytes for ./Payload/eLiift.app/Frameworks/Stripe.framework/Stripe.bundle/Images/stp_card_jcb_template.png
copying file ./Payload/eLiift.app/Frameworks/Stripe.framework/Stripe.bundle/Images/stp_card_unionpay_zh@2x.png ... 
2286 bytes for ./Payload/eLiift.app/Frameworks/Stripe.framework/Stripe.bundle/Images/stp_card_unionpay_zh@2x.png
copying file ./Payload/eLiift.app/Frameworks/Stripe.framework/Stripe.bundle/Images/stp_card_cvc_amex.png ... 
2798 bytes for ./Payload/eLiift.app/Frameworks/Stripe.framework/Stripe.bundle/Images/stp_card_cvc_amex.png
copying file ./Payload/eLiift.app/Frameworks/Stripe.framework/Stripe.bundle/Images/stp_card_diners.png ... 
2798 bytes for ./Payload/eLiift.app/Frameworks/Stripe.framework/Stripe.bundle/Images/stp_card_diners.png
copying file ./Payload/eLiift.app/Frameworks/Stripe.framework/Stripe.bundle/Images/stp_card_applepay@2x.png ... 
1624 bytes for ./Payload/eLiift.app/Frameworks/Stripe.framework/Stripe.bundle/Images/stp_card_applepay@2x.p
2023-07-17 06:16:33 +0000  ng
copying file ./Payload/eLiift.app/Frameworks/Stripe.framework/Stripe.bundle/Images/stp_card_applepay@3x.png ... 
2539 bytes for ./Payload/eLiift.app/Frameworks/Stripe.framework/Stripe.bundle/Images/stp_card_applepay@3x.png
copying file ./Payload/eLiift.app/Frameworks/Stripe.framework/Stripe.bundle/Images/stp_card_unionpay_zh@3x.png ... 
3434 bytes for ./Payload/eLiift.app/Frameworks/Stripe.framework/Stripe.bundle/Images/stp_card_unionpay_zh@3x.png
copying file ./Payload/eLiift.app/Frameworks/Stripe.framework/Stripe.bundle/Images/stp_test_upload_image.jpeg ... 
3340 bytes for ./Payload/eLiift.app/Frameworks/Stripe.framework/Stripe.bundle/Images/stp_test_upload_image.jpeg
copying file ./Payload/eLiift.app/Frameworks/Stripe.framework/Stripe.bundle/Images/stp_card_unknown.png ... 
2798 bytes for ./Payload/eLiift.app/Frameworks/Stripe.framework/Stripe.bundle/Images/stp_card_unknown.png
copying file ./Payload/eLiift.app/Frameworks/Stripe.framework/Stripe.bundle/Images/stp_icon_add@3x.png ... 
260 bytes for ./Payload/eLiift.app/Frameworks/Stripe.framework/Stripe.bundle/Images/stp_icon_add@3x.png
copying file ./Payload/eLiift.app/Frameworks/Stripe.framework/Stripe.bundle/Images/stp_card_unionpay_template_zh.png ... 
418 bytes for ./Payload/eLiift.app/Frameworks/Stripe.framework/Stripe.bundle/Images/stp_card_unionpay_template_zh.png
copying file ./Payload/eLiift.app/Frameworks/Stripe.framework/Stripe.bundle/Images/stp_card_unionpay_en@3x.png ... 
3392 bytes for ./Payload/eLiift.app/Frameworks/Stripe.framework/Stripe.bundle/Images/stp_card_unionpay_en@3x.png
copying file ./Payload/eLiift.app/Frameworks/Stripe.framework/Stripe.bundle/Images/stp_card_visa@2x.png ... 
10895 bytes for ./Payload/eLiift.app/Frameworks/Stripe.framework/Stripe.bundle/Images/stp_card_visa@2x.png
copying file ./Payload/eLiift.app/Frameworks/Stripe.framework/Stripe.bundle/Images/stp_card_error.png ... 
2798 bytes for ./Payload/eLiift.app/Frameworks/Stripe.framework/Stripe.bundle/Images/stp_card_error.png
copying file ./Payload/eLiift.app/Frameworks/Stripe.framework/Stripe.bundle/Images/stp_card_mastercard_template.png ... 
848 bytes for ./Payload/eLiift.app/Frameworks/Stripe.framework/Stripe.bundle/Images/stp_card_mastercard_template.png
copying file ./Payload/eLiift.app/Frameworks/Stripe.framework/Stripe.bundle/Images/stp_card_error_amex.png ... 
2798 bytes for ./Payload/eLiift.app/Frameworks/Stripe.framework/Stripe.bundle/Images/stp_card_error_amex.png
copying file ./Payload/eLiift.app/Frameworks/Stripe.framework/Stripe.bundle/Images/stp_card_visa_template.png ... 
691 bytes for ./Payload/eLiift.app/Frameworks/Stripe.framework/Stripe.bundle/Images/stp_card_visa_template.png
copying file ./Payload/eLiift.app/Frameworks/Stripe.framework/Stripe.bundle/Images/stp_card_mastercard_template@3x.png ... 
3338 bytes for ./Payload/eLiift.app/Frameworks/Stripe.framework/Stripe.bundle/Images/stp_card_mastercard_template@3x.png
copying file ./Payload/eLiift.app/Frameworks/Stripe.framework/Stripe.bundle/Images/stp_card_unionpay_template_zh@3x.png ... 
1532 bytes for ./Payload/eLiift.app/Frameworks/Stripe.framework/Stripe.bundle/Images/stp_card_unionpay_template_zh@3x.png
copying file ./Payload/eLiift.app/Frameworks/Stripe.framework/Stripe.bundle/Images/stp_card_discover_template@2x.png ... 
1331 bytes for ./Payload/eLiift.app/Frameworks/Stripe.framework/Stripe.bundle/Images/stp_card_discover_template@2x.png
copying file ./Payload/eLiift.app/Frameworks/Stripe.framework/Stripe.bundle/Images/stp_card_unionpay_template_en@3x.png ... 
1470 bytes for ./Payload/eLiift.app/Frameworks/Stripe.framework/Stripe.bundle/Images/stp_card_unionpay_template_en@3x.png
copying file ./Payload/eLiift.app/Frameworks/Stripe.framework/Stripe.bundle/Images/stp_card_visa.png ... 
2798 bytes for ./Payload/eLiift.app/Frameworks/Stripe.framework/Stripe.bundle/Images/stp_card_visa.png
copying file ./Payload/eLiift.app/Frameworks/Stripe.framework/Stripe.bundle/Images/stp_shipping_form@2x.png ... 
11185 bytes for ./Payload/eLiift.app/Frameworks/Stripe.framework/Stripe.bundle/Images/stp_shipping_form@
2023-07-17 06:16:33 +0000  2x.png
copying file ./Payload/eLiift.app/Frameworks/Stripe.framework/Stripe.bundle/Images/stp_card_unionpay_template_en.png ... 
386 bytes for ./Payload/eLiift.app/Frameworks/Stripe.framework/Stripe.bundle/Images/stp_card_unionpay_template_en.png
copying file ./Payload/eLiift.app/Frameworks/Stripe.framework/Stripe.bundle/Images/stp_card_mastercard@2x.png ... 
10895 bytes for ./Payload/eLiift.app/Frameworks/Stripe.framework/Stripe.bundle/Images/stp_card_mastercard@2x.png
copying file ./Payload/eLiift.app/Frameworks/Stripe.framework/Stripe.bundle/Images/stp_icon_checkmark@2x.png ... 
779 bytes for ./Payload/eLiift.app/Frameworks/Stripe.framework/Stripe.bundle/Images/stp_icon_checkmark@2x.png
copying file ./Payload/eLiift.app/Frameworks/Stripe.framework/Stripe.bundle/Images/stp_icon_checkmark@3x.png ... 
1173 bytes for ./Payload/eLiift.app/Frameworks/Stripe.framework/Stripe.bundle/Images/stp_icon_checkmark@3x.png
copying file ./Payload/eLiift.app/Frameworks/Stripe.framework/Stripe.bundle/Images/stp_card_mastercard@3x.png ... 
24368 bytes for ./Payload/eLiift.app/Frameworks/Stripe.framework/Stripe.bundle/Images/stp_card_mastercard@3x.png
copying file ./Payload/eLiift.app/Frameworks/Stripe.framework/Stripe.bundle/Images/stp_shipping_form@3x.png ... 
18325 bytes for ./Payload/eLiift.app/Frameworks/Stripe.framework/Stripe.bundle/Images/stp_shipping_form@3x.png
copying file ./Payload/eLiift.app/Frameworks/Stripe.framework/Stripe.bundle/Images/stp_card_unionpay_en.png ... 
955 bytes for ./Payload/eLiift.app/Frameworks/Stripe.framework/Stripe.bundle/Images/stp_card_unionpay_en.png
copying file ./Payload/eLiift.app/Frameworks/Stripe.framework/Stripe.bundle/Images/stp_card_jcb.png ... 
2798 bytes for ./Payload/eLiift.app/Frameworks/Stripe.framework/Stripe.bundle/Images/stp_card_jcb.png
copying file ./Payload/eLiift.app/Frameworks/Stripe.framework/Stripe.bundle/Images/stp_card_unionpay_template_en@2x.png ... 
857 bytes for ./Payload/eLiift.app/Frameworks/Stripe.framework/Stripe.bundle/Images/stp_card_unionpay_template_en@2x.png
copying file ./Payload/eLiift.app/Frameworks/Stripe.framework/Stripe.bundle/Images/stp_card_discover_template@3x.png ... 
2321 bytes for ./Payload/eLiift.app/Frameworks/Stripe.framework/Stripe.bundle/Images/stp_card_discover_template@3x.png
copying file ./Payload/eLiift.app/Frameworks/Stripe.framework/Stripe.bundle/Images/stp_card_unionpay_template_zh@2x.png ... 
943 bytes for ./Payload/eLiift.app/Frameworks/Stripe.framework/Stripe.bundle/Images/stp_card_unionpay_template_zh@2x.png
copying file ./Payload/eLiift.app/Frameworks/Stripe.framework/Stripe.bundle/Images/stp_card_mastercard_template@2x.png ... 
1799 bytes for ./Payload/eLiift.app/Frameworks/Stripe.framework/Stripe.bundle/Images/stp_card_mastercard_template@2x.png
copying file ./Payload/eLiift.app/Frameworks/Stripe.framework/Stripe.bundle/Images/stp_card_form_back.png ... 
3751 bytes for ./Payload/eLiift.app/Frameworks/Stripe.framework/Stripe.bundle/Images/stp_card_form_back.png
copying file ./Payload/eLiift.app/Frameworks/Stripe.framework/Stripe.bundle/stp_card_form_front.png ... 
2116 bytes for ./Payload/eLiift.app/Frameworks/Stripe.framework/Stripe.bundle/stp_card_form_front.png
copying file ./Payload/eLiift.app/Frameworks/Stripe.framework/Stripe.bundle/it.lproj/Localizable.strings ... 
5112 bytes for ./Payload/eLiift.app/Frameworks/Stripe.framework/Stripe.bundle/it.lproj/Localizable.strings
copying file ./Payload/eLiift.app/Frameworks/Stripe.framework/Stripe.bundle/stp_card_cvc_amex@3x.png ... 
2332 bytes for ./Payload/eLiift.app/Frameworks/Stripe.framework/Stripe.bundle/stp_card_cvc_amex@3x.png
copying file ./Payload/eLiift.app/Frameworks/Stripe.framework/Stripe.bundle/stp_card_discover@3x.png ... 
2432 bytes for ./Payload/eLiift.app/Frameworks/Stripe.framework/Stripe.bundle/stp_card_discover@3x.png
copying file ./Payload/eLiift.app/Frameworks/Stripe.framework/Stripe.bundle/stp_card_error@3x.png ... 
1585 bytes for ./Payload/eLiift.app/Frameworks/Stripe.framework/Stripe.bundle/stp_card_error@3x.png
copying file ./Payload/eLiift.app/Frameworks/Stri
2023-07-17 06:16:33 +0000  pe.framework/Stripe.bundle/stp_card_amex_template.png ... 
862 bytes for ./Payload/eLiift.app/Frameworks/Stripe.framework/Stripe.bundle/stp_card_amex_template.png
copying file ./Payload/eLiift.app/Frameworks/Stripe.framework/Stripe.bundle/nn-NO.lproj/Localizable.strings ... 
4606 bytes for ./Payload/eLiift.app/Frameworks/Stripe.framework/Stripe.bundle/nn-NO.lproj/Localizable.strings
copying file ./Payload/eLiift.app/Frameworks/Stripe.framework/Stripe.bundle/fr-CA.lproj/Localizable.strings ... 
5641 bytes for ./Payload/eLiift.app/Frameworks/Stripe.framework/Stripe.bundle/fr-CA.lproj/Localizable.strings
copying file ./Payload/eLiift.app/Frameworks/Stripe.framework/Stripe.bundle/Localizations/de.lproj/Localizable.strings ... 
8727 bytes for ./Payload/eLiift.app/Frameworks/Stripe.framework/Stripe.bundle/Localizations/de.lproj/Localizable.strings
copying file ./Payload/eLiift.app/Frameworks/Stripe.framework/Stripe.bundle/Localizations/zh-Hans.lproj/Localizable.strings ... 
8435 bytes for ./Payload/eLiift.app/Frameworks/Stripe.framework/Stripe.bundle/Localizations/zh-Hans.lproj/Localizable.strings
copying file ./Payload/eLiift.app/Frameworks/Stripe.framework/Stripe.bundle/Localizations/ja.lproj/Localizable.strings ... 
9237 bytes for ./Payload/eLiift.app/Frameworks/Stripe.framework/Stripe.bundle/Localizations/ja.lproj/Localizable.strings
copying file ./Payload/eLiift.app/Frameworks/Stripe.framework/Stripe.bundle/Localizations/en.lproj/Localizable.strings ... 
8466 bytes for ./Payload/eLiift.app/Frameworks/Stripe.framework/Stripe.bundle/Localizations/en.lproj/Localizable.strings
copying file ./Payload/eLiift.app/Frameworks/Stripe.framework/Stripe.bundle/Localizations/nb.lproj/Localizable.strings ... 
8435 bytes for ./Payload/eLiift.app/Frameworks/Stripe.framework/Stripe.bundle/Localizations/nb.lproj/Localizable.strings
copying file ./Payload/eLiift.app/Frameworks/Stripe.framework/Stripe.bundle/Localizations/es.lproj/Localizable.strings ... 
8793 bytes for ./Payload/eLiift.app/Frameworks/Stripe.framework/Stripe.bundle/Localizations/es.lproj/Localizable.strings
copying file ./Payload/eLiift.app/Frameworks/Stripe.framework/Stripe.bundle/Localizations/da.lproj/Localizable.strings ... 
8559 bytes for ./Payload/eLiift.app/Frameworks/Stripe.framework/Stripe.bundle/Localizations/da.lproj/Localizable.strings
copying file ./Payload/eLiift.app/Frameworks/Stripe.framework/Stripe.bundle/Localizations/it.lproj/Localizable.strings ... 
8826 bytes for ./Payload/eLiift.app/Frameworks/Stripe.framework/Stripe.bundle/Localizations/it.lproj/Localizable.strings
copying file ./Payload/eLiift.app/Frameworks/Stripe.framework/Stripe.bundle/Localizations/nn-NO.lproj/Localizable.strings ... 
8437 bytes for ./Payload/eLiift.app/Frameworks/Stripe.framework/Stripe.bundle/Localizations/nn-NO.lproj/Localizable.strings
copying file ./Payload/eLiift.app/Frameworks/Stripe.framework/Stripe.bundle/Localizations/fr-CA.lproj/Localizable.strings ... 
8887 bytes for ./Payload/eLiift.app/Frameworks/Stripe.framework/Stripe.bundle/Localizations/fr-CA.lproj/Localizable.strings
copying file ./Payload/eLiift.app/Frameworks/Stripe.framework/Stripe.bundle/Localizations/sv.lproj/Localizable.strings ... 
8467 bytes for ./Payload/eLiift.app/Frameworks/Stripe.framework/Stripe.bundle/Localizations/sv.lproj/Localizable.strings
copying file ./Payload/eLiift.app/Frameworks/Stripe.framework/Stripe.bundle/Localizations/es-AR.lproj/Localizable.strings ... 
8775 bytes for ./Payload/eLiift.app/Frameworks/Stripe.framework/Stripe.bundle/Localizations/es-AR.lproj/Localizable.strings
copying file ./Payload/eLiift.app/Frameworks/Stripe.framework/Stripe.bundle/Localizations/pt-BR.lproj/Localizable.strings ... 
8654 bytes for ./Payload/eLiift.app/Frameworks/Stripe.framework/Stripe.bundle/Localizations/pt-BR.lproj/Localizable.strings
copying file ./Payload/eLiift.app/Frameworks/Stripe.framework/Stripe.bundle/Localizations/fr.lproj/Localizable.strings ... 
8995 bytes for ./Payload/eLiift.app/Frameworks/Stripe.framework/Stripe.bundle/Localizations/fr.lproj/Localizable.strings
copying file ./Payload/
2023-07-17 06:16:33 +0000  eLiift.app/Frameworks/Stripe.framework/Stripe.bundle/Localizations/fi.lproj/Localizable.strings ... 
8555 bytes for ./Payload/eLiift.app/Frameworks/Stripe.framework/Stripe.bundle/Localizations/fi.lproj/Localizable.strings
copying file ./Payload/eLiift.app/Frameworks/Stripe.framework/Stripe.bundle/Localizations/nl.lproj/Localizable.strings ... 
8719 bytes for ./Payload/eLiift.app/Frameworks/Stripe.framework/Stripe.bundle/Localizations/nl.lproj/Localizable.strings
copying file ./Payload/eLiift.app/Frameworks/Stripe.framework/Stripe.bundle/Localizations/pt-PT.lproj/Localizable.strings ... 
8735 bytes for ./Payload/eLiift.app/Frameworks/Stripe.framework/Stripe.bundle/Localizations/pt-PT.lproj/Localizable.strings
copying file ./Payload/eLiift.app/Frameworks/Stripe.framework/Stripe.bundle/stp_card_cvc@2x.png ... 
1282 bytes for ./Payload/eLiift.app/Frameworks/Stripe.framework/Stripe.bundle/stp_card_cvc@2x.png
copying file ./Payload/eLiift.app/Frameworks/Stripe.framework/Stripe.bundle/stp_card_jcb_template@3x.png ... 
1180 bytes for ./Payload/eLiift.app/Frameworks/Stripe.framework/Stripe.bundle/stp_card_jcb_template@3x.png
copying file ./Payload/eLiift.app/Frameworks/Stripe.framework/Stripe.bundle/stp_card_amex.png ... 
680 bytes for ./Payload/eLiift.app/Frameworks/Stripe.framework/Stripe.bundle/stp_card_amex.png
copying file ./Payload/eLiift.app/Frameworks/Stripe.framework/Stripe.bundle/stp_card_form_amex_cvc@2x.png ... 
6558 bytes for ./Payload/eLiift.app/Frameworks/Stripe.framework/Stripe.bundle/stp_card_form_amex_cvc@2x.png
copying file ./Payload/eLiift.app/Frameworks/Stripe.framework/Stripe.bundle/stp_card_form_amex_cvc.png ... 
2788 bytes for ./Payload/eLiift.app/Frameworks/Stripe.framework/Stripe.bundle/stp_card_form_amex_cvc.png
copying file ./Payload/eLiift.app/Frameworks/Stripe.framework/Stripe.bundle/stp_card_jcb@3x.png ... 
1760 bytes for ./Payload/eLiift.app/Frameworks/Stripe.framework/Stripe.bundle/stp_card_jcb@3x.png
copying file ./Payload/eLiift.app/Frameworks/Stripe.framework/Stripe.bundle/stp_card_form_amex_cvc@3x.png ... 
10360 bytes for ./Payload/eLiift.app/Frameworks/Stripe.framework/Stripe.bundle/stp_card_form_amex_cvc@3x.png
copying file ./Payload/eLiift.app/Frameworks/Stripe.framework/Stripe.bundle/stp_card_jcb@2x.png ... 
1011 bytes for ./Payload/eLiift.app/Frameworks/Stripe.framework/Stripe.bundle/stp_card_jcb@2x.png
copying file ./Payload/eLiift.app/Frameworks/Stripe.framework/Stripe.bundle/sv.lproj/Localizable.strings ... 
4783 bytes for ./Payload/eLiift.app/Frameworks/Stripe.framework/Stripe.bundle/sv.lproj/Localizable.strings
copying file ./Payload/eLiift.app/Frameworks/Stripe.framework/Stripe.bundle/stp_card_discover.png ... 
668 bytes for ./Payload/eLiift.app/Frameworks/Stripe.framework/Stripe.bundle/stp_card_discover.png
copying file ./Payload/eLiift.app/Frameworks/Stripe.framework/Stripe.bundle/stp_card_cvc@3x.png ... 
1985 bytes for ./Payload/eLiift.app/Frameworks/Stripe.framework/Stripe.bundle/stp_card_cvc@3x.png
copying file ./Payload/eLiift.app/Frameworks/Stripe.framework/Stripe.bundle/stp_card_jcb_template@2x.png ... 
664 bytes for ./Payload/eLiift.app/Frameworks/Stripe.framework/Stripe.bundle/stp_card_jcb_template@2x.png
copying file ./Payload/eLiift.app/Frameworks/Stripe.framework/Stripe.bundle/es-AR.lproj/Localizable.strings ... 
5498 bytes for ./Payload/eLiift.app/Frameworks/Stripe.framework/Stripe.bundle/es-AR.lproj/Localizable.strings
copying file ./Payload/eLiift.app/Frameworks/Stripe.framework/Stripe.bundle/stp_card_discover@2x.png ... 
1475 bytes for ./Payload/eLiift.app/Frameworks/Stripe.framework/Stripe.bundle/stp_card_discover@2x.png
copying file ./Payload/eLiift.app/Frameworks/Stripe.framework/Stripe.bundle/stp_card_error@2x.png ... 
878 bytes for ./Payload/eLiift.app/Frameworks/Stripe.framework/Stripe.bundle/stp_card_error@2x.png
copying file ./Payload/eLiift.app/Frameworks/Stripe.framework/Stripe.bundle/stp_card_cvc.png ... 
659 bytes for ./Payload/eLiift.app/Frameworks/Stripe.framework/Stripe.bundle/stp_card_cvc.png
copying file ./Payload/eLiift.app/Frameworks/Stripe.framew
2023-07-17 06:16:33 +0000  ork/Stripe.bundle/stp_card_cvc_amex@2x.png ... 
1321 bytes for ./Payload/eLiift.app/Frameworks/Stripe.framework/Stripe.bundle/stp_card_cvc_amex@2x.png
copying file ./Payload/eLiift.app/Frameworks/Stripe.framework/Stripe.bundle/stp_card_form_front@3x.png ... 
7239 bytes for ./Payload/eLiift.app/Frameworks/Stripe.framework/Stripe.bundle/stp_card_form_front@3x.png
copying file ./Payload/eLiift.app/Frameworks/Stripe.framework/Stripe.bundle/stp_card_visa@3x.png ... 
2148 bytes for ./Payload/eLiift.app/Frameworks/Stripe.framework/Stripe.bundle/stp_card_visa@3x.png
copying file ./Payload/eLiift.app/Frameworks/Stripe.framework/Stripe.bundle/stp_card_unionpay_en@2x.png ... 
1830 bytes for ./Payload/eLiift.app/Frameworks/Stripe.framework/Stripe.bundle/stp_card_unionpay_en@2x.png
copying file ./Payload/eLiift.app/Frameworks/Stripe.framework/Stripe.bundle/stp_icon_add@2x.png ... 
202 bytes for ./Payload/eLiift.app/Frameworks/Stripe.framework/Stripe.bundle/stp_icon_add@2x.png
copying file ./Payload/eLiift.app/Frameworks/Stripe.framework/Stripe.bundle/stp_card_unionpay_zh.png ... 
916 bytes for ./Payload/eLiift.app/Frameworks/Stripe.framework/Stripe.bundle/stp_card_unionpay_zh.png
copying file ./Payload/eLiift.app/Frameworks/Stripe.framework/Stripe.bundle/stp_card_diners_template.png ... 
390 bytes for ./Payload/eLiift.app/Frameworks/Stripe.framework/Stripe.bundle/stp_card_diners_template.png
copying file ./Payload/eLiift.app/Frameworks/Stripe.framework/Stripe.bundle/stp_card_jcb_template.png ... 
361 bytes for ./Payload/eLiift.app/Frameworks/Stripe.framework/Stripe.bundle/stp_card_jcb_template.png
copying file ./Payload/eLiift.app/Frameworks/Stripe.framework/Stripe.bundle/stp_card_unionpay_zh@2x.png ... 
1839 bytes for ./Payload/eLiift.app/Frameworks/Stripe.framework/Stripe.bundle/stp_card_unionpay_zh@2x.png
copying file ./Payload/eLiift.app/Frameworks/Stripe.framework/Stripe.bundle/stp_card_cvc_amex.png ... 
696 bytes for ./Payload/eLiift.app/Frameworks/Stripe.framework/Stripe.bundle/stp_card_cvc_amex.png
copying file ./Payload/eLiift.app/Frameworks/Stripe.framework/Stripe.bundle/stp_card_diners.png ... 
581 bytes for ./Payload/eLiift.app/Frameworks/Stripe.framework/Stripe.bundle/stp_card_diners.png
copying file ./Payload/eLiift.app/Frameworks/Stripe.framework/Stripe.bundle/stp_card_applepay@2x.png ... 
1160 bytes for ./Payload/eLiift.app/Frameworks/Stripe.framework/Stripe.bundle/stp_card_applepay@2x.png
copying file ./Payload/eLiift.app/Frameworks/Stripe.framework/Stripe.bundle/stp_card_applepay@3x.png ... 
2094 bytes for ./Payload/eLiift.app/Frameworks/Stripe.framework/Stripe.bundle/stp_card_applepay@3x.png
copying file ./Payload/eLiift.app/Frameworks/Stripe.framework/Stripe.bundle/stp_card_unionpay_zh@3x.png ... 
2901 bytes for ./Payload/eLiift.app/Frameworks/Stripe.framework/Stripe.bundle/stp_card_unionpay_zh@3x.png
copying file ./Payload/eLiift.app/Frameworks/Stripe.framework/Stripe.bundle/pt-BR.lproj/Localizable.strings ... 
5344 bytes for ./Payload/eLiift.app/Frameworks/Stripe.framework/Stripe.bundle/pt-BR.lproj/Localizable.strings
copying file ./Payload/eLiift.app/Frameworks/Stripe.framework/Stripe.bundle/stp_test_upload_image.jpeg ... 
3340 bytes for ./Payload/eLiift.app/Frameworks/Stripe.framework/Stripe.bundle/stp_test_upload_image.jpeg
copying file ./Payload/eLiift.app/Frameworks/Stripe.framework/Stripe.bundle/stp_card_unknown.png ... 
203 bytes for ./Payload/eLiift.app/Frameworks/Stripe.framework/Stripe.bundle/stp_card_unknown.png
copying file ./Payload/eLiift.app/Frameworks/Stripe.framework/Stripe.bundle/stp_icon_add@3x.png ... 
224 bytes for ./Payload/eLiift.app/Frameworks/Stripe.framework/Stripe.bundle/stp_icon_add@3x.png
copying file ./Payload/eLiift.app/Frameworks/Stripe.framework/Stripe.bundle/stp_card_unionpay_template_zh.png ... 
357 bytes for ./Payload/eLiift.app/Frameworks/Stripe.framework/Stripe.bundle/stp_card_unionpay_template_zh.png
copying file ./Payload/eLiift.app/Frameworks/Stripe.framework/Stripe.bundle/stp_card_unionpay_en@3x.png ... 
3053 bytes for ./Payload/eLiift.app/Frameworks/Stripe.framework/Str
2023-07-17 06:16:33 +0000  ipe.bundle/stp_card_unionpay_en@3x.png
copying file ./Payload/eLiift.app/Frameworks/Stripe.framework/Stripe.bundle/stp_card_visa@2x.png ... 
1324 bytes for ./Payload/eLiift.app/Frameworks/Stripe.framework/Stripe.bundle/stp_card_visa@2x.png
copying file ./Payload/eLiift.app/Frameworks/Stripe.framework/Stripe.bundle/stp_card_error.png ... 
487 bytes for ./Payload/eLiift.app/Frameworks/Stripe.framework/Stripe.bundle/stp_card_error.png
copying file ./Payload/eLiift.app/Frameworks/Stripe.framework/Stripe.bundle/stp_card_mastercard_template.png ... 
769 bytes for ./Payload/eLiift.app/Frameworks/Stripe.framework/Stripe.bundle/stp_card_mastercard_template.png
copying file ./Payload/eLiift.app/Frameworks/Stripe.framework/Stripe.bundle/stp_card_error_amex.png ... 
493 bytes for ./Payload/eLiift.app/Frameworks/Stripe.framework/Stripe.bundle/stp_card_error_amex.png
copying file ./Payload/eLiift.app/Frameworks/Stripe.framework/Stripe.bundle/stp_card_visa_template.png ... 
748 bytes for ./Payload/eLiift.app/Frameworks/Stripe.framework/Stripe.bundle/stp_card_visa_template.png
copying file ./Payload/eLiift.app/Frameworks/Stripe.framework/Stripe.bundle/stp_card_mastercard_template@3x.png ... 
3558 bytes for ./Payload/eLiift.app/Frameworks/Stripe.framework/Stripe.bundle/stp_card_mastercard_template@3x.png
copying file ./Payload/eLiift.app/Frameworks/Stripe.framework/Stripe.bundle/fr.lproj/Localizable.strings ... 
5844 bytes for ./Payload/eLiift.app/Frameworks/Stripe.framework/Stripe.bundle/fr.lproj/Localizable.strings
copying file ./Payload/eLiift.app/Frameworks/Stripe.framework/Stripe.bundle/fi.lproj/Localizable.strings ... 
4944 bytes for ./Payload/eLiift.app/Frameworks/Stripe.framework/Stripe.bundle/fi.lproj/Localizable.strings
copying file ./Payload/eLiift.app/Frameworks/Stripe.framework/Stripe.bundle/nl.lproj/Localizable.strings ... 
4218 bytes for ./Payload/eLiift.app/Frameworks/Stripe.framework/Stripe.bundle/nl.lproj/Localizable.strings
copying file ./Payload/eLiift.app/Frameworks/Stripe.framework/Stripe.bundle/stp_card_unionpay_template_zh@3x.png ... 
1263 bytes for ./Payload/eLiift.app/Frameworks/Stripe.framework/Stripe.bundle/stp_card_unionpay_template_zh@3x.png
copying file ./Payload/eLiift.app/Frameworks/Stripe.framework/Stripe.bundle/stp_card_discover_template@2x.png ... 
1424 bytes for ./Payload/eLiift.app/Frameworks/Stripe.framework/Stripe.bundle/stp_card_discover_template@2x.png
copying file ./Payload/eLiift.app/Frameworks/Stripe.framework/Stripe.bundle/stp_card_unionpay_template_en@3x.png ... 
1271 bytes for ./Payload/eLiift.app/Frameworks/Stripe.framework/Stripe.bundle/stp_card_unionpay_template_en@3x.png
copying file ./Payload/eLiift.app/Frameworks/Stripe.framework/Stripe.bundle/stp_card_visa.png ... 
722 bytes for ./Payload/eLiift.app/Frameworks/Stripe.framework/Stripe.bundle/stp_card_visa.png
copying file ./Payload/eLiift.app/Frameworks/Stripe.framework/Stripe.bundle/stp_shipping_form@2x.png ... 
8138 bytes for ./Payload/eLiift.app/Frameworks/Stripe.framework/Stripe.bundle/stp_shipping_form@2x.png
copying file ./Payload/eLiift.app/Frameworks/Stripe.framework/Stripe.bundle/stp_card_unionpay_template_en.png ... 
324 bytes for ./Payload/eLiift.app/Frameworks/Stripe.framework/Stripe.bundle/stp_card_unionpay_template_en.png
copying file ./Payload/eLiift.app/Frameworks/Stripe.framework/Stripe.bundle/stp_card_mastercard@2x.png ... 
827 bytes for ./Payload/eLiift.app/Frameworks/Stripe.framework/Stripe.bundle/stp_card_mastercard@2x.png
copying file ./Payload/eLiift.app/Frameworks/Stripe.framework/Stripe.bundle/pt-PT.lproj/Localizable.strings ... 
2023-07-17 06:16:33 +0000  5597 bytes for ./Payload/eLiift.app/Frameworks/Stripe.framework/Stripe.bundle/pt-PT.lproj/Localizable.strings
2023-07-17 06:16:33 +0000  copying file ./Payload/eLiift.app/Frameworks/Stripe.framework/Stripe.bundle/stp_icon_checkmark@2x.png ... 
2023-07-17 06:16:33 +0000  711 bytes for ./Payload/eLiift.app/Frameworks/Stripe.framework/Stripe.bundle/stp_icon_checkmark@2x.png
2023-07-17 06:16:33 +0000  copying file ./Payload/eLiift.app/Frameworks/Stripe.framework/Stripe.bundle/stp_icon_checkmark@3x.png ... 
2023-07-17 06:16:33 +0000  994 bytes for ./Payload/eLiift.app/Frameworks/Stripe.framework/Stripe.bundle/stp_icon_checkmark@3x.png
copying file ./Payload/eLiift.app/Frameworks/Stripe.framework/Stripe.bundle/stp_card_mastercard@3x.png ... 
2023-07-17 06:16:33 +0000  1739 bytes for ./Payload/eLiift.app/Frameworks/Stripe.framework/Stripe.bundle/stp_card_mastercard@3x.png
2023-07-17 06:16:33 +0000  copying file ./Payload/eLiift.app/Frameworks/Stripe.framework/Stripe.bundle/stp_shipping_form@3x.png ... 
2023-07-17 06:16:33 +0000  12929 bytes for ./Payload/eLiift.app/Frameworks/Stripe.framework/Stripe.bundle/stp_shipping_form@3x.png
2023-07-17 06:16:33 +0000  copying file ./Payload/eLiift.app/Frameworks/Stripe.framework/Stripe.bundle/stp_card_unionpay_en.png ... 
2023-07-17 06:16:33 +0000  857 bytes for ./Payload/eLiift.app/Frameworks/Stripe.framework/Stripe.bundle/stp_card_unionpay_en.png
copying file ./Payload/eLiift.app/Frameworks/Stripe.framework/Stripe.bundle/stp_card_jcb.png ... 
2023-07-17 06:16:33 +0000  578 bytes for ./Payload/eLiift.app/Frameworks/Stripe.framework/Stripe.bundle/stp_card_jcb.png
copying file ./Payload/eLiift.app/Frameworks/Stripe.framework/Stripe.bundle/stp_card_unionpay_template_en@2x.png ... 
2023-07-17 06:16:34 +0000  654 bytes for ./Payload/eLiift.app/Frameworks/Stripe.framework/Stripe.bundle/stp_card_unionpay_template_en@2x.png
copying file ./Payload/eLiift.app/Frameworks/Stripe.framework/Stripe.bundle/Info.plist ... 
2023-07-17 06:16:34 +0000  756 bytes for ./Payload/eLiift.app/Frameworks/Stripe.framework/Stripe.bundle/Info.plist
copying file ./Payload/eLiift.app/Frameworks/Stripe.framework/Stripe.bundle/stp_card_discover_template@3x.png ... 
2319 bytes for ./Payload/eLiift.app/Frameworks/Stripe.framework/Stripe.bundle/stp_card_discover_template@3x.png
copying file ./Payload/eLiift.app/Frameworks/Stripe.framework/Stripe.bundle/stp_card_unionpay_template_zh@2x.png ... 
737 bytes for ./Payload/eLiift.app/Frameworks/Stripe.framework/Stripe.bundle/stp_card_unionpay_template_zh@2x.png
copying file ./Payload/eLiift.app/Frameworks/Stripe.framework/Stripe.bundle/stp_card_mastercard_template@2x.png ... 
1776 bytes for ./Payload/eLiift.app/Frameworks/Stripe.framework/Stripe.bundle/stp_card_mastercard_template@2x.png
copying file ./Payload/eLiift.app/Frameworks/Stripe.framework/Stripe.bundle/stp_card_form_back.png ... 
2673 bytes for ./Payload/eLiift.app/Frameworks/Stripe.framework/Stripe.bundle/stp_card_form_back.png
copying file ./Payload/eLiift.app/Frameworks/Stripe.framework/Info.plist ... 
781 bytes for ./Payload/eLiift.app/Frameworks/Stripe.framework/Info.plist
copying file ./Payload/eLiift.app/Frameworks/Stripe.framework/Stripe ... 
2023-07-17 06:16:34 +0000  1599520 bytes for ./Payload/eLiift.app/Frameworks/Stripe.framework/Stripe
copying file ./Payload/eLiift.app/Frameworks/PINCache.framework/_CodeSignature/CodeResources ... 
1798 bytes for ./Payload/eLiift.app/Frameworks/PINCache.framework/_CodeSignature/CodeResources
copying file ./Payload/eLiift.app/Frameworks/PINCache.framework/PINCache ... 
304368 bytes for ./Payload/eLiift.app/Frameworks/PINCache.framework/PINCache
copying file ./Payload/eLiift.app/Frameworks/PINCache.framework/Info.plist ... 
784 bytes for ./Payload/eLiift.app/Frameworks/PINCache.framework/Info.plist
2023-07-17 06:16:34 +0000  copying file ./Payload/eLiift.app/Frameworks/Cosmos.framework/_CodeSignature/CodeResources ... 
1798 bytes for ./Payload/eLiift.app/Frameworks/Cosmos.framework/_CodeSignature/CodeResources
2023-07-17 06:16:34 +0000  copying file ./Payload/eLiift.app/Frameworks/Cosmos.framework/Cosmos ... 
2023-07-17 06:16:34 +0000  262304 bytes for ./Payload/eLiift.app/Frameworks/Cosmos.framework/Cosmos
copying file ./Payload/eLiift.app/Frameworks/Cosmos.framework/Info.plist ... 
2023-07-17 06:16:34 +0000  781 bytes for ./Payload/eLiift.app/Frameworks/Cosmos.framework/Info.plist
2023-07-17 06:16:34 +0000  copying file ./Payload/eLiift.app/Frameworks/FirebaseDatabase.framework/_CodeSignature/CodeResources ... 
2023-07-17 06:16:34 +0000  1798 bytes for ./Payload/eLiift.app/Frameworks/FirebaseDatabase.framework/_CodeSignature/CodeResources
2023-07-17 06:16:34 +0000  copying file ./Payload/eLiift.app/Frameworks/FirebaseDatabase.framework/FirebaseDatabase ... 
2023-07-17 06:16:34 +0000  1544160 bytes for ./Payload/eLiift.app/Frameworks/FirebaseDatabase.framework/FirebaseDatabase
copying file ./Payload/eLiift.app/Frameworks/FirebaseDatabase.framework/Info.plist ... 
2023-07-17 06:16:34 +0000  804 bytes for ./Payload/eLiift.app/Frameworks/FirebaseDatabase.framework/Info.plist
copying file ./Payload/eLiift.app/Frameworks/FirebaseInstallations.framework/_CodeSignature/CodeResources ... 
1798 bytes for ./Payload/eLiift.app/Frameworks/FirebaseInstallations.framework/_CodeSignature/CodeResources
copying file ./Payload/eLiift.app/Frameworks/FirebaseInstallations.framework/FirebaseInstallations ... 
294800 bytes for ./Payload/eLiift.app/Frameworks/FirebaseInstallations.framework/FirebaseInstallations
copying file ./Payload/eLiift.app/Frameworks/FirebaseInstallations.framework/Info.plist ... 
813 bytes for ./Payload/eLiift.app/Frameworks/FirebaseInstallations.framework/Info.plist
copying file ./Payload/eLiift.app/Frameworks/SideMenuSwift.framework/_CodeSignature/CodeResources ... 
1798 bytes for ./Payload/eLiift.app/Frameworks/SideMenuSwift.framework/_CodeSignature/CodeResources
copying file ./Payload/eLiift.app/Frameworks/SideMenuSwift.framework/SideMenuSwift ... 
2023-07-17 06:16:34 +0000  353360 bytes for ./Payload/eLiift.app/Frameworks/SideMenuSwift.framework/SideMenuSwift
copying file ./Payload/eLiift.app/Frameworks/SideMenuSwift.framework/Info.plist ... 
2023-07-17 06:16:34 +0000  794 bytes for ./Payload/eLiift.app/Frameworks/SideMenuSwift.framework/Info.plist
copying file ./Payload/eLiift.app/Frameworks/FirebaseABTesting.framework/_CodeSignature/CodeResources ... 
1798 bytes for ./Payload/eLiift.app/Frameworks/FirebaseABTesting.framework/_CodeSignature/CodeResources
copying file ./Payload/eLiift.app/Frameworks/FirebaseABTesting.framework/FirebaseABTesting ... 
122528 bytes for ./Payload/eLiift.app/Frameworks/FirebaseABTesting.framework/FirebaseABTesting
copying file ./Payload/eLiift.app/Frameworks/FirebaseABTesting.framework/Info.plist ... 
806 bytes for ./Payload/eLiift.app/Frameworks/FirebaseABTesting.framework/Info.plist
copying file ./Payload/eLiift.app/Frameworks/PINRemoteImage.framework/_CodeSignature/CodeResources ... 
1798 bytes for ./Payload/eLiift.app/Frameworks/PINRemoteImage.framework/_CodeSignature/CodeResources
copying file ./Payload/eLiift.app/Frameworks/PINRemoteImage.framework/PINRemoteImage ... 
551056 bytes for ./Payload/eLiift.app/Frameworks/PINRemoteImage.framework/PINRemoteImage
copying file ./Payload/eLiift.app/Frameworks/PINRemoteImage.framework/Info.plist ... 
796 bytes for ./Payload/eLiift.app/Frameworks/PINRemoteImage.framework/Info.plist
copying file ./Payload/eLiift.app/Frameworks/SkyFloatingLabelTextField.framework/_CodeSignature/CodeResources ... 
1798 bytes for ./Payload/eLiift.app/Frameworks/SkyFloatingLabelTextField.framework/_CodeSignature/CodeResources
copying file ./Payload/eLiift.app/Frameworks/SkyFloatingLabelTextField.framework/SkyFloatingLabelTextField ... 
286224 bytes for ./Payload/eLiift.app/Frameworks/SkyFloatingLabelTextField.framework/SkyFloatingLabelTextField
copying file ./Payload/eLiift.app/Frameworks/SkyFloatingLabelTextField.framework/Info.plist ... 
820 bytes for ./Payload/eLiift.app/Frameworks/SkyFloatingLabelTextField.framework/Info.plist
copying file ./Payload/eLiift.app/Frameworks/RxCocoa.framework/_CodeSignature/CodeResources ... 
1798 bytes for ./Payload/eLiift.app/Frameworks/RxCocoa.framework/_CodeSignature/CodeResources
copying file ./Payload/eLiift.app/Frameworks/RxCocoa.framework/RxCocoa ... 
2023-07-17 06:16:34 +0000  1843200 bytes for ./Payload/eLiift.app/Frameworks/RxCocoa.framework/RxCocoa
copying file ./Payload/eLiift.app/Frameworks/RxCocoa.framework/Info.plist ... 
2023-07-17 06:16:34 +0000  782 bytes for ./Payload/eLiift.app/Frameworks/RxCocoa.framework/Info.plist
2023-07-17 06:16:34 +0000  copying file ./Payload/eLiift.app/Frameworks/Lottie.framework/_CodeSignature/CodeResources ... 
2023-07-17 06:16:34 +0000  1798 bytes for ./Payload/eLiift.app/Frameworks/Lottie.framework/_CodeSignature/CodeResources
2023-07-17 06:16:34 +0000  copying file ./Payload/eLiift.app/Frameworks/Lottie.framework/Lottie ... 
2023-07-17 06:16:34 +0000  4545936 bytes for ./Payload/eLiift.app/Frameworks/Lottie.framework/Lottie
copying file ./Payload/eLiift.app/Frameworks/Lottie.framework/Info.plist ... 
2023-07-17 06:16:34 +0000  781 bytes for ./Payload/eLiift.app/Frameworks/Lottie.framework/Info.plist
copying file ./Payload/eLiift.app/Frameworks/JWTDecode.framework/_CodeSignature/CodeResources ... 
1798 bytes for ./Payload/eLiift.app/Frameworks/JWTDecode.framework/_CodeSignature/CodeResources
copying file ./Payload/eLiift.app/Frameworks/JWTDecode.framework/JWTDecode ... 
146304 bytes for ./Payload/eLiift.app/Frameworks/JWTDecode.framework/JWTDecode
copying file ./Payload/eLiift.app/Frameworks/JWTDecode.framework/Info.plist ... 
786 bytes for ./Payload/eLiift.app/Frameworks/JWTDecode.framework/Info.plist
copying file ./Payload/eLiift.app/Frameworks/RxSwift.framework/_CodeSignature/CodeResources ... 
1798 bytes for ./Payload/eLiift.app/Frameworks/RxSwift.framework/_CodeSignature/CodeResources
copying file ./Payload/eLiift.app/Frameworks/RxSwift.framework/RxSwift ... 
2023-07-17 06:16:36 +0000  2678752 bytes for ./Payload/eLiift.app/Frameworks/RxSwift.framework/RxSwift
copying file ./Payload/eLiift.app/Frameworks/RxSwift.framework/Info.plist ... 
2023-07-17 06:16:36 +0000  782 bytes for ./Payload/eLiift.app/Frameworks/RxSwift.framework/Info.plist
copying file ./Payload/eLiift.app/Frameworks/FirebaseCoreDiagnostics.framework/_CodeSignature/CodeResources ... 
1798 bytes for ./Payload/eLiift.app/Frameworks/FirebaseCoreDiagnostics.framework/_CodeSignature/CodeResources
copying file ./Payload/eLiift.app/Frameworks/FirebaseCoreDiagnostics.framework/FirebaseCoreDiagnostics ... 
86640 bytes for ./Payload/eLiift.app/Frameworks/FirebaseCoreDiagnostics.framework/FirebaseCoreDiagnostics
copying file ./Payload/eLiift.app/Frameworks/FirebaseCoreDiagnostics.framework/Info.plist ... 
817 bytes for ./Payload/eLiift.app/Frameworks/FirebaseCoreDiagnostics.framework/Info.plist
copying file ./Payload/eLiift.app/embedded.mobileprovision ... 
21100 bytes for ./Payload/eLiift.app/embedded.mobileprovision
copying file ./Payload/eLiift.app/MenuCell.nib/objects-13.0+.nib ... 
6056 bytes for ./Payload/eLiift.app/MenuCell.nib/objects-13.0+.nib
copying file ./Payload/eLiift.app/MenuCell.nib/runtime.nib ... 
6546 bytes for ./Payload/eLiift.app/MenuCell.nib/runtime.nib
copying file ./Payload/eLiift.app/MenuCell.nib/objects-14.0+.nib ... 
5049 bytes for ./Payload/eLiift.app/MenuCell.nib/objects-14.0+.nib
copying file ./Payload/eLiift.app/SearchCell.nib/objects-13.0+.nib ... 
4117 bytes for ./Payload/eLiift.app/SearchCell.nib/objects-13.0+.nib
copying file ./Payload/eLiift.app/SearchCell.nib/runtime.nib ... 
4766 bytes for ./Payload/eLiift.app/SearchCell.nib/runtime.nib
copying file ./Payload/eLiift.app/ViewVehicleCell.nib ... 
4500 bytes for ./Payload/eLiift.app/ViewVehicleCell.nib
copying file ./Payload/eLiift.app/Info.plist ... 
2409 bytes for ./Payload/eLiift.app/Info.plist
copying file ./Payload/eLiift.app/SupportSettings.storyboardc/SavedLocationVC.nib/objects-13.0+.nib ... 
1019 bytes for ./Payload/eLiift.app/SupportSettings.storyboardc/SavedLocationVC.nib/objects-13.0+.nib
copying file ./Payload/eLiift.app/SupportSettings.storyboardc/SavedLocationVC.nib/runtime.nib ... 
1019 bytes for ./Payload/eLiift.app/SupportSettings.storyboardc/SavedLocationVC.nib/runtime.nib
copying file ./Payload/eLiift.app/SupportSettings.storyboardc/SavedLocationVC.nib/objects-14.0+.nib ... 
1019 bytes for ./Payload/eLiift.app/SupportSettings.storyboardc/SavedLocationVC.nib/objects-14.0+.nib
copying file ./Payload/eLiift.app/SupportSettings.storyboardc/SearchAddressVC.nib/objects-13.0+.nib ... 
1019 bytes for ./Payload/eLiift.app/SupportSettings.storyboardc/SearchAddressVC.nib/objects-13.0+.nib
copying file ./Payload/eLiift.app/SupportSettings.storyboardc/SearchAddressVC.nib/runtime.nib ... 
1019 bytes for ./Payload/eLiift.app/SupportSettings.storyboardc/SearchAddressVC.nib/runtime.nib
copying file ./Payload/eLiift.app/SupportSettings.storyboardc/SearchAddressVC.nib/objects-14.0+.nib ... 
1019 bytes for ./Payload/eLiift.app/SupportSettings.storyboardc/SearchAddressVC.nib/objects-14.0+.nib
copying file ./Payload/eLiift.app/SupportSettings.storyboardc/AccountVC.nib/objects-13.0+.nib ... 
1006 bytes for ./Payload/eLiift.app/SupportSettings.storyboardc/AccountVC.nib/objects-13.0+.nib
copying file ./Payload/eLiift.app/SupportSettings.storyboardc/AccountVC.nib/runtime.nib ... 
1006 bytes for ./Payload/eLiift.app/SupportSettings.storyboardc/AccountVC.nib/runtime.nib
copying file ./Payload/eLiift.app/SupportSettings.storyboardc/AccountVC.nib/objects-14.0+.nib ... 
1006 bytes for ./Payload/eLiift.app/SupportSettings.storyboardc/AccountVC.nib/objects-14.0+.nib
copying file ./Payload/eLiift.app/SupportSettings.storyboardc/ReviewRatingVC.nib/objects-13.0+.nib ... 
1017 bytes for ./Payload/eLiift.app/SupportSettings.storyboardc/ReviewRatingVC.nib/objects-13.0+.nib
copying file ./Payload/eLiift.app/SupportSettings.storyboardc/ReviewRatingVC.nib/runtime.nib ... 
1017 bytes for ./Payload/eLiift.app/SupportSettings.storyboardc/ReviewRatingVC.nib/runtime.nib
copying file ./Payload/eLiift.app/SupportSettings.storyboardc/ReviewRatingVC.nib/objects-14.0+.nib ... 
1017 bytes for ./Payload/eLiift.app/SupportSettings.storyboardc/ReviewRatingVC.nib/objects-14.0+.n
2023-07-17 06:16:36 +0000  ib
copying file ./Payload/eLiift.app/SupportSettings.storyboardc/5zC-ua-neK-view-UH8-RH-yew.nib/objects-13.0+.nib ... 
15699 bytes for ./Payload/eLiift.app/SupportSettings.storyboardc/5zC-ua-neK-view-UH8-RH-yew.nib/objects-13.0+.nib
copying file ./Payload/eLiift.app/SupportSettings.storyboardc/5zC-ua-neK-view-UH8-RH-yew.nib/runtime.nib ... 
16554 bytes for ./Payload/eLiift.app/SupportSettings.storyboardc/5zC-ua-neK-view-UH8-RH-yew.nib/runtime.nib
copying file ./Payload/eLiift.app/SupportSettings.storyboardc/5zC-ua-neK-view-UH8-RH-yew.nib/objects-14.0+.nib ... 
15609 bytes for ./Payload/eLiift.app/SupportSettings.storyboardc/5zC-ua-neK-view-UH8-RH-yew.nib/objects-14.0+.nib
copying file ./Payload/eLiift.app/SupportSettings.storyboardc/fTA-Yp-IFp-view-9CJ-AX-CM7.nib/objects-13.0+.nib ... 
7368 bytes for ./Payload/eLiift.app/SupportSettings.storyboardc/fTA-Yp-IFp-view-9CJ-AX-CM7.nib/objects-13.0+.nib
copying file ./Payload/eLiift.app/SupportSettings.storyboardc/fTA-Yp-IFp-view-9CJ-AX-CM7.nib/runtime.nib ... 
7819 bytes for ./Payload/eLiift.app/SupportSettings.storyboardc/fTA-Yp-IFp-view-9CJ-AX-CM7.nib/runtime.nib
copying file ./Payload/eLiift.app/SupportSettings.storyboardc/fTA-Yp-IFp-view-9CJ-AX-CM7.nib/objects-14.0+.nib ... 
7368 bytes for ./Payload/eLiift.app/SupportSettings.storyboardc/fTA-Yp-IFp-view-9CJ-AX-CM7.nib/objects-14.0+.nib
copying file ./Payload/eLiift.app/SupportSettings.storyboardc/FAQvc.nib/objects-13.0+.nib ... 
998 bytes for ./Payload/eLiift.app/SupportSettings.storyboardc/FAQvc.nib/objects-13.0+.nib
copying file ./Payload/eLiift.app/SupportSettings.storyboardc/FAQvc.nib/runtime.nib ... 
998 bytes for ./Payload/eLiift.app/SupportSettings.storyboardc/FAQvc.nib/runtime.nib
copying file ./Payload/eLiift.app/SupportSettings.storyboardc/FAQvc.nib/objects-14.0+.nib ... 
998 bytes for ./Payload/eLiift.app/SupportSettings.storyboardc/FAQvc.nib/objects-14.0+.nib
copying file ./Payload/eLiift.app/SupportSettings.storyboardc/zRh-tW-5jK-view-QRY-eb-CMj.nib/objects-13.0+.nib ... 
7674 bytes for ./Payload/eLiift.app/SupportSettings.storyboardc/zRh-tW-5jK-view-QRY-eb-CMj.nib/objects-13.0+.nib
copying file ./Payload/eLiift.app/SupportSettings.storyboardc/zRh-tW-5jK-view-QRY-eb-CMj.nib/runtime.nib ... 
8232 bytes for ./Payload/eLiift.app/SupportSettings.storyboardc/zRh-tW-5jK-view-QRY-eb-CMj.nib/runtime.nib
copying file ./Payload/eLiift.app/SupportSettings.storyboardc/zRh-tW-5jK-view-QRY-eb-CMj.nib/objects-14.0+.nib ... 
7674 bytes for ./Payload/eLiift.app/SupportSettings.storyboardc/zRh-tW-5jK-view-QRY-eb-CMj.nib/objects-14.0+.nib
copying file ./Payload/eLiift.app/SupportSettings.storyboardc/vSb-E3-M5Y-view-gAM-9n-X4g.nib/objects-13.0+.nib ... 
6491 bytes for ./Payload/eLiift.app/SupportSettings.storyboardc/vSb-E3-M5Y-view-gAM-9n-X4g.nib/objects-13.0+.nib
copying file ./Payload/eLiift.app/SupportSettings.storyboardc/vSb-E3-M5Y-view-gAM-9n-X4g.nib/runtime.nib ... 
7198 bytes for ./Payload/eLiift.app/SupportSettings.storyboardc/vSb-E3-M5Y-view-gAM-9n-X4g.nib/runtime.nib
copying file ./Payload/eLiift.app/SupportSettings.storyboardc/vSb-E3-M5Y-view-gAM-9n-X4g.nib/objects-14.0+.nib ... 
6491 bytes for ./Payload/eLiift.app/SupportSettings.storyboardc/vSb-E3-M5Y-view-gAM-9n-X4g.nib/objects-14.0+.nib
copying file ./Payload/eLiift.app/SupportSettings.storyboardc/0rw-c4-pt1-view-8FC-iR-JbO.nib/objects-13.0+.nib ... 
11276 bytes for ./Payload/eLiift.app/SupportSettings.storyboardc/0rw-c4-pt1-view-8FC-iR-JbO.nib/objects-13.0+.nib
copying file ./Payload/eLiift.app/SupportSettings.storyboardc/0rw-c4-pt1-view-8FC-iR-JbO.nib/runtime.nib ... 
12186 bytes for ./Payload/eLiift.app/SupportSettings.storyboardc/0rw-c4-pt1-view-8FC-iR-JbO.nib/runtime.nib
copying file ./Payload/eLiift.app/SupportSettings.storyboardc/0rw-c4-pt1-view-8FC-iR-JbO.nib/objects-14.0+.nib ... 
11276 bytes for ./Payload/eLiift.app/SupportSettings.storyboardc/0rw-c4-pt1-view-8FC-iR-JbO.nib/objects-14.0+.nib
copying file ./Payload/eLiift.app/SupportSettings.storyboardc/E1r-25-2kP-view-XUo-hE-Qyp.nib/objects-13.0+.nib ... 
7474 bytes for ./Payload/eLiift.app/SupportSetting
2023-07-17 06:16:36 +0000  s.storyboardc/E1r-25-2kP-view-XUo-hE-Qyp.nib/objects-13.0+.nib
copying file ./Payload/eLiift.app/SupportSettings.storyboardc/E1r-25-2kP-view-XUo-hE-Qyp.nib/runtime.nib ... 
8197 bytes for ./Payload/eLiift.app/SupportSettings.storyboardc/E1r-25-2kP-view-XUo-hE-Qyp.nib/runtime.nib
copying file ./Payload/eLiift.app/SupportSettings.storyboardc/E1r-25-2kP-view-XUo-hE-Qyp.nib/objects-14.0+.nib ... 
7474 bytes for ./Payload/eLiift.app/SupportSettings.storyboardc/E1r-25-2kP-view-XUo-hE-Qyp.nib/objects-14.0+.nib
copying file ./Payload/eLiift.app/SupportSettings.storyboardc/yGj-EU-Ywd-view-E6B-Xc-9OZ.nib/objects-13.0+.nib ... 
14148 bytes for ./Payload/eLiift.app/SupportSettings.storyboardc/yGj-EU-Ywd-view-E6B-Xc-9OZ.nib/objects-13.0+.nib
copying file ./Payload/eLiift.app/SupportSettings.storyboardc/yGj-EU-Ywd-view-E6B-Xc-9OZ.nib/runtime.nib ... 
15732 bytes for ./Payload/eLiift.app/SupportSettings.storyboardc/yGj-EU-Ywd-view-E6B-Xc-9OZ.nib/runtime.nib
copying file ./Payload/eLiift.app/SupportSettings.storyboardc/yGj-EU-Ywd-view-E6B-Xc-9OZ.nib/objects-14.0+.nib ... 
14148 bytes for ./Payload/eLiift.app/SupportSettings.storyboardc/yGj-EU-Ywd-view-E6B-Xc-9OZ.nib/objects-14.0+.nib
copying file ./Payload/eLiift.app/SupportSettings.storyboardc/QLn-2P-Gg0-view-kCU-dK-naG.nib/objects-13.0+.nib ... 
7721 bytes for ./Payload/eLiift.app/SupportSettings.storyboardc/QLn-2P-Gg0-view-kCU-dK-naG.nib/objects-13.0+.nib
copying file ./Payload/eLiift.app/SupportSettings.storyboardc/QLn-2P-Gg0-view-kCU-dK-naG.nib/runtime.nib ... 
8174 bytes for ./Payload/eLiift.app/SupportSettings.storyboardc/QLn-2P-Gg0-view-kCU-dK-naG.nib/runtime.nib
copying file ./Payload/eLiift.app/SupportSettings.storyboardc/QLn-2P-Gg0-view-kCU-dK-naG.nib/objects-14.0+.nib ... 
7721 bytes for ./Payload/eLiift.app/SupportSettings.storyboardc/QLn-2P-Gg0-view-kCU-dK-naG.nib/objects-14.0+.nib
copying file ./Payload/eLiift.app/SupportSettings.storyboardc/4Gr-iT-thp-view-Q1A-ZB-zfi.nib/objects-13.0+.nib ... 
9974 bytes for ./Payload/eLiift.app/SupportSettings.storyboardc/4Gr-iT-thp-view-Q1A-ZB-zfi.nib/objects-13.0+.nib
copying file ./Payload/eLiift.app/SupportSettings.storyboardc/4Gr-iT-thp-view-Q1A-ZB-zfi.nib/runtime.nib ... 
10901 bytes for ./Payload/eLiift.app/SupportSettings.storyboardc/4Gr-iT-thp-view-Q1A-ZB-zfi.nib/runtime.nib
copying file ./Payload/eLiift.app/SupportSettings.storyboardc/4Gr-iT-thp-view-Q1A-ZB-zfi.nib/objects-14.0+.nib ... 
9974 bytes for ./Payload/eLiift.app/SupportSettings.storyboardc/4Gr-iT-thp-view-Q1A-ZB-zfi.nib/objects-14.0+.nib
copying file ./Payload/eLiift.app/SupportSettings.storyboardc/SupportVC.nib/objects-13.0+.nib ... 
1006 bytes for ./Payload/eLiift.app/SupportSettings.storyboardc/SupportVC.nib/objects-13.0+.nib
copying file ./Payload/eLiift.app/SupportSettings.storyboardc/SupportVC.nib/runtime.nib ... 
1006 bytes for ./Payload/eLiift.app/SupportSettings.storyboardc/SupportVC.nib/runtime.nib
copying file ./Payload/eLiift.app/SupportSettings.storyboardc/SupportVC.nib/objects-14.0+.nib ... 
1006 bytes for ./Payload/eLiift.app/SupportSettings.storyboardc/SupportVC.nib/objects-14.0+.nib
copying file ./Payload/eLiift.app/SupportSettings.storyboardc/SettingsVC.nib/objects-13.0+.nib ... 
1009 bytes for ./Payload/eLiift.app/SupportSettings.storyboardc/SettingsVC.nib/objects-13.0+.nib
copying file ./Payload/eLiift.app/SupportSettings.storyboardc/SettingsVC.nib/runtime.nib ... 
1009 bytes for ./Payload/eLiift.app/SupportSettings.storyboardc/SettingsVC.nib/runtime.nib
copying file ./Payload/eLiift.app/SupportSettings.storyboardc/SettingsVC.nib/objects-14.0+.nib ... 
1009 bytes for ./Payload/eLiift.app/SupportSettings.storyboardc/SettingsVC.nib/objects-14.0+.nib
copying file ./Payload/eLiift.app/SupportSettings.storyboardc/ChatMsgVC.nib/objects-13.0+.nib ... 
1006 bytes for ./Payload/eLiift.app/SupportSettings.storyboardc/ChatMsgVC.nib/objects-13.0+.nib
copying file ./Payload/eLiift.app/SupportSettings.storyboardc/ChatMsgVC.nib/runtime.nib ... 
1006 bytes for ./Payload/eLiift.app/SupportSettings.storyboardc/ChatMsgVC.nib/runtime.nib
copying file ./Payload/eLiif
2023-07-17 06:16:36 +0000  t.app/SupportSettings.storyboardc/ChatMsgVC.nib/objects-14.0+.nib ... 
1006 bytes for ./Payload/eLiift.app/SupportSettings.storyboardc/ChatMsgVC.nib/objects-14.0+.nib
copying file ./Payload/eLiift.app/SupportSettings.storyboardc/hRQ-mJ-hFq-view-sYr-Ox-PSn.nib/objects-13.0+.nib ... 
9060 bytes for ./Payload/eLiift.app/SupportSettings.storyboardc/hRQ-mJ-hFq-view-sYr-Ox-PSn.nib/objects-13.0+.nib
copying file ./Payload/eLiift.app/SupportSettings.storyboardc/hRQ-mJ-hFq-view-sYr-Ox-PSn.nib/runtime.nib ... 
9872 bytes for ./Payload/eLiift.app/SupportSettings.storyboardc/hRQ-mJ-hFq-view-sYr-Ox-PSn.nib/runtime.nib
copying file ./Payload/eLiift.app/SupportSettings.storyboardc/hRQ-mJ-hFq-view-sYr-Ox-PSn.nib/objects-14.0+.nib ... 
9060 bytes for ./Payload/eLiift.app/SupportSettings.storyboardc/hRQ-mJ-hFq-view-sYr-Ox-PSn.nib/objects-14.0+.nib
copying file ./Payload/eLiift.app/SupportSettings.storyboardc/HolidayVC.nib/objects-13.0+.nib ... 
1006 bytes for ./Payload/eLiift.app/SupportSettings.storyboardc/HolidayVC.nib/objects-13.0+.nib
copying file ./Payload/eLiift.app/SupportSettings.storyboardc/HolidayVC.nib/runtime.nib ... 
1006 bytes for ./Payload/eLiift.app/SupportSettings.storyboardc/HolidayVC.nib/runtime.nib
copying file ./Payload/eLiift.app/SupportSettings.storyboardc/HolidayVC.nib/objects-14.0+.nib ... 
1006 bytes for ./Payload/eLiift.app/SupportSettings.storyboardc/HolidayVC.nib/objects-14.0+.nib
copying file ./Payload/eLiift.app/SupportSettings.storyboardc/ReferVC.nib/objects-13.0+.nib ... 
1002 bytes for ./Payload/eLiift.app/SupportSettings.storyboardc/ReferVC.nib/objects-13.0+.nib
copying file ./Payload/eLiift.app/SupportSettings.storyboardc/ReferVC.nib/runtime.nib ... 
1002 bytes for ./Payload/eLiift.app/SupportSettings.storyboardc/ReferVC.nib/runtime.nib
copying file ./Payload/eLiift.app/SupportSettings.storyboardc/ReferVC.nib/objects-14.0+.nib ... 
1002 bytes for ./Payload/eLiift.app/SupportSettings.storyboardc/ReferVC.nib/objects-14.0+.nib
copying file ./Payload/eLiift.app/SupportSettings.storyboardc/PrivacyVC.nib/objects-13.0+.nib ... 
1006 bytes for ./Payload/eLiift.app/SupportSettings.storyboardc/PrivacyVC.nib/objects-13.0+.nib
copying file ./Payload/eLiift.app/SupportSettings.storyboardc/PrivacyVC.nib/runtime.nib ... 
1006 bytes for ./Payload/eLiift.app/SupportSettings.storyboardc/PrivacyVC.nib/runtime.nib
copying file ./Payload/eLiift.app/SupportSettings.storyboardc/PrivacyVC.nib/objects-14.0+.nib ... 
1006 bytes for ./Payload/eLiift.app/SupportSettings.storyboardc/PrivacyVC.nib/objects-14.0+.nib
copying file ./Payload/eLiift.app/SupportSettings.storyboardc/CarpoolingVC.nib/objects-13.0+.nib ... 
1013 bytes for ./Payload/eLiift.app/SupportSettings.storyboardc/CarpoolingVC.nib/objects-13.0+.nib
copying file ./Payload/eLiift.app/SupportSettings.storyboardc/CarpoolingVC.nib/runtime.nib ... 
1013 bytes for ./Payload/eLiift.app/SupportSettings.storyboardc/CarpoolingVC.nib/runtime.nib
copying file ./Payload/eLiift.app/SupportSettings.storyboardc/CarpoolingVC.nib/objects-14.0+.nib ... 
1013 bytes for ./Payload/eLiift.app/SupportSettings.storyboardc/CarpoolingVC.nib/objects-14.0+.nib
copying file ./Payload/eLiift.app/SupportSettings.storyboardc/fmO-HD-aDz-view-eM5-sr-yaf.nib/objects-13.0+.nib ... 
6073 bytes for ./Payload/eLiift.app/SupportSettings.storyboardc/fmO-HD-aDz-view-eM5-sr-yaf.nib/objects-13.0+.nib
copying file ./Payload/eLiift.app/SupportSettings.storyboardc/fmO-HD-aDz-view-eM5-sr-yaf.nib/runtime.nib ... 
6541 bytes for ./Payload/eLiift.app/SupportSettings.storyboardc/fmO-HD-aDz-view-eM5-sr-yaf.nib/runtime.nib
copying file ./Payload/eLiift.app/SupportSettings.storyboardc/fmO-HD-aDz-view-eM5-sr-yaf.nib/objects-14.0+.nib ... 
6073 bytes for ./Payload/eLiift.app/SupportSettings.storyboardc/fmO-HD-aDz-view-eM5-sr-yaf.nib/objects-14.0+.nib
copying file ./Payload/eLiift.app/SupportSettings.storyboardc/VerifyOrgVC.nib/objects-13.0+.nib ... 
1011 bytes for ./Payload/eLiift.app/SupportSettings.storyboardc/VerifyOrgVC.nib/objects-13.0+.nib
copying file ./Payload/eLiift.app/SupportSettings.storyboardc/VerifyOrgVC.nib/runt
2023-07-17 06:16:36 +0000  ime.nib ... 
1011 bytes for ./Payload/eLiift.app/SupportSettings.storyboardc/VerifyOrgVC.nib/runtime.nib
copying file ./Payload/eLiift.app/SupportSettings.storyboardc/VerifyOrgVC.nib/objects-14.0+.nib ... 
1011 bytes for ./Payload/eLiift.app/SupportSettings.storyboardc/VerifyOrgVC.nib/objects-14.0+.nib
copying file ./Payload/eLiift.app/SupportSettings.storyboardc/SelectAddressVC.nib/objects-13.0+.nib ... 
1019 bytes for ./Payload/eLiift.app/SupportSettings.storyboardc/SelectAddressVC.nib/objects-13.0+.nib
copying file ./Payload/eLiift.app/SupportSettings.storyboardc/SelectAddressVC.nib/runtime.nib ... 
1019 bytes for ./Payload/eLiift.app/SupportSettings.storyboardc/SelectAddressVC.nib/runtime.nib
copying file ./Payload/eLiift.app/SupportSettings.storyboardc/SelectAddressVC.nib/objects-14.0+.nib ... 
1019 bytes for ./Payload/eLiift.app/SupportSettings.storyboardc/SelectAddressVC.nib/objects-14.0+.nib
copying file ./Payload/eLiift.app/SupportSettings.storyboardc/bYw-2m-Eun-view-thS-Ch-VAt.nib/objects-13.0+.nib ... 
6932 bytes for ./Payload/eLiift.app/SupportSettings.storyboardc/bYw-2m-Eun-view-thS-Ch-VAt.nib/objects-13.0+.nib
copying file ./Payload/eLiift.app/SupportSettings.storyboardc/bYw-2m-Eun-view-thS-Ch-VAt.nib/runtime.nib ... 
7490 bytes for ./Payload/eLiift.app/SupportSettings.storyboardc/bYw-2m-Eun-view-thS-Ch-VAt.nib/runtime.nib
copying file ./Payload/eLiift.app/SupportSettings.storyboardc/bYw-2m-Eun-view-thS-Ch-VAt.nib/objects-14.0+.nib ... 
6932 bytes for ./Payload/eLiift.app/SupportSettings.storyboardc/bYw-2m-Eun-view-thS-Ch-VAt.nib/objects-14.0+.nib
copying file ./Payload/eLiift.app/SupportSettings.storyboardc/CompanySearchVC.nib/objects-13.0+.nib ... 
1019 bytes for ./Payload/eLiift.app/SupportSettings.storyboardc/CompanySearchVC.nib/objects-13.0+.nib
copying file ./Payload/eLiift.app/SupportSettings.storyboardc/CompanySearchVC.nib/runtime.nib ... 
1019 bytes for ./Payload/eLiift.app/SupportSettings.storyboardc/CompanySearchVC.nib/runtime.nib
copying file ./Payload/eLiift.app/SupportSettings.storyboardc/CompanySearchVC.nib/objects-14.0+.nib ... 
1019 bytes for ./Payload/eLiift.app/SupportSettings.storyboardc/CompanySearchVC.nib/objects-14.0+.nib
copying file ./Payload/eLiift.app/SupportSettings.storyboardc/sPy-qO-qoz-view-W2d-0u-qtP.nib/objects-13.0+.nib ... 
6491 bytes for ./Payload/eLiift.app/SupportSettings.storyboardc/sPy-qO-qoz-view-W2d-0u-qtP.nib/objects-13.0+.nib
copying file ./Payload/eLiift.app/SupportSettings.storyboardc/sPy-qO-qoz-view-W2d-0u-qtP.nib/runtime.nib ... 
7198 bytes for ./Payload/eLiift.app/SupportSettings.storyboardc/sPy-qO-qoz-view-W2d-0u-qtP.nib/runtime.nib
copying file ./Payload/eLiift.app/SupportSettings.storyboardc/sPy-qO-qoz-view-W2d-0u-qtP.nib/objects-14.0+.nib ... 
6491 bytes for ./Payload/eLiift.app/SupportSettings.storyboardc/sPy-qO-qoz-view-W2d-0u-qtP.nib/objects-14.0+.nib
copying file ./Payload/eLiift.app/SupportSettings.storyboardc/xHv-zp-vkB-view-ixZ-ZF-9AJ.nib/objects-13.0+.nib ... 
10484 bytes for ./Payload/eLiift.app/SupportSettings.storyboardc/xHv-zp-vkB-view-ixZ-ZF-9AJ.nib/objects-13.0+.nib
copying file ./Payload/eLiift.app/SupportSettings.storyboardc/xHv-zp-vkB-view-ixZ-ZF-9AJ.nib/runtime.nib ... 
11015 bytes for ./Payload/eLiift.app/SupportSettings.storyboardc/xHv-zp-vkB-view-ixZ-ZF-9AJ.nib/runtime.nib
copying file ./Payload/eLiift.app/SupportSettings.storyboardc/xHv-zp-vkB-view-ixZ-ZF-9AJ.nib/objects-14.0+.nib ... 
10484 bytes for ./Payload/eLiift.app/SupportSettings.storyboardc/xHv-zp-vkB-view-ixZ-ZF-9AJ.nib/objects-14.0+.nib
copying file ./Payload/eLiift.app/SupportSettings.storyboardc/BWI-sT-tVJ-view-o5z-uQ-nIX.nib/objects-13.0+.nib ... 
6619 bytes for ./Payload/eLiift.app/SupportSettings.storyboardc/BWI-sT-tVJ-view-o5z-uQ-nIX.nib/objects-13.0+.nib
copying file ./Payload/eLiift.app/SupportSettings.storyboardc/BWI-sT-tVJ-view-o5z-uQ-nIX.nib/runtime.nib ... 
7083 bytes for ./Payload/eLiift.app/SupportSettings.storyboardc/BWI-sT-tVJ-view-o5z-uQ-nIX.nib/runtime.nib
copying file ./Payload/eLiift.app/SupportSettings.storyboardc/BWI-sT-tVJ-view-o5z-uQ-nIX.nib/objects
2023-07-17 06:16:36 +0000  -14.0+.nib ... 
6619 bytes for ./Payload/eLiift.app/SupportSettings.storyboardc/BWI-sT-tVJ-view-o5z-uQ-nIX.nib/objects-14.0+.nib
copying file ./Payload/eLiift.app/SupportSettings.storyboardc/BlockFavVC.nib/objects-13.0+.nib ... 
1009 bytes for ./Payload/eLiift.app/SupportSettings.storyboardc/BlockFavVC.nib/objects-13.0+.nib
copying file ./Payload/eLiift.app/SupportSettings.storyboardc/BlockFavVC.nib/runtime.nib ... 
1009 bytes for ./Payload/eLiift.app/SupportSettings.storyboardc/BlockFavVC.nib/runtime.nib
copying file ./Payload/eLiift.app/SupportSettings.storyboardc/BlockFavVC.nib/objects-14.0+.nib ... 
1009 bytes for ./Payload/eLiift.app/SupportSettings.storyboardc/BlockFavVC.nib/objects-14.0+.nib
copying file ./Payload/eLiift.app/SupportSettings.storyboardc/OfferVC.nib/objects-13.0+.nib ... 
1002 bytes for ./Payload/eLiift.app/SupportSettings.storyboardc/OfferVC.nib/objects-13.0+.nib
copying file ./Payload/eLiift.app/SupportSettings.storyboardc/OfferVC.nib/runtime.nib ... 
1002 bytes for ./Payload/eLiift.app/SupportSettings.storyboardc/OfferVC.nib/runtime.nib
copying file ./Payload/eLiift.app/SupportSettings.storyboardc/OfferVC.nib/objects-14.0+.nib ... 
1002 bytes for ./Payload/eLiift.app/SupportSettings.storyboardc/OfferVC.nib/objects-14.0+.nib
copying file ./Payload/eLiift.app/SupportSettings.storyboardc/fcw-5Y-OYo-view-Phd-1u-kEg.nib/objects-13.0+.nib ... 
8824 bytes for ./Payload/eLiift.app/SupportSettings.storyboardc/fcw-5Y-OYo-view-Phd-1u-kEg.nib/objects-13.0+.nib
copying file ./Payload/eLiift.app/SupportSettings.storyboardc/fcw-5Y-OYo-view-Phd-1u-kEg.nib/runtime.nib ... 
9322 bytes for ./Payload/eLiift.app/SupportSettings.storyboardc/fcw-5Y-OYo-view-Phd-1u-kEg.nib/runtime.nib
copying file ./Payload/eLiift.app/SupportSettings.storyboardc/fcw-5Y-OYo-view-Phd-1u-kEg.nib/objects-14.0+.nib ... 
8824 bytes for ./Payload/eLiift.app/SupportSettings.storyboardc/fcw-5Y-OYo-view-Phd-1u-kEg.nib/objects-14.0+.nib
copying file ./Payload/eLiift.app/SupportSettings.storyboardc/dbt-kX-jKR-view-kex-JC-zxJ.nib/objects-13.0+.nib ... 
7428 bytes for ./Payload/eLiift.app/SupportSettings.storyboardc/dbt-kX-jKR-view-kex-JC-zxJ.nib/objects-13.0+.nib
copying file ./Payload/eLiift.app/SupportSettings.storyboardc/dbt-kX-jKR-view-kex-JC-zxJ.nib/runtime.nib ... 
7993 bytes for ./Payload/eLiift.app/SupportSettings.storyboardc/dbt-kX-jKR-view-kex-JC-zxJ.nib/runtime.nib
copying file ./Payload/eLiift.app/SupportSettings.storyboardc/dbt-kX-jKR-view-kex-JC-zxJ.nib/objects-14.0+.nib ... 
7428 bytes for ./Payload/eLiift.app/SupportSettings.storyboardc/dbt-kX-jKR-view-kex-JC-zxJ.nib/objects-14.0+.nib
copying file ./Payload/eLiift.app/SupportSettings.storyboardc/ChatVC.nib/objects-13.0+.nib ... 
1000 bytes for ./Payload/eLiift.app/SupportSettings.storyboardc/ChatVC.nib/objects-13.0+.nib
copying file ./Payload/eLiift.app/SupportSettings.storyboardc/ChatVC.nib/runtime.nib ... 
1000 bytes for ./Payload/eLiift.app/SupportSettings.storyboardc/ChatVC.nib/runtime.nib
copying file ./Payload/eLiift.app/SupportSettings.storyboardc/ChatVC.nib/objects-14.0+.nib ... 
1000 bytes for ./Payload/eLiift.app/SupportSettings.storyboardc/ChatVC.nib/objects-14.0+.nib
copying file ./Payload/eLiift.app/SupportSettings.storyboardc/PDY-3X-ezL-view-ctP-Yj-FYk.nib/objects-13.0+.nib ... 
17326 bytes for ./Payload/eLiift.app/SupportSettings.storyboardc/PDY-3X-ezL-view-ctP-Yj-FYk.nib/objects-13.0+.nib
copying file ./Payload/eLiift.app/SupportSettings.storyboardc/PDY-3X-ezL-view-ctP-Yj-FYk.nib/runtime.nib ... 
19757 bytes for ./Payload/eLiift.app/SupportSettings.storyboardc/PDY-3X-ezL-view-ctP-Yj-FYk.nib/runtime.nib
copying file ./Payload/eLiift.app/SupportSettings.storyboardc/PDY-3X-ezL-view-ctP-Yj-FYk.nib/objects-14.0+.nib ... 
17326 bytes for ./Payload/eLiift.app/SupportSettings.storyboardc/PDY-3X-ezL-view-ctP-Yj-FYk.nib/objects-14.0+.nib
copying file ./Payload/eLiift.app/SupportSettings.storyboardc/Info.plist ... 
656 bytes for ./Payload/eLiift.app/SupportSettings.storyboardc/Info.plist
copying file ./Payload/eLiift.app/OfferCell.nib ... 
5836 bytes for ./Payload/eLiift.app/Off
2023-07-17 06:16:36 +0000  /usr/bin/ditto exited with 0
2023-07-17 06:16:36 +0000  erCell.nib
copying file ./Payload/eLiift.app/PkgInfo ... 
8 bytes for ./Payload/eLiift.app/PkgInfo
copying file ./Payload/eLiift.app/RideInfoCell.nib/objects-13.0+.nib ... 
13316 bytes for ./Payload/eLiift.app/RideInfoCell.nib/objects-13.0+.nib
copying file ./Payload/eLiift.app/RideInfoCell.nib/runtime.nib ... 
15116 bytes for ./Payload/eLiift.app/RideInfoCell.nib/runtime.nib
copying file ./Payload/eLiift.app/RideInfoCell.nib/objects-14.0+.nib ... 
12075 bytes for ./Payload/eLiift.app/RideInfoCell.nib/objects-14.0+.nib
copying file ./AppThinning.plist ... 
228 bytes for ./AppThinning.plist
2023-07-17 06:16:36 +0000  Processing step: IDEDistributionAppStoreInformationStep
2023-07-17 06:16:37 +0000  Skipping step: IDEDistributionAppStoreInformationStep because it said so
2023-07-17 06:16:37 +0000  Processing step: IDEDistributionGenerateProcessedDistributionItems
2023-07-17 06:16:37 +0000  IDEDistributionItem init <DVTFilePath:0x600011818d00:'/var/folders/jk/cq_68h790_s6pqybtrp646840000gn/T/XcodeDistPipeline.~~~AFayZA/Root/Payload/eLiift.app/Frameworks/CountryPickerView.framework'>
2023-07-17 06:16:37 +0000  IDEDistributionItem init <DVTFilePath:0x600009a40b80:'/var/folders/jk/cq_68h790_s6pqybtrp646840000gn/T/XcodeDistPipeline.~~~AFayZA/Root/Payload/eLiift.app/Frameworks/FirebaseDatabase.framework'>
2023-07-17 06:16:37 +0000  IDEDistributionItem init <DVTFilePath:0x60001dd4d2d0:'/var/folders/jk/cq_68h790_s6pqybtrp646840000gn/T/XcodeDistPipeline.~~~AFayZA/Root/Payload/eLiift.app/Frameworks/RxSwift.framework'>
2023-07-17 06:16:37 +0000  IDEDistributionItem init <DVTFilePath:0x60001dd72760:'/var/folders/jk/cq_68h790_s6pqybtrp646840000gn/T/XcodeDistPipeline.~~~AFayZA/Root/Payload/eLiift.app/Frameworks/Cosmos.framework'>
2023-07-17 06:16:37 +0000  IDEDistributionItem init <DVTFilePath:0x60001dd7c770:'/var/folders/jk/cq_68h790_s6pqybtrp646840000gn/T/XcodeDistPipeline.~~~AFayZA/Root/Payload/eLiift.app/Frameworks/GeoFire.framework'>
2023-07-17 06:16:37 +0000  IDEDistributionItem init <DVTFilePath:0x60001dd7ca80:'/var/folders/jk/cq_68h790_s6pqybtrp646840000gn/T/XcodeDistPipeline.~~~AFayZA/Root/Payload/eLiift.app/Frameworks/Kingfisher.framework'>
2023-07-17 06:16:37 +0000  IDEDistributionItem init <DVTFilePath:0x600011818c80:'/var/folders/jk/cq_68h790_s6pqybtrp646840000gn/T/XcodeDistPipeline.~~~AFayZA/Root/Payload/eLiift.app/Frameworks/GoogleDataTransport.framework'>
2023-07-17 06:16:37 +0000  IDEDistributionItem init <DVTFilePath:0x600011818f00:'/var/folders/jk/cq_68h790_s6pqybtrp646840000gn/T/XcodeDistPipeline.~~~AFayZA/Root/Payload/eLiift.app/Frameworks/SkyFloatingLabelTextField.framework'>
2023-07-17 06:16:38 +0000  IDEDistributionItem init <DVTFilePath:0x60000d962380:'/var/folders/jk/cq_68h790_s6pqybtrp646840000gn/T/XcodeDistPipeline.~~~AFayZA/Root/Payload/eLiift.app/Frameworks/StarscreamSocketIO.framework'>
2023-07-17 06:16:38 +0000  IDEDistributionItem init <DVTFilePath:0x60001dd7d8f0:'/var/folders/jk/cq_68h790_s6pqybtrp646840000gn/T/XcodeDistPipeline.~~~AFayZA/Root/Payload/eLiift.app/Frameworks/FBLPromises.framework'>
2023-07-17 06:16:38 +0000  IDEDistributionItem init <DVTFilePath:0x60001dd68460:'/var/folders/jk/cq_68h790_s6pqybtrp646840000gn/T/XcodeDistPipeline.~~~AFayZA/Root/Payload/eLiift.app/Frameworks/Razorpay.framework'>
2023-07-17 06:16:38 +0000  IDEDistributionItem init <DVTFilePath:0x60001dd7ce70:'/var/folders/jk/cq_68h790_s6pqybtrp646840000gn/T/XcodeDistPipeline.~~~AFayZA/Root/Payload/eLiift.app/Frameworks/PINOperation.framework'>
2023-07-17 06:16:38 +0000  IDEDistributionItem init <DVTFilePath:0x600011f30850:'/var/folders/jk/cq_68h790_s6pqybtrp646840000gn/T/XcodeDistPipeline.~~~AFayZA/Root/Payload/eLiift.app/Frameworks/FirebaseCore.framework'>
2023-07-17 06:16:38 +0000  IDEDistributionItem init <DVTFilePath:0x60001dd41960:'/var/folders/jk/cq_68h790_s6pqybtrp646840000gn/T/XcodeDistPipeline.~~~AFayZA/Root/Payload/eLiift.app/Frameworks/RxCocoa.framework'>
2023-07-17 06:16:38 +0000  IDEDistributionItem init <DVTFilePath:0x600011818e80:'/var/folders/jk/cq_68h790_s6pqybtrp646840000gn/T/XcodeDistPipeline.~~~AFayZA/Root/Payload/eLiift.app/Frameworks/PINRemoteImage.framework'>
2023-07-17 06:16:38 +0000  IDEDistributionItem init <DVTFilePath:0x60001dd7dce0:'/var/folders/jk/cq_68h790_s6pqybtrp646840000gn/T/XcodeDistPipeline.~~~AFayZA/Root/Payload/eLiift.app/Frameworks/nanopb.framework'>
2023-07-17 06:16:38 +0000  IDEDistributionItem init <DVTFilePath:0x60001dd41c70:'/var/folders/jk/cq_68h790_s6pqybtrp646840000gn/T/XcodeDistPipeline.~~~AFayZA/Root/Payload/eLiift.app/Frameworks/Lottie.framework'>
2023-07-17 06:16:38 +0000  IDEDistributionItem init <DVTFilePath:0x600011818c00:'/var/folders/jk/cq_68h790_s6pqybtrp646840000gn/T/XcodeDistPipeline.~~~AFayZA/Root/Payload/eLiift.app/Frameworks/GoogleUtilities.framework'>
2023-07-17 06:16:38 +0000  IDEDistributionItem init <DVTFilePath:0x60001dd7dff0:'/var/folders/jk/cq_68h790_s6pqybtrp646840000gn/T/XcodeDistPipeline.~~~AFayZA/Root/Payload/eLiift.app/Frameworks/StepSlider.framework'>
2023-07-17 06:16:38 +0000  IDEDistributionItem init <DVTFilePath:0x60001dd7a450:'/var/folders/jk/cq_68h790_s6pqybtrp646840000gn/T/XcodeDistPipeline.~~~AFayZA/Root/Payload/eLiift.app/Frameworks/DropDown.framework'>
2023-07-17 06:16:38 +0000  IDEDistributionItem init <DVTFilePath:0x60001dd7d260:'/var/folders/jk/cq_68h790_s6pqybtrp646840000gn/T/XcodeDistPipeline.~~~AFayZA/Root/Payload/eLiift.app/Frameworks/RxRelay.framework'>
2023-07-17 06:16:38 +0000  IDEDistributionItem init <DVTFilePath:0x600011818b80:'/var/folders/jk/cq_68h790_s6pqybtrp646840000gn/T/XcodeDistPipeline.~~~AFayZA/Root/Payload/eLiift.app/Frameworks/FirebaseInstallations.framework'>
2023-07-17 06:16:38 +0000  IDEDistributionItem init <DVTFilePath:0x600011818e00:'/var/folders/jk/cq_68h790_s6pqybtrp646840000gn/T/XcodeDistPipeline.~~~AFayZA/Root/Payload/eLiift.app/Frameworks/FirebaseABTesting.framework'>
2023-07-17 06:16:38 +0000  IDEDistributionItem init <DVTFilePath:0x60001dd7d570:'/var/folders/jk/cq_68h790_s6pqybtrp646840000gn/T/XcodeDistPipeline.~~~AFayZA/Root/Payload/eLiift.app/Frameworks/SwiftEventBus.framework'>
2023-07-17 06:16:38 +0000  IDEDistributionItem init <DVTFilePath:0x60001dd49ab0:'/var/folders/jk/cq_68h790_s6pqybtrp646840000gn/T/XcodeDistPipeline.~~~AFayZA/Root/Payload/eLiift.app/Frameworks/leveldb.framework'>
2023-07-17 06:16:38 +0000  IDEDistributionItem init <DVTFilePath:0x60001dd40cb0:'/var/folders/jk/cq_68h790_s6pqybtrp646840000gn/T/XcodeDistPipeline.~~~AFayZA/Root/Payload/eLiift.app/Frameworks/SideMenuSwift.framework'>
2023-07-17 06:16:38 +0000  IDEDistributionItem init <DVTFilePath:0x60001dd79490:'/var/folders/jk/cq_68h790_s6pqybtrp646840000gn/T/XcodeDistPipeline.~~~AFayZA/Root/Payload/eLiift.app/Frameworks/SwiftyJSON.framework'>
2023-07-17 06:16:38 +0000  IDEDistributionItem init <DVTFilePath:0x600011811400:'/var/folders/jk/cq_68h790_s6pqybtrp646840000gn/T/XcodeDistPipeline.~~~AFayZA/Root/Payload/eLiift.app/Frameworks/IQKeyboardManagerSwift.framework'>
2023-07-17 06:16:38 +0000  IDEDistributionItem init <DVTFilePath:0x60001dd49dc0:'/var/folders/jk/cq_68h790_s6pqybtrp646840000gn/T/XcodeDistPipeline.~~~AFayZA/Root/Payload/eLiift.app/Frameworks/Stripe.framework'>
2023-07-17 06:16:38 +0000  IDEDistributionItem init <DVTFilePath:0x600011818d80:'/var/folders/jk/cq_68h790_s6pqybtrp646840000gn/T/XcodeDistPipeline.~~~AFayZA/Root/Payload/eLiift.app/Frameworks/FirebaseMessaging.framework'>
2023-07-17 06:16:38 +0000  IDEDistributionItem init <DVTFilePath:0x60001dd72370:'/var/folders/jk/cq_68h790_s6pqybtrp646840000gn/T/XcodeDistPipeline.~~~AFayZA/Root/Payload/eLiift.app/Frameworks/PINCache.framework'>
2023-07-17 06:16:38 +0000  IDEDistributionItem init <DVTFilePath:0x60001dd79dc0:'/var/folders/jk/cq_68h790_s6pqybtrp646840000gn/T/XcodeDistPipeline.~~~AFayZA/Root/Payload/eLiift.app/Frameworks/SocketIO.framework'>
2023-07-17 06:16:38 +0000  IDEDistributionItem init <DVTFilePath:0x60001dd4cee0:'/var/folders/jk/cq_68h790_s6pqybtrp646840000gn/T/XcodeDistPipeline.~~~AFayZA/Root/Payload/eLiift.app/Frameworks/JWTDecode.framework'>
2023-07-17 06:16:38 +0000  IDEDistributionItem init <DVTFilePath:0x600011810e80:'/var/folders/jk/cq_68h790_s6pqybtrp646840000gn/T/XcodeDistPipeline.~~~AFayZA/Root/Payload/eLiift.app/Frameworks/FirebaseCoreDiagnostics.framework'>
2023-07-17 06:16:38 +0000  IDEDistributionItem init <DVTFilePath:0x60000d960d80:'/var/folders/jk/cq_68h790_s6pqybtrp646840000gn/T/XcodeDistPipeline.~~~AFayZA/Root/Payload/eLiift.app/Frameworks/libswift_Concurrency.dylib'>
2023-07-17 06:16:38 +0000  [OPTIONAL] Can't have a profile, not a bundle at <DVTFilePath:0x60000d960d80:'/var/folders/jk/cq_68h790_s6pqybtrp646840000gn/T/XcodeDistPipeline.~~~AFayZA/Root/Payload/eLiift.app/Frameworks/libswift_Concurrency.dylib'>
2023-07-17 06:16:38 +0000  IDEDistributionItem init <DVTFilePath:0x60001dd68af0:'/var/folders/jk/cq_68h790_s6pqybtrp646840000gn/T/XcodeDistPipeline.~~~AFayZA/Root/Payload/eLiift.app/Frameworks/MarqueeLabel.framework'>
2023-07-17 06:16:38 +0000  IDEDistributionItem init <DVTFilePath:0x60000d963d80:'/var/folders/jk/cq_68h790_s6pqybtrp646840000gn/T/XcodeDistPipeline.~~~AFayZA/Root/Payload/eLiift.app/Frameworks/FirebaseRemoteConfig.framework'>
2023-07-17 06:16:38 +0000  IDEDistributionItem init <DVTFilePath:0x60001dd23090:'/var/folders/jk/cq_68h790_s6pqybtrp646840000gn/T/XcodeDistPipeline.~~~AFayZA/Root/Payload/eLiift.app'>
2023-07-17 06:16:38 +0000  Processing step: IDEDistributionCreateManifestStep
